token_address,token_symbol,decimal
0x00000000000050806673b532d7486ac114c1de3f,LO0P,18
0x0000000000085d4780b73119b644ae5ecd22b376,TUSD,18
0x0000000000a39bb272e79075ade125fd351887ac,,18
0x0000000000c5dc95539589fbd24be07c6c14eca4,CULT,18
0x00000000efe302beaa2b3e6e1b18d08d69a9012a,AUSD,6
0x000000fa00b200406de700041cfc6b19bbfb4d13,TOWNS,18
0x000006c2a22ff4a44ff1f5d0f2ed65f781f55555,ZKC,18
0x0000e3705d8735ee724a76f3440c0a7ea721ed00,SAITAMA,9
0x0001a500a6b18995b03f44bb040a5ffc28e45cb0,OLAS,18
0x000caba1002917b27300d7b67be2d1c51b93bf00,CAMEL,18
0x00156762ef11d1e8ba5aa4c7daac8afea3fed29c,NI69000,18
0x001ecb6f2e5834af160733e7a503783e05e3df21,BABEL,9
0x005c2bfe169ccea18efbe5900462d8dbfea045cf,LEET,9
0x00730f808c65b9dffe20c147bafd53ef3093e3b4,USDT,6
0x00a0be1bbc0c99898df7e6524bf16e893c1e3bb9,VPS,18
0x00bac91fd8f5b4a0dc03c8021139b76f6549ee7e,KAIO,18
0x00c2999c8b2adf4abc835cc63209533973718eb1,STATE,18
0x00c83aecc790e8a4453e5dd3b0b4b3680501a7a7,SKL,18
0x00d5bbd0fe275efee371a2b34d0a4b95b0c8aaaa,SNOVA-POS,0
0x00da8466b296e382e5da2bf20962d0cb87200c78,NOVA,18
0x00e2b6d170740c15bf9fb01d0b6e77c0d4510e32,DOG,18
0x00f3c42833c3170159af4e92dbb451fb3f708917,ICP,8
0x0100546f2cd4c9d97f798ffc9755e47865ff7ee6,alETH,18
0x0112e088c443dd0f7efca7c4ee8e384d26829ad8,SHIBEUS,9
0x011e55d2b28306458e37ca7e997c879bb25a455d,jrUSDat,18
0x015396e1f286289ae23a762088e863b3ec465145,variableDebtEthUSDe,18
0x01791f726b4103694969820be083196cc7c045ff,YB,18
0x01a8b61e7b03891a736b5df865e0ef9c511850ad,syBTC,8
0x01ba69727e2860b37bc1a2bd56999c1afb4c15d8,ynRWAx,18
0x01e47e6997d29d1a1e0d42b963cc68f73147d59f,HENRY,9
0x01ea5c82626e15847f75d07eefbb1b97a772d110,SPCE,18
0x02695c52d136b94e814461695d650f2c3a24a0a4,0xDOGE,8
0x02a711f8d8aeff98244fe81d624f6a939a0cd90d,Wise words,9
0x02e7f808990638e9e67e1f00313037ede2362361,KIBSHI,18
0x02f823a0883de2f77b229fad77ac139c70622541,឵឵ԜᎬΤH,18
0x02f92800f57bcd74066f5709f1daa1a4302df875,PEAS,18
0x0305f515fa978cf87226cf8a9776d25bcfb2cc0b,PEPE2.0,18
0x031de51f3e8016514bd0963d0b2ab825a591db9a,ESP,18
0x03430dd1587ae2a55be35331dd9b8937cb6d60fc,ĖTḨ,18
0x034383cf2ea2b355f9bd2ec8cbfdf4c2ef040110,neitzshce,18
0x03460701a0c0e28d0d7e6f377611ca44b5343930,Buzzer,9
0x035366daef2534e5293ccd825a19b71d37644b65,GREED,0
0x037a54aab062628c9bbae1fdb1583c195585fe41,LCX,18
0x0391d2021f89dc339f60fff84546ea23e337750f,BOND,18
0x03ab458634910aad20ef5f1c8ee96f1d6ac54919,RAI,18
0x03f1954443e73513a6fa6840685488a379ed6f64,YT-reUSD-25JUN2026,6
0x041ff0e49f6f774e7dc7bd10ee4a14c00b1d80b2,ASE,18
0x04353f11bf16cf631ca339a603cbdf9bde74b93f,ETH,18
0x046eee2cc3188071c02bfc1745a6b17c656e3f3d,RLB,18
0x0492560fa7cfd6a85e50d8be3f77318994f8f429,fwUSDC,6
0x04acaf8d2865c0714f79da09645c13fd2888977f,WFRAX,18
0x04c154b66cb340f3ae24111cc767e0184ed00cc6,pxETH,18
0x04c46e830bb56ce22735d5d8fc9cb90309317d0f,EKUBO,18
0x04ccd55dfe8de5a356a889571a5a3a416c415334,DOGIUS,9
0x04f8dca7bccd8997ac57ca6fef7c705e17d6bcb6,SY-apyUSD,18
0x04fa0d235c4abf4bcf4787af4cf447de572ef828,UMA,18
0x050362ab1072cb2ce74d74770e22a3203ad04ee5,MUon,18
0x0511df77e420c9c37b065ddb7973d0f81430a092,ENX,18
0x05448fead46d1aff0f48f61ef8c42736db917747,ꓴЅⅮС,9
0x056fd409e1d7a124bd7017459dfea2f387b6d5cd,GUSD,2
0x05a8558a1482932be97bd1c7e24d279fdc9a9c9a,DZEGO,9
0x05aa0cdd6e71840edf0d2b694e651d1c49d35ea4,ha138com,18
0x05cd8430676f04b63b33c1ece124818858edfc4f,DOGE,18
0x05d3606d5c81eb9b7b18530995ec9b29da05faba,TOMOE,18
0x05e32dc43d0c4b6bff1976714717f12eba8e8088,DSTABLE,6
0x062570121e9519c77cb71c7936b6c1f76c7b1119,VM888,18
0x06450dee7fd2fb8e39061434babcfc05599a6fb8,XEN,18
0x0655977feb2f289a4ab78af67bab0d17aab84367,scrvUSD,18
0x065bc1d115c528f335241a8f760a6d2dd1f4b44b,光源,9
0x067def80d66fb69c276e53b641f37ff7525162f6,oGPU,18
0x06a01a4d579479dd5d884ebf61a31727a3d8d442,Skey,8
0x06b964d96f5dcf7eae9d7c559b09edce244d4b8e,USUALX,18
0x06f97e756f5c7ac0db75411101bd09e17f63aba7,MOE,0
0x07041776f5007aca2a54844f50503a18a72a8b68,USAT,6
0x07150e919b4de5fd6a63de1f9384828396f25fdc,BASE,9
0x0724d0649fb6919d6929a23e74b0b70e6d1ae110,CAT,18
0x075f23b9cdfce2cc0ca466f4ee6cb4bd29d83bef,PUNDIAI,18
0x0763fdccf1ae541a5961815c0872a8c5bc6de4d7,SUKU,18
0x0766c0e1469bc7618b8155719e7f2f9ce1932eb2,CALI,9
0x07696dcab55e62cfef953666b29fe1970518cb00,WPRL,8
0x076a3ea71e83ca09319b161e40f5fb3bb943d3c6,YT-USDat-27AUG2026,6
0x077c2ffa6d40b52cd7ab0a524b4320f263235b59,ᑌSDT឵,6
0x078be86f3104a32313a47815792230a3808642cc,OCAS,0
0x07c0d6327090091442bedffc8580bdcbe8cdb700,Cali,18
0x07c3e739c65f81ea79d19a88d27de4c9f15f8df0,SEEK,18
0x07fff99e1664d9b116fbc158c0e99785f81ca236,dUSD,18
0x080e371d877d06affdbe6ac59252d6c2a3542c56,FCKPUNK,0
0x0816896a5707c07b7775aae6d04137e69039d110,Chudling,18
0x081fa25a6d02d4de74d943264f25c77b307d5367,SAMURICES,0
0x082838d066e42ecf537c07a7fdd646bc0adb6653,CALI,9
0x085780639cc2cacd35e474e71f4d000e2405d8f6,fxUSD,18
0x086f405146ce90135750bbec9a063a8b20a8bffb,BREV,18
0x0877e20694ae3ad2e0316c9bdfe3be1ffec6fc61,TARATAP,0
0x08828590dde980d0a3aaa527ce4fd844a4fde7af,PTARDIO,9
0x08bfa22bb3e024cdfeb3eca53c0cb93bf59c4147,eUSDUSDC,18
0x08c75d38e5d91acc952b8f644a25f8b579ee4110,SSD5000,18
0x08d967bb0134f2d07f7cfb6e246680c53927dd30,MATH,18
0x08dcb9b5989fb09ef80e85567ec1f49577a70d29,A2Z,18
0x08e546b0f2854299dfd59a60f917a9ec352872f0,ETH,18
0x08ece5c55547c72ca292cf2ba57af9a43f266cab,𝑬𝑻𝑯,18
0x08efcc2f3e61185d0ea7f8830b3fec9bfa2ee313,sNUSD,18
0x090185f2135308bad17527004364ebcc2d37e5f6,SPELL,18
0x0921799cb1d702148131024d18fcde022129dc73,LL,18
0x093272c07700d3ca5301c3bf9b3a392624179e2f,hyperUSDCa,18
0x09395a2a58db45db0da254c7eaa5ac469d8bdc85,SQT,18
0x098697ba3fee4ea76294c5d6a466a4e3b3e95fe6,USP,18
0x09a3ecafa817268f77be1283176b946c4ff2e608,MIR,18
0x09b8ee3b3b536bbf9b04e2409e081cb3421ec790,MRPHR,0
0x09ca0b338dfdd41c8393eb9042b6bcf0c82b0479,E឵Τ឵H,18
0x09d4214c03d01f49544c0448dbe3a27f768f2b34,rUSD,18
0x09f386a3b2b3ef8ea42b30da010347811716bb33,swt,0
0x09fd37d9aa613789c517e76df1c53aece2b60df4,ebUSD,18
0x0a2109b845407c8215f49cfb5d4d4d40e49b2fbf,USDC,6
0x0a26c80be4e060e688d7c23addb92cbb5d2c9eca,NOX,18
0x0a638f07acc6969abf392bb009f216d22adea36d,BKN,18
0x0a6e7ba5042b38349e437ec6db6214aec7b35676,SWELL,18
0x0a7bc70edebfff7094c51fecb055d7cc4c89e8a9,ĖTḨ,18
0x0aa8a7d1fb4c64b3b1dcea9a7ade81c59c25b95b,ASTRA,18
0x0ab87046fbb341d058f17cbc4c1133f25a20a52f,gOHM,18
0x0aeaa9e620f08db06bb8af03292dc32f97bf0520,Burrow,0
0x0b010000b7624eb9b3dfbc279673c76e9d29d5f7,OBOL,18
0x0b2d162ba8322f7182d457cfa064f5b4829242e8,INTERFOLD,18
0x0b38210ea11411557c13457d4da7dc6ea731b88a,API3,18
0x0b59fdb1a233a7477ea14061004b9dd776e73cb3,IRENon,18
0x0b74a2436327cc72413e243e4ed4f2224fa74bd9,Buzzer,9
0x0b7b1c7e991fa4945a9ec23d7c5cdbb3f4572a94,ĖTḨ,18
0x0b925ed163218f6662a35e0f0371ac234f9e9371,aEthwstETH,18
0x0bb217e40f8a5cb79adf04e1aab60e5abd0dfc1e,SWFTC,8
0x0bc37bea9068a86c221b8bd71ea6228260dad5a2,SPARKLET,18
0x0bc529c00c6401aef6d220be8c6ea1667f6ad93e,YFI,18
0x0be3823fb8fa080aa6f47e5eaeac6205ba03d0a5,PACKS,18
0x0bf0164d17469241b6e086da4016dcc54feaa334,alphaUSDCDeltaV2,18
0x0c0d01abf3e6adfca0989ebba9d6e85dd58eab1e,aEthPYUSD,6
0x0c1c1c109fe34733fca54b82d7b46b75cfb71f6e,CHIP,18
0x0c1f3412a44ff99e40bf14e06e5ea321ae7b3938,AMDon,18
0x0c56f29b8d90eea71d57cadeb3216b4ef7494abc,CLOAKS,0
0x0c666485b02f7a87d21add7aeb9f5e64975aa490,PLTRon,18
0x0c6a78b64749f842c5a3c45d687ff2246922885c,SHIBUS,9
0x0ca7244f798765de51a2b911f16ebcb7367362d1,BMC,5
0x0cdf23f3c300a8b0bc104e607079ccae4c205311,FallenNeogods,0
0x0cefee8b4fd66dcfce5f7161a5524c75c44fde26,SHIBIUS,9
0x0d1fa4e1e3719945899ef7b02840627df46af44a,ASTSon,18
0x0d37af9d8ae74f35f3a38bd2a08fcb29890ca6d2,AIXBT,18
0x0d438f3b5175bebc262bf23753c1e53d03432bde,wNXM,18
0x0d8775f648430679a709e98d2b0cb6250d2887ef,BAT,18
0x0dc4f92879b7670e5f4e4e6e3c801d229129d90d,wARS,18
0x0e288619215146e00103db368cb7d62d8a891110,Aliens,18
0x0e397938c1aa0680954093495b70a9f5e2249aba,QQQon,18
0x0e3fe143de98c73e72942c8f760a2e69d98bc1cb,fwAPE,18
0x0e495a63a0316732ae9e40f7f68b3b51900c8120,UNIDRAW,0
0x0e63b9c287e32a05e6b9ab8ee8df88a2760225a9,PIEVERSE,18
0x0e94027843ca5d818704fe6ad3df1d1b682783d9,MILITIA,0
0x0f2d719407fdbeff09d87557abb7232601fd9f29,SYN,18
0x0f51bb10119727a7e5ea3538074fb341f56b09ad,DAO,18
0x0f5d2fb29fb7d3cfee444a200298f468908cc942,MANA,18
0x0f6b862e05a9b528b0002261f9eb616e6c4452e9,USDT,18
0x0f77ce02d4fa4ce7c8cc62ad9dc8c10c58ec12de,GLADIAS,9
0x0f7dc5d02cc1e1f5ee47854d534d332a1081ccc8,ZEUS,9
0x0f81001ef0a83ecce5ccebf63eb302c70a39a654,DOLO,18
0x0f8c45b896784a1e408526b9300519ef8660209c,XMX,8
0x0f9273319e4cc2c026913eadc78962f592a5d879,Phrogs,0
0x0fc2a55d5bd13033f1ee0cdd11f60f7efe66f467,LA,18
0x0fc3f2487f4d866eec09ba2b4ec0f6bd27cf67c5,napo,0
0x0fd10b9899882a6f2fcb5c371e17e70fdee00c38,PUNDIX,18
0x0fdee10a49f0ec4db3d65babdd4722b9ce7f5240,RAYA,18
0x0fedba9178b70e8b54e2af08ebffcf28a1e5a43b,DAM,18
0x0ff17cb25dcd6ec0fce5a75d3b744980ce9ee5ce,c3,18
0x10613b2f6ec38a0b5664070bacdd4b7e1c6c2738,TRIP,0
0x108a908a51fe79f84584d2da02c38ca588bc442d,DOG,18
0x10a7aca36d27ef3fb63b638b39ca0d87d15972a0,steady_teddys_eth,0
0x10af6c184eac78a1617459d029e353a0b0db7679,REFORM,18
0x10bd7864ecc21927c460ba1cf9cc0133461b9b82,BITSTAR,0
0x10c5e7711eaddc1b6b64e40ef1976fc462666409,SY-sNUSD,18
0x10d280e9f1c91c84fa1a1f03c1b247c198822a0d,MCAT,18
0x10dea67478c5f8c5e2d90e5e9b26dbe60c54d800,TAIKO,18
0x10e5df2b2f464267f4c758cb92c472b6ca7c628d,GRIT,0
0x10ea9e5303670331bdddfa66a4cea47dae4fcf3b,SESH,9
0x111111111117dc0aa78b770fa6a738034120c302,1INCH,18
0x1121acc14c63f3c872bfca497d10926a6098aac5,DOGE,18
0x1132ab1f3228c62d06af3de28226165c758d20a4,c2,18
0x1151cb3d861920e07a38e03eead12c32178567f6,Bonk,5
0x117d54710dd1155f79d06a0e49cb0d4b09f7a217,TWINKLE,9
0x118e6e1b0fb8e81ae370724c3753e21be946a3b3,RSI,18
0x1196693f834acdc1cf187cf6e7eb4c94aa30df32,HOUSE,18
0x11a7e42036f8d039b0ce54b5488e3df0dff6cf36,HERALD,0
0x11ad9906f148c6b452f9617b350ce5c98660ab1c,CTS,0
0x11ae90c143c310c891172c36a79742d0825a0257,fwINST,18
0x11df0736100875c4528f675b96e74d1d28294951,MASHA,9
0x11eef04c884e24d9b7b4760e7476d06ddf797f36,MX,18
0x1202f5c7b4b9e47a1a484e8b270be34dbbc75055,wstUSR,18
0x1216a49bf402cb767b30a7742026921a101bddc6,Arctics,9
0x1223334444a7466fbf985b14e1f4edaf3883bca6,GROW,18
0x12419a0427c2a27a61c1cb4a49f5fad24fd4e671,STARMAN,9
0x1258d60b224c0c5cd888d37bbf31aa5fcfb7e870,GPU,18
0x1275524676a70b8f7d32b4bde9e9ec3f05df001f,ᑌ឵SDC,6
0x12970e6868f88f6557b76120662c1b3e50a646bf,LADYS,18
0x12a77658112cf42914cb614d13653ed5852da1e5,AWF,9
0x12b54025c112aa61face2cdb7118740875a566e9,spwstETH,18
0x12fbd83663161c7a3e3acff67507072da2cf57a2,YOM,9
0x131157c6760f78f7ddf877c0019eba175ba4b6f6,BigSB,18
0x131e64936a9ddf8fb94967d8c316a16c7fc7d0c2,GBLNZ,0
0x13239c268beddd88ad0cb02050d3ff6a9d00de6d,BOS,18
0x132f24a40d2d839bcf29cf61eb269626a7b1a5d8,BRLT,6
0x1332948217742a8a629ace8f107d6c8e09454864,INTERFOLD,9
0x1375e2c9adfd7cc25e5bbce235cd126708ab8ce1,STC,18
0x137ddb47ee24eaa998a535ab00378d6bfa84f893,RDNT,18
0x1396193092d3351c5fefe7fa828b6e83cff8f010,WIZ,0
0x13d074303c95a34d304f29928dc8a16dec797e9e,LAK3,18
0x13e12bb0e6a2f1a3d6901a59a9d585e89a6243e1,crvfrxUSD,18
0x1456688345527be1f37e9e627da0837d6f08c925,USDP,18
0x14778860e937f509e651192a90589de711fb88a9,CYBER,18
0x14862c03a0caccc1ab328b062e64e31b2a1afcd7,SEDA,18
0x1487bd704fa05a222b0adb50dc420f001f003045,CCDAO,18
0x14913815bcfde78baead2111f463d038ac9c2949,eUSD,6
0x1494ca1f11d487c2bbe4543e90080aeba4ba3c2b,DPI,18
0x1495bc9e44af1f8bcb62278d2bec4540cf0c05ea,DEAI,18
0x149bd983030e14e8b2f1ebdc8bbd9c419411fbc9,SY-sUSDD,18
0x14c3abf95cb9c93a8b82c1cdcb76d72cb87b2d4c,AAPLon,18
0x14ce29248b550b7795e6fe555a9aa6147b94bab1,ASTEROIDIUS,9
0x14fee680690900ba0cccfc76ad70fd1b95d10e16,$PAAL,9
0x1509b54dfe30dca512a981cac6d9181560919851,HAT,18
0x152649ea73beab28c5b49b26eb48f7ead6d4c898,Cake,18
0x155788dd4b3ccd955a5b2d461c7d6504f83f71fa,HARRIS,9
0x15d43b6b8d4fcc1b5f11533fdca2df77b4193163,MMTK,0
0x160960fe96d3d61d606c4ce5d39d0bb63758303a,PSYCHE,0
0x163f8c2467924be0ae7b5347228cabf260318753,WLD,18
0x164614252d0a231ade0e8778f343da3b29598c37,ERCAI,18
0x167c28df3734f74ac417470da0a9788146766d3a,Tsumuji,9
0x16acf3fb4b86d91c868244f645a57ec1178cba67,PRISM,9
0x16cda4028e9e872a38acb903176719299beaed87,MARS4,18
0x16f6efff99a9656182d49d88aaf2c28543f90d02,MOON,18
0x16f8e33986feb1b6375e527735f8c3209fe92d89,CYBERCAB,18
0x17205fab260a7a6383a81452ce6315a39370db97,RAVE,18
0x172ee4bca7b7ba077cc030eac69eac825dff7952,ETH,0
0x173b45cec729da022787323964d83f720b924218,SpaceXAI,18
0x175d6c81f21ee74f2809585ed42bcbf5d64c2f25,CLAW,9
0x1776e1f26f98b1a5df9cd347953a26dd3cb46671,NMR,18
0x1789e0043623282d5dcc7f213d703c6d8bafbb04,LINEA,18
0x179c0ce1346670be3e21a0b77f15a7e6517ae2ac,CTO,18
0x18084fba666a33d37592fa2633fd49a74dd93a88,tBTC,18
0x180af13118f2968ede08235dbf6034b63ebb3451,SATO,18
0x180bf8e4d33a797ebb31c88b33f9892495f568b6,fwARB,18
0x183395dbd0b5e93323a7286d1973150697fffcb3,cvxFXN,18
0x186ef81fd8e77eec8bffc3039e7ec41d5fc0b457,INSP,18
0x18710f0d897446ecef77b142c63a934363d42386,,0
0x18aaa7115705e8be94bffebde57af9bfc265b998,AUDIO,18
0x18bbe5e3f3f42cef83de1d263324e641e4f86110,aliens,18
0x18efe565a5373f430e2f809b97de30335b3ad96a,aEthLidoGHO,18
0x19222eb4bb885ad990d8df2a2ad3f6e64cbebf00,Ayylien,18
0x192675d1e131b9e339f16603e21b01a845d8c21e,SHR,18
0x194779473b9964afd1ba05618d38ba8807c93f95,GTA6,9
0x195ba0659356545a3711653843affe46684b6b67,CSS,0
0x195f5c217b96cd3dd75d39327161b8911a42e509,NUTS,18
0x19640000000ba88d36206beb10d0e86011c8d08c,RALLY,18
0x1976f128705b4f15850d0127c68a66af90f33037,ETH,18
0x19809086bc117598886563216063d14462f058d4,LODE,9
0x199e2cfaf8b4f2cc5423971ef3749d1c89cf815c,OPAL,18
0x19b3cd7032b8c062e8d44eacad661a0970dd8c55,senPYUSD,18
0x19ebb35279a16207ec4ba82799cc64715065f7f6,PRIME,6
0x1a0aacec5db6bf05f6c0ed5c2e9ad2a0199c2956,DEATHSTR,18
0x1a2143737db609cae5fe9e582c4da902e5723367,឵PYᑌSD,6
0x1a285d34631ef5d2a47d4b867553127ea130720b,ALIENS,9
0x1a4b46696b2bb4794eb3d4c26f1c55f9170fa4c5,BIT,18
0x1a4f84621bc4d9d3bf4eabb9a8d11220087a9014,CALI,18
0x1a6bb2c6ab8b325fcb920e5f49a70a12106e38d0,GLXY,0
0x1a7e4e63778b4f12a199c062f3efdd288afcbce8,EURA,18
0x1a88df1cfe15af22b3c4c783d4e6f7f9e0c1885d,stkGHO,18
0x1aad217b8f78dba5e6693460e8470f8b1a3977f3,STRCx,18
0x1abaea1f7c830bd89acc67ec4af516284b1bc33c,EURC,6
0x1aca1e8d01fee79c2dfbf4689b72bd03f0a6c92b,WĖTḨ.,18
0x1ad487e9e4db45fe183680d18afd8a5cfc25863a,CHANG,9
0x1ad4bc06eaadeb085ccdf333ba64854dbeede003,COGE,9
0x1aeb5b7c6d9d1a9061f071dbc3b26c5207789be0,DZEGO,9
0x1b379a79c91a540b2bcd612b4d713f31de1b80cc,NAORIS,18
0x1ba6549c935306219a038893897fbc5a1568e49e,DLL,0
0x1bbe973bef3a977fc51cbed703e8ffdefe001fed,PORTAL,18
0x1bbf25e71ec48b84d773809b4ba55b6f4be946fb,VOW,18
0x1c17ed4867d7124e38a521701027ca6e5c0bb2ff,CADD,6
0x1c4424195a984440461adc86307786c8075fe332,UNI-V2,18
0x1c44f9be658bde68e7b4091e9bd349fc64724450,SY-STRCx,18
0x1c450339236b38fdf6b55cee488b72168fe98110,MASK,18
0x1c69852e4f5009c8c6d0783ff98d5d133b544a93,USDC,6
0x1c77da87ab2bfb6a4b759e1db362db663b618f1b,ETH,18
0x1c9922314ed1415c95b9fd453c3818fd41867d0b,TOWER,18
0x1ca73cd01ec11c275202054d91583a9d4de9880d,USḌC,6
0x1cba62284bbd7f584d95334512b98ceb21556e87,USDC,6
0x1cc582dcc47ff84bad0461c55966858e96623c66,aliens.gov,9
0x1cdc14716bd8408267395feecd16774ff2546110,TOMMY,18
0x1d03ebbd6be00b805702dde42313dcf44ac1a6eb,XOR,18
0x1d69402390657308c91179aa184bf992908c1e08,PT-USDat-27AUG2026,6
0x1d88713b483a8e45cff0e5cd7c2e15e5fab4534d,STO,18
0x1d8e36bd6177a6a681517bc1d19ee4af7badcdb9,USDC,6
0x1db1591540d7a6062be0837ca3c808add28844f6,hOHM,18
0x1e2800512f33e0dd0f4b5af7dca019a129560ee0,0xLTC,8
0x1e6b909c18a49fa51e8df9ed103fac1d3ec11ef1,USDT,6
0x1e9fe9a5bba33d0403368fc2dce7af660daf5b1e,KND,0
0x1ec8eaa3f68261e793c48486b12092336a03c479,AUTO,18
0x1eef208926667594e5136e89d0e9dd6907959197,PEAQ,18
0x1f31f4c031e60d5b1c64dbae732442b760e2ae60,The Usuals,0
0x1f38d22f4ec3479c8268c85476b9418716bdb115,MEH,9
0x1f3af715b530aca23bfd9082dd806c1c385341f1,USDC,6
0x1f573d6fb3f13d689ff844b4ce37794d79a7ff1c,BNT,18
0x1f57da732a77636d913c9a75d685b26cc85dcc3a,OL,18
0x1f5fc5c3c8b0f15c7e21af623936ff2b210b6415,USOon,18
0x1f6102a413d72a6d37479405adf14e8d7910032a,UORE,18
0x1f64ea8745e316cfde4b92353a1bb9654198a793,X-POD,0
0x1f6687cf5840fe4fbfdaa0658202b7c5a707645d,FRS,9
0x1f9840a85d5af5bf1d1762f925bdaddc4201f984,UNI,18
0x1fe2126bc05e4bb0468c4a198e930c889e1054a3,SOXXon,18
0x1ff1dc3cb9eedbc6eb2d99c03b30a05ca625fb5a,LGHO,18
0x1ff9c3b5d9969ddec8e3f801b638da08d769fde5,YT-srUSDe-25JUN2026,18
0x201ed6c53fe2ab2eaa7550a3cff0c06bf410781c,R,0
0x203240c141dd80dcefc43f782a1321bbdf8dc89f,B,18
0x2078f336fdd260f708bec4a20c82b063274e1b23,fwWBTC,8
0x20b59becded839835a3ba58629430375dae02720,SY-cUSDO,18
0x20fce6c45fde22eeffa41f475fe5b419a58c1110,DONNY,18
0x2103154710a5f033eb37d1a4f4f1771f8bd6ae3e,Chrings,0
0x211542cd887f98b194178cc2f989491d450f741e,COGE,9
0x21287002c1980e7dbcc386624f58649fa43b773f,FROGETH,0
0x2164bd3e2d8b58850f646f35ab7c95360327e7f3,fwWLFI,18
0x216b3643ff8b7bb30d8a48e9f1bd550126202add,ACU,12
0x218d9c9950f13301d5591e32f138464112cdacda,FLOKIUS,9
0x21bfbda47a0b4b5b1248c767ee49f7caa9b23697,OVR,18
0x21cd589a989615a9e901328d3c089bbca16d00b2,XMONEY,9
0x21e6c175cba81237fe44cd63a12d175203dca3f8,ÚЅDС,6
0x21f5b2bacb67c94aa0982ce7428f7d1b3c9ceb53,SNORT,18
0x221108befe9d118efdb6bb63f362b56f8b2fa110,ALIENS,18
0x22514ffb0d7232a56f0c24090e7b68f179faa940,QORPO,18
0x2260fac5e5542a773aa44fbcfedf7c193bc2c599,WBTC,8
0x226bb599a12c826476e3a771454697ea52e9e220,PRO,8
0x226f7b842e0f0120b7e194d05432b3fd14773a9d,UNN,18
0x227788360d65726dcc63bd4d404a8bc4052435e2,ANM,0
0x228bec415ade4b61d7caf0adf8c91eac587ba369,TRIA,18
0x2302eee0f9d2ca15ccf258a244efae15606ade1d,ETH,18
0x23238f20b894f29041f48d88ee91131c395aaa71,USDat,6
0x232ce3bd40fcd6f80f3d55a522d03f25df784ee2,LIT,18
0x23346b04a7f55b8760e5860aa5a77383d63491cd,ysyBOLD,18
0x234801b7a9d3930785ef8aae33a5e2ccff29cdc4,XAᑌt឵,6
0x23581767a106ae21c074b2276d25e5c3e136a68b,MOONBIRD,0
0x236501327e701692a281934230af0b6be8df3353,FLT,18
0x236eb848c95b231299b4aa9f56c73d6893462720,YELLOW,18
0x2370f9d504c7a6e775bf6e14b3f12846b594cd53,JPYC,18
0x23878914efe38d27c4d67ab83ed1b93a74d4086a,aEthUSDT,6
0x23ad5a60b7e08d4c128792c5715c69d4cd0a32eb,MBF,0
0x23f222d8c952bdc2e09b707dceb5c1de2197d9a3,USDC,6
0x2401c39d7ba9e283668a53fcc7b8f5fd9e716fdf,ocsETH,18
0x2411802d8bea09be0af8fd8d08314a63e706b29c,fwstETH,18
0x2418454dd5553ecfada463667d9dca20bd1bfad3,NOMY,18
0x2429cae2aed085d67c94b82c3312690ee21b8a50,USDC,6
0x243c9be13faba09f945ccc565547293337da0ad7,TRUF,18
0x243cacb4d5ff6814ad668c3e225246efa886ad5a,SHI,18
0x24401a89dc071ec56feacff70075f90e6b9bd3e6,0xBCH,8
0x244b797d622d4dee8b188b03546acaabd0cf91a0,FOUR,18
0x244f09d92971d03a779aa66d310579a6517ab9a4,HARAMBE,18
0x248b14d8104a6273c3297adc141f71ded7b3ddb4,ETH,18
0x249130f5e2dd4cf278180c0df8273f3592ad1247,dmt-nat,0
0x249ca82617ec3dfb2589c4c17ab7ec9765350a18,VERSE,18
0x24a3d725c37a8d1a66eb87f0e5d07fe67c120035,EDEN,18
0x24da31e7bb182cb2cabfef1d88db19c2ae1f5572,SHIK,18
0x24e22cb87682f7d29113bd8d9598c9a9f889b969,ETH,18
0x24fcfc492c1393274b6bcd568ac9e225bec93584,MAVIA,18
0x255494b830bd4fe7220b3ec4842cba75600b6c80,BEAST,9
0x256effe0f299efd69466d8051b487a22a95c24e1,ETH,18
0x2591948a7a331708a1451b4ee24a586c57872ec7,FLWR,0
0x25931894a86d47441213199621f1f2994e1c39aa,CGPT,18
0x259338656198ec7a76c729514d3cb45dfbf768a1,RESOLV,18
0x2599258e0be792bfb1e3a33fdead402237058110,Atlas,18
0x25b4f5d4c314bcd5d7962734936c957b947cb7cf,TGC,18
0x25f8087ead173b73d6e8b84329989a8eea16cf73,YGG,18
0x2614f29c39de46468a921fd0b41fdd99a01f2edf,HLX,18
0x2656754e71f063889ecf3e17bb7dfd0975dc3c87,FOMC,18
0x265b95687f5392610e9c375b6f70be23496913a6,USDC,6
0x266cd5a2807082c2d09b346dc87311189daed36f,ACRE,0
0x266e5923f6118f8b340ca5a23ae7f71897361476,wMSTRx,18
0x26c8afbbfe1ebaca03c2bb082e69d0476bffe099,CELL,18
0x26d7ad0e930b54b84c00daad077ee31ba9e2fb2e,TTT,0
0x26d85a13212433fe6a8381969c2b0db390a0b0ae,10YETH,0
0x26e550ac11b26f78a04489d5f20f24e3559f7dd9,KEKIUS,9
0x26e55aee8ee4a1ee86ec3dd9631fb31acaf0fa97,$ELON,9
0x27054b13b1b798b345b591a4d22e6562d47ea75a,AST,4
0x270ca21eb1a37cfe0e9a0e7582d8f897e013cdff,DOGIUS,18
0x271b28367de92624bb7cca01d56ed887b8b1fed8,WORLDCUP,9
0x273c12364851f2a91c43b5687bc2930768c6bfb0,USDT,6
0x276cd2883e3cb4c4596a7717ecb1328fe8175a3e,Cali,9
0x276cea2c682f16a9c2a455338bdb075134669dd8,FORT,18
0x276db12dc5789317b8c94ed20b8bed4a1c772565,CALI,9
0x27702a26126e0b3702af63ee09ac4d1a084ef628,ALEPH,18
0x2798b1cc5a993085e8a9d46e80499f1b63f42204,GWEI,18
0x27b5739e22ad9033bcbf192059122d163b60349d,yvyCRV,18
0x27c70cd1946795b66be9d954418546998b546634,LEASH,18
0x27ea6098c3971096873cd98ba93204ed9a3e267d,COGE,9
0x27fe3f7d7d6324fe051fcf71b12a59d6727a3a4f,OPNTR,18
0x280ed5602e2b13a1756f8cb524d7e05ca5cc33d9,SHIBIUS,18
0x282a69142bac47855c3fbe1693fcc4ba3b4d5ed6,CARROT,18
0x28561b8a2360f463011c16b6cc0b0cbef8dbbcad,MOODENG,9
0x286b4e67cae819ba2ea6394d17abdf8beb60f50c,FLYS,0
0x28828e8c1235e8d87c35adfe6c93ecfa91eb53ab,PINE,18
0x289ff00235d2b98b0145ff5d4435d3e92f9540a6,BOOE,18
0x28b3a8fb53b741a8fd78c0fb9a6b2393d896a43d,spUSDC,6
0x28d38df637db75533bd3f71426f3410a82041544,PROMPT,18
0x2901a7f1539f0f97f75df700c2f0ff93115dd846,yzt,0
0x290b3b9f7661a6834135be44c3475aef987fa3b2,DOGE,18
0x292fcdd1b104de5a00250febba9bc6a5092a0076,HashAI,18
0x294559fa758c88d639fd085751e463fee7806eab,METAL,18
0x297403a2f7704826064304b31da9158af5c9e736,DELREY,9
0x2993bb1fae1dc968a5245cf427717a28d3819f2a,USDT,6
0x29a294f8fe285dfb259705213e375ecb7fcf9d9b,fwUSDR,18
0x29cf4e14fb75b99591153731930775c1280c1110,Veridia,18
0x29ecf2af57bf131aefa87ee9d9a03aee242e2e5e,Hippo,18
0x2a3bff78b79a009976eea096a51a948a3dc00e34,WILD,18
0x2a49e6146fb9aad418943f77c79da6c371514889,Noorung,9
0x2a4ab0d244c66e55d5a0f9c34bdd0df7d953c769,WCC,0
0x2a79324c19ef2b89ea98b23bc669b7e7c9f8a517,WAXP,8
0x2a8e1e676ec238d8a992307b495b45b3feaa5e86,OUSD,18
0x2a92525fda8d3ab481f8e2a913b64b64bd1c9fdd,$WELF,18
0x2a925ad40b380cdccb9e292d9d8c7faeb6bca359,ETH,18
0x2ae2d0dfdb1b3b03a771167c43b983a97b65b9b3,GCRM,18
0x2aeabde1ab736c59e9a19bed67681869eef39526,DOVU[eth],8
0x2af5d2ad76741191d15dfe7bf6ac92d4bd912ca3,LEO,18
0x2b3c1760a126275002cf7ea003fa4d513cc89f0d,MINEBOX,0
0x2b566950ba2298acef3c730cc0129b2f4fbd30a3,KIMCHI,9
0x2b591e99afe9f32eaa6214f7b7629768c40eeb39,HEX,8
0x2bc1036435a95db36e44230dba14cb00e3c47205,UNI-V2,18
0x2be5e8c109e2197d077d13a82daead6a9b3433c5,TON,18
0x2c0687215aca7f5e2792d956e170325e92a02aca,ESS,18
0x2c683fad51da2cd17793219cc86439c1875c353e,ETH+ETH,18
0x2c8e04d13799a1fb0d6566560fa229d4d22b00c4,BUBO,18
0x2c937f913a93941c7bda34d68097ca820db3877b,PUFF,9
0x2ca12a3f9635fd69c21580def14f25c210ca9612,SMCIon,18
0x2ca94b0d95a2515950015313be9cbddfd600c395,BOD,9
0x2cac7d23f77d0b3488b6f305588015fdbfccf9e2,Echelon Club,0
0x2ce943f52761e08a93ac2e83dc643eea9a0421f4,KGNT,18
0x2d1f7226bd1f780af6b9a49dcc0ae00e8df4bdee,NVDAon,18
0x2d2cb8e351ca22ce7faafd5bc7fe8af2c871b8fd,USDT,6
0x2d433b943fb8c015ae409444b7f960ed288082b4,PT-srUSDat-27AUG2026,6
0x2d6ba32a27c8f8423a03d86cafeecd2737c32f1b,PETE,18
0x2d6dcb9b3c8aa7012102145830b27c74912e38c8,sky win,0
0x2d8ea194902bc55431420bd26be92b0782dce91d,ZND,18
0x2d9baf18831c4fbfe5f03bd44c76636557783110,POTATO,18
0x2da719db753dfa10a62e140f436e1d67f2ddb0d6,CERE,10
0x2dff88a56767223a5529ea5960da7a3f5f766406,ID,18
0x2e16c912164b74830be850cce9af856797d21237,WhyCat,9
0x2e2e7a1f05946ecb2b43b99e3fc2984fa7d7e3bc,ANDWU,9
0x2e3b1ce6a5ba05a147aca8686e51b49082db5b38,SEILA,9
0x2e3cfe45e3ee7c017277f22e35d2f29edc99d570,wDAG,8
0x2e44f3f609ff5aa4819b323fd74690f07c3607c4,Pin,18
0x2e9555c4d34b96b0e76b641457293d5a9fbe4d03,Grok,18
0x2e9d63788249371f1dfc918a52f8d799f4a38c94,TOKE,18
0x2ebd53d035150f328bd754d6dc66b99b0edb89aa,MET,18
0x2f3fdb97035638985c77ce8b99b62a421d1258c4,USDT,6
0x2f573070e6090b3264fe707e2c9f201716f123c7,MUMU,18
0x2f71a7c25c788963d90b3d2b5d43b041f515cc2a,ETH,18
0x2fb652314c3d850e9049057bbe9813f1eee882d3,RVF,18
0x3009b6833f8925b7985c2408c49160dd1ab317ca,RIZO,9
0x3067b3b6ee3ebe481ab6ce380b110f61bc111442,CRXXTURE,0
0x3073f7aaa4db83f95e9fff17424f71d4751a3073,MOVE,8
0x30a25cc9c9eade4d4d9e9349be6e68c3411367d3,PTB,18
0x30a32bd436da798295c4a98a35b562b3aaf1740b,OCETH,0
0x30a4aa1d14d44f0f5bfe887447ab6facc94a549f,cbwsETH,18
0x30d20208d987713f46dfd34ef128bb16c404d10f,SD,18
0x3103cd1602d5fa8f4b9283f9d5a7fa2290795d51,PEPI,9
0x313698667d7fdd6789a9bc70821309ff891e729a,YB-WBTC,18
0x313e99d23d6a9ed47af8dccd545c2685f21ec44b,DELMUNDOS,0
0x3175df0976dfa876431c2e9ee6bc45b65d3473cc,crvFRAX,18
0x3177ec35e1faa23399cc4d697d649ca751e8fa0e,ETH,18
0x31bbc8af58717059a356fdef3d4b04160906feb1,FLRN,0
0x31bc50c6b4b98893fd5f619af217dbe0caab234b,FRK,0
0x31c8eacbffdd875c74b94b077895bd78cf1e64a3,RAD,18
0x31e64f5981c124ef1df0f7b6ada5ef5da4db9cd8,sky win two,0
0x32061281f7ae8feaee659254e4d58d93b73dd110,Tremp,18
0x320623b8e4ff03373931769a31fc52a4e78b5d70,RSR,18
0x32353a6c91143bfd6c7d363b546e62a9a2489a20,AGLD,18
0x32401b9fb79065bc15949de0bd43927492f02f0c,fAUSDe,18
0x324c5dc1fc42c7a4d43d92df1eba58a54d13bf2d,fVLT,0
0x325ec7a7c04afb2d743008ccc8d925183f20a888,BONUS,0
0x32b053f2cba79f80ada5078cb6b305da92bde6e1,NEURAL,18
0x32b4d049fe4c888d2b92eecaf729f44df6b1f36e,ROBO,18
0x32b77729cd87f1ef2bea4c650c16f89f08472c69,BOX,18
0x32b86b99441480a7e5bd3a26c124ec2373e3f015,BAD,18
0x32f5b2b9b85625c07410230b960d0d311ec3b808,DAI,18
0x3301ee63fb29f863f2333bd4466acb46cd8323e6,AKITA,18
0x33024d4791413438aa1de6a8b6cb7cceb25459b1,stk-steakeurcv-fs,18
0x333abff798765e4187bdb6024eeaaa44e562fd37,Tremp,9
0x33483a58079b4225b10e57958ca28ad7b9cdbaf7,BMNRon,18
0x3365554a61ceff74a76528f9e86c1e87946d16a5,PT-apyUSD-18JUN2026,18
0x336c3781677f035c376423f8204782e58a248372,HR,18
0x339a75475e7859d1ebc1819892591ee882dc1110,Hippo,18
0x33ca96a367411586d62287543cceeac7c82c287d,PAYNE,9
0x33eecbf908478c10614626a9d304bfe18b78dd73,AZP,0
0x33f1f813b596299b458257018600d943c8aff474,MANYU,18
0x340d2bde5eb28c1eed91b2f790723e3b160613b7,VEE,18
0x3429d03c6f7521aec737a0bbf2e5ddcef2c3ae31,PIXEL,18
0x3432b6a60d23ca0dfca7761b7ab56459d9c964d0,FXS,18
0x3453acd546ac6f9d3e749b10dc8b8cba6b261110,万岁,18
0x3472a5a71965499acd81997a54bba8d852c6e53d,BADGER,18
0x347a96a5bd06d2e15199b032f46fb724d6c73047,ASIC,12
0x34835cc20fe38a76969e7e769457902b02d66340,USDC,6
0x3503d929ca296ecd1c76d27865e696a7a7930b1c,PAXG,18
0x3506424f91fd33084466f402d5d97f05f8e3b4af,CHZ,18
0x350ca1b58b7c9ef58601c12947a8e24490a0810d,WHALE,0
0x35221d6e9dc3e4a277f40b40f7492be3b236d380,DREAM,0
0x356b8d89c1e1239cbbb9de4815c39a1474d5ba7d,syrupUSDT,6
0x3593d125a4f7849a1b059e64f4517a86dd60c95d,OM,18
0x3597bfd533a99c9aa083587b074434e61eb0a258,DENT,8
0x35d8949372d46b7a3d5a56006ae77b215fc69bc0,bUSD0,18
0x35fa164735182de50811e8e2e824cfb9b6118ac2,eETH,18
0x35fa7973f625bc65a1447677ffe858fc366e388d,CHOICE,18
0x3607c569f7d8e2575126bccf5544cc629ad79577,DА1,18
0x3619a9103397121b6157859504637689b5c67c3a,IS21,18
0x3620cf4edc6e019cb6f4bb926389246bb3d2da74,BELOVED,0
0x3632dea96a953c11dac2f00b4a05a32cd1063fae,CRCLon,18
0x36448baf227a24850291eae497ffc9d58918792f,ETH,18
0x365accfca291e7d3914637abf1f7635db165bb09,FXN,18
0x36ff4dae0e88113d68b1209e245b0e3af92e9d58,XLON,18
0x370147b4e82b545523fb5f8100b308a91e14ff36,FSC,0
0x3717078d3eec20216b062dc03f8a24c49405bb84,FHPC,0
0x3717a6354961bae0229131940d76f8e3d2973f30,EWA019E3D30,0
0x3766cf12211f2ec589e857b2fe7ed19cf1d7bbf4,fwAAVE,18
0x377c3bd93f2a2984e1e7be6a5c22c525ed4a4815,spUSDC,6
0x37a56992ecd9ba5f03ec3d4d42368809e083a110,SIC,18
0x37a98dce27835496af6f72b247a8480daf2351ee,YT-reUSDe-25JUN2026,18
0x37dabad8ac496148596196fe9adeb54ee3111c78,DOG,18
0x37e1f000acf0ef4593e75a2c667f09dc93ce1110,TRILLIONAIRE,18
0x381410793e9e2ff443602cc21ea9103350991e43,RUD,9
0x3819f64f282bf135d62168c1e513280daf905e06,HDRN,9
0x3845badade8e6dff049820680d1f14bd3903a5d0,SAND,18
0x3872c3f006d84470fa3868ab2229f8b89294daac,USDC,6
0x38793a3fdfd098e820ddf59706280681354341fc,BRAINROT,0
0x3898257dd2cd6d2a3b6e3435f73568a725262b9b,MBTC,18
0x38ca226e5ac5c96fd9b1f1abcad65613e2108d3e,KuniETH,18
0x38e382f74dfb84608f3c1f10187f6bef5951de93,MUBI,18
0x38e68a37e401f7271568cecaac63c6b1e19130b4,BANANA,18
0x38eeb52f0771140d10c4e9a9a72349a329fe8a6a,apyUSD,18
0x39537a05a9bcba814f06d2c083d012c595747991,HC,0
0x395da89bdb9431621a75df4e2e3b993acc2cab3d,pfWETH-4,18
0x3991b07b2951a4300da8c76e7d2c7edde861fef3,UXLINK,18
0x39953e6429210c39d11688fa40219c811287caad,XTF2XXXXTF,18
0x399e426e6812943ac22976333698e16eaa80a209,SY-SIERRA,6
0x39b64ac8f34bd92e35a6a805f25bd4822473f974,EṬH,18
0x39b8b6385416f4ca36a20319f70d28621895279d,EURe,18
0x39d5313c3750140e5042887413ba8aa6145a9bd2,EMP,18
0x39fbbabf11738317a448031930706cd3e612e1b9,WXRP,18
0x3a0f4beeb1bb41bb545a1ce54b905fa13c162e34,PT-jrNUSD-28MAY2026,18
0x3a16af9ef328d087cc781053a2a2a27549ae6768,RDWon,18
0x3a24f92967881c400b04348077ffd141a11b5fb5,LUCEBOX,9
0x3a283d9c08e8b55966afb64c515f5143cf907611,crvCVXETH,18
0x3a3ea44f9da6f69dbb5ce9f12a719e9c84d0d778,ETH,18
0x3a5b839f156d926abb672572dee9f39610909cf0,Buzzer,9
0x3a810ff7211b40c4fa76205a14efe161615d0385,AIN,18
0x3a8992754e2ef51d8f90620d2766278af5c59b90,eUSR-1,18
0x3aecaedfb92efbbac95e5c458c56e94070cb9179,SY-superWETH,18
0x3af916e5560e55d7bba4789e4c72c0603c8e3110,RATCASSO,18
0x3b1fb68e359d7e0c026c457e5dd23238f1f5f2d2,POENIEMOENIE,0
0x3b50805453023a91a8bf641e279401a0b23fa6f9,REZ,18
0x3b604747ad1720c01ded0455728b62c0d2f100f0,WAGMIGAMES,18
0x3bddae38f7fe15e946f3105d1091e28948ad39eb,ᑌ឵SDC,6
0x3c04c7c6188dbef1146603e8bba676ff21c36aba,BTCS,18
0x3c198111827a433fbe28a54cc106bbd198d88110,ROTAVIRUS,18
0x3c3a81e81dc49a522a592e7622a7e711c06bf354,MNT,18
0x3c41c80b966b92d345dc8fc91e5508bc7248da6e,CST,18
0x3c4b6e6e1ea3d4863700d7f76b36b7f3d3f13e3d,VGX,8
0x3c53fae231ad3c0408a8b6d33138bbff1caec330,PLP-apyUSD-18JUN2026,18
0x3c89cd1884e7bef73ca3ef08d2ef6ec338fd8e49,EUR0,18
0x3c93f63e78d890c587aecea7f514f5df519e6ce6,BUBS,0
0x3ceb862a443bd82f43d8a48b82ece4ab0a708926,FPUNK,0
0x3d125cecb0eb4e4799fb36e32520cf1974130d84,GH0STS,0
0x3d5272d55496a4cb7ba6405b26dc939133ad7bdb,PΥU឵S឵D,6
0x3d530c0c03cbc87666f2c0ad551e9f6d4d27938e,CUM,18
0x3d56adc7837ba08f9d43324eed70e8bfa38c9aa6,Complex,0
0x3d7d6fdf07ee548b939a80edbc9b2256d0cdc003,srUSDe,18
0x3d7f5a23101dee91b83edffff0a843983ec5027d,MANDALA,0
0x3d82cf6e37c5f1b1a4583124bc74ad43a6f01acc,RP,0
0x3d82e3b183f251bda96e16953fc7456d92fe4a1b,ẆBTC,8
0x3dc8e2d80b6215a1bccae4d38715c3520581e77c,EPT,18
0x3dd0054d6236fa34cc4d7c5179457ed3d98b6f65,GLXY,0
0x3dfe70b05657949a5db340754ad664810ac63b21,WETH-ARM,18
0x3e348a5d7253e4e57f40e34366e5aa3f94111168,INTERFOLD,9
0x3e391e5cb8ea766c93134faf486e6393158032c2,BEAR,18
0x3e3a8c6e043046f669ba9f7da963ecdb16b74871,USDC,6
0x3e5a19c91266ad8ce2477b91585d1856b84062df,A8,18
0x3e76dd57e649a263a532cc9bcc58b32a065fb2a4,ACN,18
0x3e874c0a0ba5c04aaf58bf99a168aad852d56110,stablecoin,18
0x3eaa0f0f0a5d3d595ae4e4b0d27f439d01c3e7b2,PT-reUSD-25JUN2026,6
0x3eaf6c8425b40c554099beed4dcb9f4601942fcb,SY-cUSD,18
0x3ec06e905d65ea6752e0a072d7778a718982b4c7,NORML,18
0x3ed6aa32c930253fc990de58ff882b9186cd0072,capUSDC,6
0x3f112cdb5e34280657c5ed93b1ec90c937b6d03d,ÚSDС,6
0x3f3ee693680d33289d495dd518e1b1b3a082d6f9,RBLK,18
0x3f80b1c54ae920be41a77f8b902259d48cf24ccf,KERNEL,18
0x3f9d93b7b3b4c028f8f5727df9d42eb920735b74,GITCOIN,9
0x3ffeea07a27fab7ad1df5297fa75e77a43cb5790,PEIPEI,18
0x4024c2083f5457874ec489f7c7332680bb86c92b,FARMER,0
0x408e41876cccdc0f92210600ef50372656052a38,REN,18
0x40a5c7efbd807744da47d2fd67c88b9d73a8f1ac,USDC,6
0x40aabef1aa8f0eec637e0e7d92fbffb2f26a8b7b,variableDebtEthWBTC,8
0x40d16fc0246ad3160ccc09b8d0d3a2cd28ae6c2f,GHO,18
0x40e3d1a4b2c47d9aa61261f5606136ef73e28042,SERV,18
0x40fd72257597aa14c7231a7b1aaa29fce868f677,XOR,18
0x411099c0b413f4feddb10edf6a8be63bd321311c,HELLO,18
0x411bae5fc89c6a5e4e4b2db45b4c9b55353f2dff,USDC,6
0x413f177014725eda0dc02f3c7fbac0200d945dd9,FIFAWAR,18
0x414253df5f34feb5cd158a50e31af83cdefd0e3c,SUMMER,18
0x41545f8b9472d758bb669ed8eaeeecd7a9c4ec29,FORT,18
0x41713516b6a8f7a9e01806a4510f7cffb79677fe,CTEX,18
0x4189aaf3234e764035509d43aa406ec2b020792a,ETH,18
0x41906f075430f0858d53fd3e1753c3a6254f1110,ROBE,18
0x419905009e4656fdc02418c7df35b1e61ed5f726,RSUP,18
0x419d0d8bdd9af5e606ae2232ed285aff190e711b,FUN,8
0x41b5d92a4e7a3bf8e99c9f2329061e3b6352dd14,REKT,0
0x41b723c73fe13e8f979d5fa80229ce7f24ebedb8,ONTACT,8
0x41d5d79431a913c4ae7d69a668ecdfe5ff9dfb68,INV,18
0x41e5560054824ea6b0732e656e3ad64e20e94e45,CVC,8
0x4200000623d0242cccd4e907008583dcb4af6472,ESTEE,18
0x4206931337dc273a630d328da6441786bfad668f,DOGE,8
0x42069e779838929495ed0152ffc27145ce5c7f98,SPURDO,9
0x423a63dfe8d82cd9c6568c92210aa537d8ef6885,COPXon,18
0x423d42e505e64f99b6e277eb7ed324cc5606f139,GLDon,18
0x423f4e6138e475d85cf7ea071ac92097ed631eea,PNDC,18
0x4251f0d539216c407c3317c53ff919a9fe0abb25,NYX,18
0x4274cd7277c7bb0806bd5fe84b9adae466a8da0a,YUSD,18
0x429dd16ab4f31fd0c76b311d30d1b1ac73d4c5c1,USDT,6
0x42a40efe2475471c9f5879b0cc2b48a6359c3110,PINU,18
0x42bbfa2e77757c645eeaad1655e0911a7553efbc,BOBA,18
0x42c15a42d87296397fb9871643c690bf68e40980,SHDW,18
0x430ef9263e76dae63c84292c3409d61c598e9682,PYR,18
0x4311096a697feec9336065a313060853b08fdcf7,AU21,18
0x431d5dff03120afa4bdf332c61a6e1766ef37bdb,JPYC,18
0x43298327b0249caf5a4942c6951f5ac6ad7297a0,DAEMON,18
0x4338861ba9b693f1d37b9c0f0d48787f8f4ae86e,Veltura,0
0x4343a06b930cf7ca0459153c62cc5a47582099e1,pEMP,18
0x43507f168b6eda3e60604c1cf6ecc34273c81a5b,Flacies,0
0x437cc33344a0b27a429f795ff6b469c72698b291,wM,6
0x4383a90ce4fbd81229c2c1008c7dcf81cebeaca5,USDT,6
0x4385328cc4d643ca98dfea734360c0f596c83449,TOMI,18
0x43dfc4159d86f3a37a5a4b3d4580b888ad7d4ddd,DODO,18
0x43e54c2e7b3e294de3a155785f52ab49d87b9922,asdCRV,18
0x44108f0223a3c3028f5fe7aec7f9bb2e66bef82f,ACX,18
0x444444444444c1a66f394025ac839a535246fcc8,GENI,9
0x44768744a5b28cdc05c9c11409303996c706823d,MFSBT,0
0x448ca6b6212aeb0777186d36915e82c5c68e792d,AICASSO,0
0x44971abf0251958492fee97da3e5c5ada88b9185,basedAI,18
0x44b28991b167582f18ba0259e0173176ca125505,uPEG,18
0x44db117472d17b2924f907fc468788aca70ce7c5,BM,0
0x44e18207b6e98f4a786957954e462ed46b8c95be,Terminus,9
0x44ff8620b8ca30902395a7bd3f2407e1a091bf73,VIRTUAL,18
0x4507cef57c46789ef8d1a19ea45f4216bae2b528,TOKEN,9
0x45510db2481353178db5abb87c96805fadad0724,FTMX,18
0x45547ab0100f5e8b158258b6d94d7586de69fc21,MYSTERY,18
0x455e53cbb86018ac2b8092fdcd39d8444affc3f6,POL,18
0x4575f41308ec1483f3d399aa9a2826d74da13deb,OXT,18
0x4579a27af00a62c0eb156349f31b345c08386419,aEthsUSDe,18
0x45804880de22913dafe09f4980848ece6ecbaf78,PAXG,18
0x45dc9bffa76fccd223430845436828e30882fd89,XΑ឵U឵t,6
0x45e02bc2875a2914c4f585bbf92a6f28bc07cb70,$MBG,18
0x460d7dfa7aefb52ddb7b87a767485325b31272d9,OEGP,0
0x460db1baec5495740eb0d85021e0e052604e07d2,PUMPERS,18
0x463841e79698ae1abaf403172ca3b62086b44a92,USDC,6
0x463dd36f0c4d076ff92a05595a469f0831141d3b,MBT,18
0x4647e1fe715c9e23959022c2416c71867f5a6e80,wOCT,6
0x464ebe77c293e473b48cfe96ddcf88fcf7bfdac0,KRL,18
0x465e07d6028830124be2e4aa551fbe12805db0f5,WXMR,18
0x467719ad09025fcc6cf6f8311755809d45a5e5f3,AXL,6
0x467bccd9d29f223bce8043b84e8c8b282827790f,TEL,2
0x468eabcb5c914ac59e72691f8fc970880a94f4b3,eMDR,18
0x4691937a7508860f876c9c0a2a617e7d9e945d4b,WOO,18
0x46a15b0b27311cedf172ab29e4f4766fbe7f4364,PCS-V3-POS,0
0x46d73dee442a7ba2c1c6948a1114acbf69d76ccd,fwXAUt,6
0x46ea0c865da3b7b78f3ad7b9b6aa41ef9a14dd45,AUBE,18
0x46ec45565952a3f3ad7c2ded264da60de3378be6,PACKS,18
0x470c8950c0c3aa4b09654bc73b004615119a44b5,KIZUNA,18
0x470d58d2fad6c589e1cf050042c971735ab4a86d,moonbase,9
0x473251cd54f4045cf395c1f757ac7ed961be1110,PAYNE,18
0x473bcd6ee71d2ca1d18f8e74cdf75beb4999fa7e,rust,18
0x476c5e26a75bd202a9683ffd34359c0cc15be0ff,SRM,6
0x477cfa8f66953333788c04696df8846adcb839b1,MAXXING,18
0x478b7c349b7158483c62200dfd125837a0045114,Token,18
0x47adc54c941f65194e259806d755287a68bd3c9f,FREN,0
0x47cd98a79c010876e50eac42b0c54108db95fe79,patterns,0
0x47dfd0c8eee949748c1d5cb6b695a4aba5fe7379,SY-reUSDe,18
0x4837704e125d84f81dfcac10f58ac5d61e894e0c,ARV,0
0x485d17a6f1b8780392d53d64751824253011a260,TIME,8
0x4864dcfa317b29e13e6caa04b5c37f24c79a465e,YT-apyUSD-18JUN2026,18
0x48a185558d1410c1c6a367543679c2b28b982be7,ballish,18
0x48bc32c1fd1f3c4f5d1be11c0b586b63b44da751,PUPCUP,0
0x48ed998e778ab2663b6c49bd09dfff8efd16b934,ORNFI,0
0x48f9e38f3070ad8945dfeae3fa70987722e3d89c,iUSD,18
0x490c58e0339cca078acf929acd42349734a30cc8,ETH,18
0x491604c0fdf08347dd1fa4ee062a822a5dd06b5d,CTSI,18
0x4921bb864de2e557939b074be20ff4b98723b86b,WAR,18
0x49237b3cc6be0339da880147703df416ff4f77f4,UNIS,18
0x4956b52ae2ff65d74ca2d61207523288e4528f96,RLP,18
0x4960e7c08a1b5ae92cdeb223423082dd6b355f31,Illegal Aliens,9
0x49646379ca8dfa2a0a34e49dfba189c071fcd530,USDT,6
0x496a35a65c00b4aed125d19df3871e6b4cb05188,REKT,18
0x498d9329555471bf6073a5f2d047f746d522a373,CASH+,18
0x49b5a631f54927c0007232844f06fe18cbf69786,SNAP,6
0x49ce5bfe737c32d6f6b461cbda5944d605f6fe3e,RNB,0
0x49cf6f5d44e70224e2e23fdcdd2c053f30ada28b,CloneX,0
0x49fb8ad7578148e17c3ef0c344ce23a66ed372c4,TAOBOT,18
0x49fb96883e5a6c95b9593a2fc9f5fe5221cb8676,RMOON,18
0x4a220e6096b25eadb88358cb44068a3248254675,QNT,18
0x4a24b2a28f3854bfdf9a0e172aca40001dba731f,ETH,18
0x4a35feae3378298d65f123576c61acd62b52a920,YIELD,18
0x4a4f757c33025e95a85af836e4883d9d07fa6f03,TWCB,6
0x4a7dfbdc1c0965b4f309bcd03b9d0eb9d002f8ae,MAGA,9
0x4a93f81bf6e6cc3659ff429156218413c6f746d7,PJU,0
0x4aa4f97b653fc4ca74ec404317fd65d66d802aa4,Dh,0
0x4ae149fd6059af772b962efac6bf0236872d6940,LBAI,18
0x4b67591015372aa9fccc527c906edc25fdcddc7c,XAᑌt឵,6
0x4b9278b94a1112cad404048903b8d343a810b07e,HIFI,18
0x4ba01f22827018b4772cd326c7627fb4956a7c00,msUSD,18
0x4bb17b72ad87b2dcbf1ccfb6627325dd014f3fe7,BUBBLE,18
0x4bd2f3f58115d90360d222fe9605a7f9c9214813,BABH,0
0x4bdfa27ce379d7601da1d15bd637a1cf895ff8fb,DGMA,8
0x4c11249814f11b9346808179cf06e71ac328c1b5,ORAI,18
0x4c1746a800d224393fe2470c70a35717ed4ea5f1,PLUME,18
0x4c19596f5aaff459fa38b0f7ed92f11ae6543784,TRU,8
0x4c2a1e9899e3320ed87a039fcafef6e4f7fac360,CUM,18
0x4c36e9e8b81909cb87e4574648789d85ce78ab91,Cali,9
0x4c3e7640b3e3a39a2e5d030a0c1412d80fee1d44,veNOVA,18
0x4c4d24b9163b948efc06f0df25c3d4943420a48a,USDT,6
0x4c89364f18ecc562165820989549022e64ec2ed2,Saiko,18
0x4c90aa9aa031d6fe42ccf269dfc5d8ed5990d5c0,ASCENT,18
0x4c9edd5852cd905f086c759e8383e09bff1e68b3,USDe,18
0x4cce605ed955295432958d8951d0b176c10720d5,AUDD,6
0x4d0528598f916fd1d8dc80e5f54a8feedcfd4b18,ATOS,18
0x4d17082974c4a37ec13002998934a30818a4a9b2,OASIS,18
0x4d1c297d39c5c1277964d0e3f8aa901493664530,PUFFER,18
0x4d224452801aced8b2f0aebe155379bb5d594381,APE,18
0x4d431856295413906075dd40266d83624e09c672,aeUSDT,6
0x4d4f56cb0ff028f17219f7dad04faddc3108b95c,Change,9
0x4d5f47fa6a74757f35c14fd3a6ef8e3c9bc514e8,aEthWETH,18
0x4d654f255d54637112844bd8802b716170904fee,SY-superUSDC,6
0x4d7078ddd6ccfed2f85db5b7d3ff16828d378d48,AI,18
0x4d953cf077c0c95ba090226e59a18fcf97db44ec,MINI,18
0x4d968a5db8da0822a2f08840f553de4129aae5f3,frxscrvUSD,18
0x4da27a545c0c5b758a6ba100e3a049001de870f5,stkAAVE,18
0x4da44ffc0a5d5dbca28953f73320ed92c6cb2aa3,CP,18
0x4dc26fc5854e7648a064a4abd590bbe71724c277,ANIME,18
0x4e15361fd6b4bb609fa63c81a2be19d873717870,FTM,18
0x4e1f13b112e73984f01ff39889b5e4eb1d855bdb,ROMAN,9
0x4e227d29b33b77113f84bcc189a6f886755a1f24,msETHWETH-f-gauge,18
0x4e3fbd56cd56c3e72c1403e103b45db9da5b9d2b,CVX,18
0x4e432aa32b1a2f9fd674daf156e3b09db2f4386c,CHECKERS,18
0x4e49f1cee7c08d4c6eb564c9ec178a8c23e1888d,ETH,18
0x4e941628a2623596d28430ccd1e1dfe9c64ad790,USDC,6
0x4e9623b7e5b6438542458f5ee828d65c24d3af8c,JYAI,18
0x4ea9c19251982e30cd7230846e1c4754d51df39f,NYAN,18
0x4eb5f90a354e62af55032809aea4dee3d2851110,COGE,18
0x4f116ee5bcd227d1a1c4f57918d694a4abe7b3fc,SY-apxUSD,18
0x4f2b33840227ddd0e28da8d4185d6fa07adfed87,BASED,18
0x4f493b7de8aac7d55f71853688b1f7c8f0243c85,crv2pool,18
0x4f52c3a81e33521e5a9a47fd9d3be475d2279c2e,YB-tBTC,18
0x4f5923fc5fd4a93352581b38b7cd26943012decf,aEthUSDe,18
0x4f830b152268e84b5a69ea4f5fb825b76387d88c,PM,0
0x4f8e5de400de08b164e7421b3ee387f461becd1a,USDD,18
0x4f9254c83eb525f9fcf346490bbb3ed28a81c667,CELR,18
0x4fabb145d64652a948d72533023f6e7a623c7c53,BUSD,18
0x4fc15c91a9c4a9efb404174464687e8e128730c2,STAT,18
0x5018be882dcce5e3f2f3b0913ae2096b9b3fb61f,USDCfxUSD,18
0x501ebf66d76a96d4fb26ccead42957653e16b8b8,evaUSDT,6
0x50327c6c5a14dcade707abad2e27eb517df87ab5,TRX,6
0x50461744cb3dea4d678be82b8f1b9cead383065d,stk-steakeurcv-fp,18
0x505348e10069d5083842532f5f5fa432631d109e,BLONDE,0
0x50753cfaf86c094925bf976f218d043f8791e408,EURR,6
0x50800f12b2f002597845378cc01be31b90f645c5,神秘,0
0x5086bf358635b81d8c47c66d1c8b9e567db70c72,reUSD,18
0x509a38b7a1cc0dcd83aa9d06214663d9ec7c7f4a,BST,18
0x50bc2ecc0bfdf5666640048038c1aba7b7525683,cV,18
0x50d1c9771902476076ecfc8b2a83ad6b9355a4c9,FTX Token,18
0x50dce085af29caba28f7308bea57c4043757b491,PLP-apxUSD-18JUN2026,18
0x50f41f589afaca2ef41fdf590fe7b90cd26dee64,IRYS,18
0x514910771af9ca656af840dff83e8264ecf986ca,LINK,18
0x516d31321928700c6b4fb0db0c8c6bc5d6799787,SHX,7
0x517ef3f90abbb38501fb618dd41c500cd19e6125,DAI,18
0x519601c60569172bf9b6d7cc3d417288a8b71110,INTERFOLD,18
0x51cb253744189f11241becb29bedd3f1b5384fdb,DMTR,18
0x51e1e19e3296f683ef503439aabf6fffc1538c09,ETH,18
0x51f39e20d738ced9498ae14a3ffb924b862f1110,250,18
0x522a8f36e23fe1c5018e28764fea161c5f951cad,CAT,18
0x523f70f2e2b2e995ce076ae243cda2be07aa21c6,neitzshce,18
0x524cab2ec69124574082676e6f654a18df49a048,LP,0
0x525a8f6f3ba4752868cde25164382bfbae3990e1,NYM,6
0x5269ef843f8bd9206d7ef1a1ac2385f17d507a4a,GROKIUS,9
0x5283d291dbcf85356a21ba090e6db59121208b44,BLUR,18
0x529b6158d1d2992e3129f7c69e81a7c677dc3b12,variableDebtUSDT,6
0x52a385801a5110820fd2b1277a48f2b8cce5c8d6,ETH,18
0x52a8845df664d76c69d2eea607cd793565af42b8,APEX,18
0x52c66b5e7f8fde20843de900c5c8b4b0f23708a0,AZND,18
0x52d26480dd9b02c7a7fa59614d5ca907126a1645,BOOV,9
0x532585dbb6a74419548523978ca9c71ab385368f,DATAHOUSE,18
0x536d68d3bfb6e8e68e963d09ff33bf832cba1110,CTO,18
0x53792b8a1e2baf9c1b37cdf3e7789d7ee65724ac,TOLL,0
0x53e82abbb12638f09d9e624578ccb666217a765e,vbUSDC,6
0x53f743e8f4160171995ac7f31f8311b03095f110,ALIENS,18
0x53fdca91fd33b9131b5ceade42a3edbd9b38edff,CAT,18
0x543a39b2bd6a779914c6df3aeb2b21c3ba797837,USDC,6
0x54442d0a5849ac1cfedd78f892154328f2c5b238,BelvedereAndArteQTheKissByGustavKlimt,0
0x549020a9cb845220d66d3e9c6d9f9ef61c981102,SIDUS,18
0x5497b1ab5bb59b194e25764ea0b61871b122a43f,SHIB,18
0x54d2252757e1672eead234d27b1270728ff90581,BGB,18
0x552827613fea5eada3871f83b2d407d50cb04116,frxevaUSDT,18
0x55296f69f40ea6d20e478533c15a6b08b654e758,XYO,18
0x553f4cb7256d8fc038e91d36cb63fa7c13b624ab,TANSSI,12
0x557b933a7c2c45672b610f8954a3deb39a51a8ca,REVV,18
0x55ab67a0cdabc450be7fa30eb4cb014621136e41,TEKI,18
0x55ad98c4d8ece5e1f40c04e0e1d87c014584dc76,OCCV2,0
0x55bc1d3ec412e9a5786363f207c5669c75a2f89a,TWCB,6
0x55f285a9dec00255e9e2837918aa9749b8b8c3c5,HIPPO,9
0x56072c95faa701256059aa122697b133aded9279,SKY,18
0x5624344235607940d4d4ee76bf8817d403eb9cf8,BETH,18
0x56a3ba04e95d34268a19b2a4474dc979babdaf76,SENT,18
0x56a76b428244a50513ec81e225a293d128fd581d,sparkUSDCbc,18
0x56d06158bb8d2e42a6c5994a9a12a5c6d642f064,bENAT,9
0x57129759d0e23116c1e7402dbc084e53d2e209a2,iREETpmUSD,18
0x572894c429159dcd8fd6d2480b60cda047956649,USDT,6
0x5732046a883704404f284ce41ffadd5b007fd668,BLZ,18
0x57690e5287d36733664caa21fa2dc48c156e962d,OUSDpmUSD,18
0x576e2bed8f7b46d34016198911cdf9886f78bea7,TRUMP,9
0x578dbb7c7e5ae29132a2f5ecc7c0fa3289dee17a,PEN,0
0x579cea1889991f68acc35ff5c3dd0621ff29b0c9,IQ,18
0x57ab1e0003f623289cd798b1824be09a793e4bec,reUSD,18
0x57ab1ec28d129707052df4df418d58a2d46d5f51,sUSD,18
0x57b946008913b82e4df85f501cbaed910e58d26c,POND,18
0x57b96d4af698605563a4653d882635da59bf11af,RCH,18
0x57e114b691db790c35207b2e685d4a43181e6061,ENA,18
0x57f1887a8bf19b14fc0df6fd9b2acc9af147ea85,,0
0x582d872a1b094fc48f5de31d3b73f2d9be47def1,TONCOIN,9
0x5832fbf930dacbdd9a1697dca7b3c518277ff0b0,DDBAM,8
0x589891a198195061cb8ad1a75357a3b7dbadd7bc,COS,18
0x58b6a8a3302369daec383334672404ee733ab239,LPT,18
0x58d97b57bb95320f9a05dc918aef65434969c2b2,MORPHO,18
0x590f820444fa3638e022776752c5eef34e2f89a6,ALPH,18
0x593280a269c8e15ddae2ea73d0d0cd846b92102b,250,9
0x5946aeaab44e65eb370ffaa6a7ef2218cff9b47d,CBC,0
0x594daad7d77592a2b97b725a7ad59d7e188b5bfa,APU,18
0x595832f8fc6bf59c85c527fec3740a1b7a361269,POWR,6
0x59644165402b611b350645555b50afb581c71eb2,METAon,18
0x597b29520098d6aaca3b2e0d1a380315c9240454,VY,18
0x598cdff6e0acd985a3c30d5952fc805f094a68c3,VERIDIA,9
0x59cd1c87501baa753d0b5b5ab5d8416a45cd71db,spWETH,18
0x5a3e6a77ba2f983ec0d371ea3b475f8bc0811ad5,0x0,9
0x5a6a4d54456819380173272a5e8e9b9904bdf41b,MIM-3LP3CRV-f,18
0x5a95b1d71bcd6d15efb0127dc154a674b50b0982,ROBE,9
0x5a9610919f5e81183823a2be4bd1beb2b4da2a20,APR,18
0x5a98fcbea516cf06857215779fd812ca3bef1b32,LDO,18
0x5af0d9827e0c53e4799bb226655a1de152a425a5,MIL,0
0x5afe3855358e112b5647b952709e6165e1c1eeee,SAFE,18
0x5b1085136a811e55b2bb2ca1ea456ba82126a376,VSL,0
0x5b12e009e1b5f14b1e8f3a3b9fb3ca165702dcbd,OGN,0
0x5b40f9e45655ebf058e253444c90019a61012437,ÚЅDТ,6
0x5b5c021d30bfaa0991539f04222342334bde4110,ALIENS,18
0x5b6347500d2c2ac2b3c576f01996918789ac7a48,POKEIFY,18
0x5b649c07e7ba0a1c529deaabed0b47699919b4a2,SGT,8
0x5b6727f343289bc69ba1e8d6589f0c7d6eafc468,fwCOINon,18
0x5b7533812759b45c2b44c19e320ba2cd2681b542,AGIX,8
0x5b7d73f3329bee2723dd04f16e29b79b763a5c08,250,9
0x5bee1e9e0e2e3df4dbe6d737d71290eebd1bf1d0,Coin,18
0x5c20b550819128074fd538edf79791733ccedd18,fUSDT,6
0x5c23eda506f24795bf51ce8d5ee850ab2864f470,cX,18
0x5c47902c8c80779cb99235e42c354e53f38c3b0d,X28,18
0x5c6303be16c79e55d0c6274b852a07eeb74bd745,USDT Staked,6
0x5c647ce0ae10658ec44fa4e11a51c96e94efd1dd,aEthcbBTC,8
0x5c697fee285b513711a816018dbb34dc0cfc4875,MNTx,18
0x5c8d0c48810fd37a0a824d074ee290e64f7a8fa2,AVL,18
0x5cac743e0a272a291c2e6a116da02be9124d1cd3,VPR,9
0x5cf04716ba20127f1e2297addcf4b5035000c9eb,NKN,18
0x5cf7f3c836949b3acfcb0368cbd5cb1d56324342,AGK,0
0x5cfd2f9c803b363f240988fea1424e38d09ac155,CAI,18
0x5d2fa69268fe83a12371d8cb43fce52d6aa393bc,USDT,6
0x5d594653ae80e572e98f5e388f67e7cc2a43399f,SUPPOK,18
0x5dac0e3e4bc880fab204c243b62cfd828c1f79e2,XCHAT,9
0x5dd1a7a369e8273371d2dbf9d83356057088082c,FT,18
0x5de8ab7e27f6e7a1fff3e5b337584aa43961beef,SDEX,18
0x5e178ae48585926ce5099ad29629d1684de6c0c1,DR,0
0x5e2d8455339cbb888090ba5fb055f31175c8c035,SESSION,18
0x5e52d41f0e40d7cdb204db0d09659846f7404547,NIBBLE,0
0x5e7f6e008c6d9d7ad4c7eb75bd4ce62864cc7454,tap,18
0x5e8422345238f34275888049021821e8e08caa1f,frxETH,18
0x5e8c8a7243651db1384c0ddfdbe39761e8e7e51a,aEthLINK,18
0x5ee5bf7ae06d1be5997a1a72006fe6c607ec6de8,aEthWBTC,8
0x5ee84583f67d5ecea5420dbb42b462896e7f8d06,PLSB,12
0x5f64ab1544d28732f0a24f4713c2c8ec0da089f0,DEXTF,18
0x5f7827fdeb7c20b443265fc2f40845b715385ff2,EURCV,18
0x5f7e13152c7c452c9b484fc666f14e611db03110,PTARDIO,18
0x5f907f5a55f257c61463cd4d10ede35dfc7dede9,SHIBEUS,9
0x5f98805a4e8be255a32880fdec7f6728c6568ba0,LUSD,18
0x5fab9761d60419c9eeebe3915a8fa1ed7e8d2e1b,DIMO,18
0x5fb44a9609d148ed3ed694c1292e8af923dfaea4,Commutitty,18
0x5fc5869f421ce842bf01a39cef559686652abb82,CUM,18
0x600273063da765095bd29bff0cf7fec037dada38,ZBC,0
0x600d601d8b9eb5de5ac90fefc68d0d08801bfd3f,ELMT,8
0x6019dcb2d0b3e0d1d8b0ce8d16191b3a4f93703d,QF,18
0x6033f7f88332b8db6ad452b7c6d5bb643990ae3f,LSK,18
0x6055dc6ff1077eebe5e6d2ba1a1f53d7ef8430de,ES,6
0x60562d15f633ff0bf3b41f2008b6091921cbc07d,JIJI,0
0x60597bff98bfb335f57d08bd2d23f96ee0015bdc,STAR,18
0x607f4c5bb672230e8672085532f7e901544a7375,RLC,9
0x60a89b7530002941a4bfbc698ca1b2560a1d1110,COGE,18
0x60e4d786628fea6478f785a6d7e704777c86a7c6,MAYC,0
0x60f67e1015b3f069dd4358a78c38f83fe3a667a9,ROUTE,18
0x60ff7e2a24c8a4fea1459d7c9c4328ed06f821f6,FCKCT,18
0x6112c3509a8a787df576028450febb3786a2274d,AXGT,18
0x6114b3a7cc3e891e2f7ded71e98430a91700d7ea,FOMO,18
0x611d7629bf0801108cdc74be5b087e0b4638161f,LÍNK .,18
0x611ebc94eac0769991deebed54c34fa607841110,CALI,18
0x61201926dcd619a23facdab730625108df072110,Token,18
0x612c511ed65d24cadc0c617edc4d4b84466ec110,Buzzer,18
0x616254b3c79639f89e756495ac687735b27b5e17,RINO,18
0x616c37e26cc4cb1a1e52bf324421c6f86c62f34b,MSKD,0
0x618e80a3f00a3907cc021187e9beb73ae4d658a6,EDENA,18
0x619d75e3b790ebc21c289f2805bb7177a7d732e2,PT-srUSDe-25JUN2026,18
0x61c6ebf443ad613c9648762585b3cfd3ba1f3fa8,SIX,18
0x61e24ce4efe61eb2efd6ac804445df65f8032955,RTV,18
0x61e90a50137e1f645c9ef4a0d3a4f01477738406,LOKA,18
0x61fac5f038515572d6f42d4bcb6b581642753d50,IN,18
0x6224f4dcfb473f5f1d09ce2f8981bfd6af696157,CALI,18
0x622a884b3ec3bab26f54c5b1888a34a22960d89b,BAG,0
0x623cd3a3edf080057892aaf8d773bbb7a5c9b6e9,SKYA,18
0x6243558a24cc6116abe751f27e6d7ede50abfc76,LVVA,18
0x6260ca24b568c031e3a933fd22a3466f0309070a,xVTSN,18
0x626e8036deb333b408be468f951bdb42433cbf18,AIOZ,18
0x628a3b2e302c7e896acc432d2d0dd22b6cb9bc88,LMWR,18
0x62b66ccbd851f3d7aeb452a08d2d8e4c106090b9,Suicidal Empathy,9
0x62b9c7356a2dc64a1969e19c23e4f579f9810aa7,cvxCRV,18
0x62d0a8458ed7719fdaf978fe5929c6d342b0bfce,BEAM,18
0x62dc4817588d53a056cbbd18231d91ffccd34b2a,DHV,18
0x62f5366c9e21a95326c461a098a408e034e017b3,FW-USDC,6
0x62fd733eec9025c6f73873d152dbdd6262d11110,potwb,18
0x62fe596d59fb077c2df736df212e0affb522dc78,CSUSDC,18
0x6308c2557c30fc168b594d7d958d9d6edebbc161,USDT,6
0x6339e5e072086621540d0362c4e3cea0d643e114,OPEPEN,0
0x6361481682f262c6280a2c8b49010c72127bb6f3,USDT,6
0x6368e1e18c4c419ddfc608a0bed1ccb87b9250fc,XTP,18
0x6392eb340c2d431e3bb9e3fc0fc579cc54690cfc,FRG,0
0x63d8d51e0bf4ec8cac0e1e3024ddd5ed4007b27c,APPLE,18
0x6418c0dd099a9fda397c766304cdd918233e8847,PENGU,18
0x64351fc9810adad17a690e4e1717df5e7e085160,msETH,18
0x643c4e15d7d62ad0abec4a9bd4b001aa3ef52d66,SYRUP,18
0x6440f144b7e50d6a8439336510312d2f54beb01d,BOLD,18
0x644192291cc835a93d6330b24ea5f5fedd0eef9e,NXRA,18
0x64aa3364f17a4d01c6f1751fd97c2bd3d7e7f1d5,OHM,9
0x64bc2ca1be492be7185faa2c8835d9b824c8a194,BIGTIME,18
0x64c5cba9a1bfbd2a5faf601d91beff2dcac2c974,MYSTERY,18
0x64d0f55cd8c7133a9d7102b13987235f486f2224,BORG,18
0x651d4b8168488fa163d85304662e8278d4c55baa,yb-WBTC,18
0x651e5ea84e2c8ef30ddbf62d716fb2bf37535ffe,DSNT,18
0x654da0e8dfd3f63d5218112893bd502010a11110,CALI,18
0x656341ef90b622c6634e0573772ffb7f3669b9f3,YB-WETH,18
0x657e8c867d8b37dcc18fa4caead9c45eb088c642,eBTC,8
0x65a44528e8868166401ea08b549e19552af589db,srNUSD,18
0x65adb52363d0fcd3aa073aeff357ff5d2a714b8e,Cyber,0
0x65c4c0517025ec0843c9146af266a2c5a2d148a2,ETH2X,18
0x65c9a641afceb9c0e6034e558a319488fa0fa3be,fxSP,18
0x65d9d44a94e400d294724a56b09ee8d1f847cdb8,Roblox,18
0x65f56baf62b97372f81f5aa59d401f02faaa59fd,DAL,18
0x65fbda4711f5a4aad6dae92baf9f3a20f5aff111,FWC26,9
0x662500bcb54f1dde32e098a20ddbe51d49531e14,USDT,6
0x66641fcfca7d919629d5e4a72d9f13787fcaf304,FIFA,18
0x66761fa41377003622aee3c7675fc7b5c1c2fac5,CPOOL,18
0x66966798244db8d1ad4bb6399b30a14787542191,wcvxCRV,18
0x66a0f676479cee1d7373f3dc2e2952778bff5bd6,WISE,18
0x66a1e37c9b0eaddca17d3662d6c05f4decf3e110,USR,18
0x66a5cfb2e9c529f14fe6364ad1075df3a649c0a5,ZK,18
0x66dce194bc18c79e0da2a77755e348d0d0ab7c23,TREMP,9
0x66fd8de541c0594b4dccdfc13bf3a390e50d3afd,TURTLE,18
0x672fdba7055bddfa8fd6bd45b1455ce5eb97f499,ARC,18
0x67466be17df832165f8c80a5a120ccc652bd7e69,WOLF,18
0x674d410c312e709591c6934e0885579acbfac517,ETH,18
0x675b68aa4d9c2d3bb3f0397048e62e6b7192079c,FUEL,9
0x678e840c640f619e17848045d23072844224dd37,CRTS,18
0x6799d4720eceb72d17dead9fd0d5c5ea6061c409,SHIBIUS,9
0x67addc17cfb3d31e7e24862e9b1ababe44009ef3,USDT,6
0x67b66c99d3eb37fa76aa3ed1ff33e8e39f0b9c7a,ibETH,18
0x67bbd4a09b5d454e807a0fc22c06f5934d55380e,dMETH,18
0x67f4c72a50f8df6487720261e188f2abe83f57d7,wPOKT,6
0x68037790a0229e9ce6eaa8a99ea92964106c4703,PAR,18
0x6810e776880c02933d47db1b9fc05908e5386b96,GNO,18
0x682d9d317a077305d36c1fcc9821734046d4de2b,BASTEROID,2
0x68749665ff8d2d112fa859aa293f07a622782f38,XAUt,6
0x6898b3025f035f486a05bf496cd4dfdd65f60ea6,QBTC,9
0x68a47fe1cf42eba4a030a10cd4d6a1031ca3ca0a,TET,8
0x68b36248477277865c64dfc78884ef80577078f3,Hold,18
0x68bbed6a47194eff1cf514b50ea91895597fc91e,ANDY,18
0x68bdeeb080dd34a3d22d7e0b382700735fe6acc6,ballish,18
0x68cedf9162f88d74f8487d3413dd237343ec1690,CUM,18
0x68d03ed49800e92d7aa8ab171424007e55fd1f49,frxUSDOUSD,18
0x68ddd6812684ff87d483342b69db5a89c2af711b,NOOT NOOT,18
0x68ebb4b9fb50cdf5ac4164560b4e9a4860dd9b74,USDT,6
0x691fa2498ed141a1eef7c9bc13cd731f09467410,RURU,18
0x69208a0c00f3c25c6c9e23457c2936b00c422df7,USDC,6
0x69420654e8274107a0d455a6e9b08b497f435444,OG,9
0x6948396ace3f68e6fd1fdcd12fb3289de0a0d20b,ASS,18
0x696969a73cfe28165e94f0924d3c940a55bc483e,GOBLIN,9
0x696a41f096d8206ce3ed98fc4da3343ec82f1358,COGE,9
0x6982508145454ce325ddbe47a25d4ec3d2311933,PEPE,18
0x69825169e0c733d038b94322db0590ff834c51c7,APEPE,9
0x6985884c4392d348587b19cb9eaaf157f13271cd,ZRO,18
0x699ccf919c1dfdfa4c374292f42cadc9899bf753,VSN,18
0x699f088b5dddcafb7c4824db5b10b57b37cb0c66,ENSO,18
0x69ad0353a2a19eba7e49b0bb1e2bead0fb8344a3,ALIEN,18
0x69af0d0cdc9b332e4197892078e982aa23237b50,USDT,6
0x69af81e73a73b40adf4f3d4223cd9b1ece623074,MASK,18
0x69b1ac639c0153b8eae75e4c19a176d07071683c,xavier,18
0x69d029a06690f202cbd47d8640bf0b0a0a0a283a,JUDE,18
0x69dc9bf4c7ce31f36e48b279bf3aab32b053b298,Clutch,18
0x69e3308003edf3dfc1c3e1743b78d9a33359514d,TRUMP2028,18
0x6a11f3e5a01d129e566d783a7b6e8862bfd66cca,1LP-ETH-WBTC,18
0x6a16f55fe0da9f030790931b40ea48ddfca03bd6,឵PYᑌSD,6
0x6a445e92ba0aba665945cc273fd9e1f822de4a75,SVC,18
0x6a6aa13393b7d1100c00a57c76c39e8b6c835041,OPENAI,9
0x6aa56e1d98b3805921c170eb4b3fe7d4fda6d89b,TRUMP,9
0x6ad038ca6c04e885630851278ca0a856ad9a66cc,wYLDS,6
0x6ad12e761b438bea3ea09f6c6266556bb24c2181,BDX,9
0x6ad27352ceb1b55a1cbf885cefc2ed5a9183ae99,FLAT,18
0x6adb2e268de2aa1abf6578e4a8119b960e02928f,ShibDoge,9
0x6af487beb661ccecd1d045e9561a0dac9aa5c7db,DUAL,18
0x6b0b3a982b4634ac68dd83a4dbf02311ce324181,ALI,18
0x6b175474e89094c44da98b954eedeac495271d0f,DAI,18
0x6b1a8f210ec6b7b6643cea3583fb0c079f367898,BXX,18
0x6b202949bd41958abe0e0dd53268aa3a4863fea5,ARX,18
0x6b3595068778dd592e39a122f4f5a5cf09c90fe2,SUSHI,18
0x6b62878ae1539ae3b1753d2db91724518edf2950,USDC,6
0x6b7774cb12ed7573a7586e7d0e62a2a563ddd3f0,SOPH,18
0x6b785a0322126826d8226d77e173d75dafb84d11,VLT,18
0x6b9eeffab4b6390c337bc56e3f52806b642a8ad3,BCOMP,0
0x6ba5a03b9c812e0924c823ac7be5c8c1557008cb,RURU,9
0x6bef15d938d4e72056ac92ea4bdd0d76b1c4ad29,PROVE,18
0x6bf183243fdd1e306ad2c4450bc7dcf6f0bf8aa6,stkwaEthUSDC.v1,6
0x6c25c3cde0f98bd4023092eb62d3ece9c87aff7c,c3,18
0x6c3ea9036406852006290770bedfcaba0e23a0e8,PYUSD,6
0x6c3f90f043a72fa612cbac8115ee7e52bde6e490,3Crv,18
0x6c5ba91642f10282b576d91922ae6448c9d52f4e,PHA,18
0x6c6be583c45075a5a3da03f81c2874607ac111f8,PERP,18
0x6c6ee5e31d828de241282b9606c8e98ea48526e2,HOT,18
0x6c76de483f1752ac8473e2b4983a873991e70da7,BTR,18
0x6c8984bc7dbbedaf4f6b2fd766f16ebb7d10aab4,stUSR,18
0x6cd62ece6442d3b989f8cd1b3201727964c6fc26,BIT,18
0x6d011934c23b44559f237bf4c28a8919906c5955,USD.T,18
0x6d22904806e90fd5c9a019b2c29ae1e2a7b536f7,DMNR,0
0x6d3fb717e6a5f4ffa39506e29aec09a52558abf0,KCIS,18
0x6d475953571f2ccdbc3b9d306d0426eede712e48,LÍNK,18
0x6d4f9f9f8f0155509ecd6ac6c544ff27999845cc,vbUSDT,6
0x6d91610ca9350e62cc229e01f772410e81844acf,BODE,9
0x6dc58a0fdfc8d694e571dc59b9a52eeea780e6bf,senRLUSDv2,18
0x6dc629b667a3431c95934a7c530872786d75581d,DAD,18
0x6de037ef9ad2725eb40118bb1702ebb27e4aeb24,RNDR,18
0x6dea81c8171d0ba574754ef6f8b412f2ed88c54d,LQTY,18
0x6df1c1e379bc5a00a7b4c6e67a203333772f45a8,variableDebtEthUSDT,6
0x6e15a54b5ecac17e58dadeddbe8506a7560252f9,F,18
0x6e2a43be0b1d33b726f0ca3b8de60b3482b8b050,ARKM,18
0x6e575ae5e1a12e910641183f555fad62ed1481f2,soUSD,6
0x6e5970dbd6fc7eb1f29c6d2edf2bc4c36124c0c1,TRADE,18
0x6e6f6d696e61decd6605bd4a57836c5db6923340,NOM,18
0x6e79b51959cf968d87826592f46f819f92466615,HOPPY,9
0x6e8682e649912ce67b0cfd60caa3315c22fe1a8f,USDC,6
0x6eb48e8b4722c84aae6d8341e161701da81dae19,ŚTETH,18
0x6eb935f5b649fc98bc7a3079f0211f5255c8b3ea,ANTIX,18
0x6f0066f9df5abf780cfc69ebe50b71fc4cdb08b0,DANKDOGE,9
0x6f40d4a6237c257fff2db00fa0510deeecd303eb,FLUID,18
0x6fa0be17e4bea2fcfa22ef89bf8ac9aab0ab0fc9,A7A5,6
0x6fb3e0a217407efff7ca062d46c26e5d60a14d69,IOTX,18
0x7046933234a82af77f14625e8d0fa9bcc5044a7e,MAPO,18
0x704bddaa18f3b4eef33cdfec5e80daf5847c7d41,MIQ,18
0x70536d44820fe3ddd4a2e3eedbc937b8b9d566c7,NXD,18
0x709d799bc5eed2f8fe1a2d85e3f5698e083fc589,LIFE-SIMULATION,18
0x70be40667385500c5da7f108a022e21b606045dd,ST,18
0x70dd7c326682d3d78be94c7bc5c4bf0be366abd2,V0P,0
0x70e8de73ce538da2beed35d14187f6959a8eca96,XSGD,6
0x70ffd6e58ff0230cfdb05d7fd4e00b4284c0189f,DAI,18
0x7110cb04e7be2a246b8339d7a75fe45f8d48a341,BLOB,0
0x712bd4beb54c6b958267d9db0259abdbb0bff606,UDS,18
0x7138eb0d563f3f6722500936a11dcae99d738a2c,LIF3,18
0x717145436934e478ec36595f5d8cc7136c87ec4a,fwBMNRon,18
0x71823b57de5898957d763d2a92a1571fcb0d6b44,XING,9
0x7195a1b18b3c031be3b23a36893ffa0b9e611420,SPSN,9
0x71ab77b7dbb4fa7e017bc15090b2163221420282,HIGH,18
0x71cb2f8038b2c5d65ddc740b2f3268890cd2a89c,senRLUSD,18
0x71e2400cf1cb83204f33794ed326636a71a9aafc,SNDKon,18
0x720cd16b011b987da3518fbf38c3071d4f0d1495,FLUX,8
0x722d2e60aab90eb3222a8edc802163d243299fb2,JUDE,9
0x722fc3640ba007c3e9867ccdb0dca59f2e2f29f9,yb-cbBTC,18
0x72327c6b01eb016e174602f67f6b74d1cc193ba6,MATCHA,18
0x723fcaa9830f6b6f68ebf7e30c097532a4cbbd26,PLP-srNUSD-28MAY2026,18
0x724d5beffe9a84a87ad1af83713f80600e5f5774,TLSM,0
0x728e022719dc64a7a2a0ab6e8434b7c149c41110,BRITAIN,18
0x728f30fa2f100742c7949d1961804fa8e0b1387d,GHX,18
0x729a7b5d41e68b39d00115f690b0a7adcac01991,IM,18
0x72b734e6046304a78734937da869638e7e5b51d0,ASTEROID,18
0x72e4f9f808c49a2a61de9c5896298920dc4eeea9,BITCOIN,8
0x72e95b8931767c79ba4eee721354d6e99a61d004,variableDebtEthUSDC,6
0x73102177c249b305a962ad72a64ce0e6a220482f,NYX,18
0x7314cba93d98b1357519d765fbd0c59b62fb2be4,XenAI,18
0x73312b69650f227b0cff19316f3d7ffa09fccc67,UṢDT,6
0x73682e8c076459648a4acc9f8e9a406702d29287,ETHERIUS,9
0x73716beb9f4b91fdee29e3fbc3b79183f083ea0a,ETH,18
0x738865301a9b7dd80dc3666dd48cf034ec42bdda,AGRS,8
0x73968b9a57c6e53d41345fd57a6e6ae27d6cdb2f,SDT,18
0x73a15fed60bf67631dc6cd7bc5b6e8da8190acf5,USD0,18
0x73d7493da3cd10c05c5117f378d6800d64bb5de6,DUMB-NFT,0
0x73d7c860998ca3c01ce8c808f5577d94d545d1b4,IXS,18
0x73e0c0d45e048d25fc26fa3159b0aa04bfa4db98,kBTC,8
0x73f7d02d546025843f952a22abd92050650cc3d4,AlphaGo,18
0x73ff97c0712b4031cc6e795580679bdc9b159a0d,Pillheads,18
0x74034eb8d5b2e480825263a975e4cf82a081c959,eEUL-2,18
0x7420b4b9a0110cdc71fb720908340c03f9bc03ec,JASMY,18
0x742fbe84557a978c8c06af20375a17bd2031f036,IAMAI,0
0x7430f11eeb64a4ce50c8f92177485d34c48da72c,cvcrvUSD,18
0x7448c7456a97769f6cd04f1e83a4a23ccdc46abd,MAV,18
0x744d70fdbe2ba4cf95131626614a1763df805b9e,SNT,18
0x745624b93c0272eb734590452ff11eea12d20895,FLORK,2
0x74ccbe53f77b08632ce0cb91d3a545bf6b8e0979,fBOMB,18
0x7503b48e95146f2decb9fa5c055737a5b02b42eb,BCC,18
0x751474c7d2478f2b7fe995a8b7e18fb8e9df0cb2,USDC,6
0x75231f58b43240c9718dd58b4967c5114342a86c,OKB,18
0x7553a5ced41c29fa4833ebe65ec9da6e2a9efdf0,CNFT,0
0x755c1137fbc277ccd4c0bb499bc11f6414cff932,Croco,0
0x759f8b83db57033aed95545694f6ada480b6e987,DOGEUS,9
0x75f3d01c4d960fe986a598b7954a3b786b29ce49,LCAIB,18
0x76107daca41c995e9d94af27314818bc99cbdc80,fwZRX,18
0x7613c48e0cd50e42dd9bf0f6c235063145f6f8dc,PIRATE,18
0x761d38e5ddf6ccf6cf7c55759d5210750b5d60f3,ELON,18
0x7622d3258b4255647474a92a8a351aa6f07e5c96,USDC,6
0x76306f029f8f99effe509534037ba7030999e3cf,ACR,18
0x7636d8722fdf7cd34232a915e48e96aa3eb386bf,SFI,18
0x764a726d9ced0433a8d7643335919deb03a9a935,POKT,6
0x767fe9edc9e0df98e07454847909b5e959d7ca0e,ILV,18
0x769272677fab02575e84945f03eca517acc544cc,Captainz,0
0x7696504ba50b3dccd4c351af453418f2bf862d22,USDC,6
0x76a816efa69e3183972ff7a231f5c8d7b065d9de,INAME,0
0x76e222b07c53d28b89b0bac18602810fc22b49a8,JOE,18
0x76fda2784427b1ed26f5fbef7cb6d768fc8f8659,PRISM,18
0x7712c34205737192402172409a8f7ccef8aa2aec,BUIDL,6
0x77146784315ba81904d654466968e3a7c196d1f3,TREE,18
0x774eaf7a53471628768dc679da945847d34b9a55,GASS,18
0x77777feddddffc19ff86db637967013e6c6a116c,TORN,18
0x77e06c9eccf2e797fd462a92b6d7642ef85b0a44,wTAO,9
0x77fba179c79de5b7653f68b5039af940ada60ce0,FORTH,18
0x77fd5a363d29a27107e1d06352eb23d363089367,VPR,18
0x7807c638383b95ac5d58de10d3079e2140d47c22,YT-apxUSD-18JUN2026,18
0x7844fbada723e0326beaeb3db995fcba49211110,HAMLET,18
0x786dbff3f1292ae8f92ea68cf93c30b34b1ed04b,variableDebtEthGHO,18
0x78ab17b71585680fbbb1663bb863e9a95b3dc79a,,0
0x78cbec65c55f143a9178b63243119806a659d2ef,MINDFAK,18
0x790b2cf29ed4f310bf7641f013c65d4560d28371,EXP,0
0x791a5c2261823dbf69b27b63e851b7745532cfa2,TUA,18
0x79214ffadae130842f829714ecb86ece0f0aebb1,TOKEN,18
0x794a81402ecfee43cd7d202a7f98796d3383e17d,ETH,18
0x7956bb9504b8a1f515f2890e309cee398198d3bd,YT-sUSDat-27AUG2026,6
0x7977bf3e7e0c954d12cdca3e013adaf57e0b06e0,OPN,18
0x7981f40baae039424ee69426de11ea231fa54bf7,SHEEB,0
0x79bbf4508b1391af3a0f4b30bb5fc4aa9ab0e07c,Anon,18
0x79db9301187735e66ea1ee2cc0773b5ae112fa37,Rudi,9
0x7a1eb86c35136143dda358d4a2d8ac25c4902388,METROMINIBLOCK,0
0x7a4ae767c169597af30250363695be53f94f0274,USDC,6
0x7a58c0be72be218b41c608b7fe7c5bb630736c71,PEOPLE,18
0x7a652e14edd12117490afb7493e4086fa85c1110,COGE,18
0x7a7de491e1be5287874904e2b7c8488249a4d0a9,SY-USDat,6
0x7a9c31c7f0dd93e103b814f640c1444673588d06,LIFEFORM,0
0x7abc8a5768e6be61a6c693a6e4eacb5b60602c4d,CXT,18
0x7b10d50b5885be4c7985a88408265c109bd1eec8,TRWA,18
0x7b41e55a9b184afdd4c357f611574b09f969eb74,PAYNE,9
0x7b43e3875440b44613dc3bc08e7763e6da63c8f8,USDR,6
0x7b463415d67b013d5f1106fd3df048973bc214dd,SHEB,0
0x7b4c392bca0986b5f9f06ee1e27659f8b5bfb45e,XLLT,0
0x7b5259133b10d2a4190f653bc60fa87ece5f21c5,AHB01,0
0x7b5d6a651b5ea2049489123c5959b3d3cdfeee57,CLAYER,18
0x7b9b7996cf285396c1fdf1952ce5184363abe519,GPT,18
0x7bb73ab58fe979b03233517191a7071c8657bf48,OCETH,0
0x7bc3485026ac48b6cf9baf0a377477fff5703af8,waEthUSDT,6
0x7be92f2e524e7a72df15c8f9a4de6bc28c3e2110,HPD,18
0x7c0477d085ecb607cf8429f3ec91ae5e1e460f4f,aEthUSDG,6
0x7c135549504245b5eae64fc0e99fa5ebabb8e35d,FIDD,18
0x7c3f0b5160623bc34e9782628e4a9b8b611b4089,TRUMP,18
0x7c618d4d6300e5e5f36f844c0de27b634d2d5ef4,DINOREVEAL,0
0x7c9f94a79b6b859dfb1d3312fc2311b39f89c677,somETHing,9
0x7ca4408137eb639570f8e647d9bd7b7e8717514a,ALPA,18
0x7cb20517776636ed76b68edb3d99dcce356abf02,sdUSD,18
0x7ceb97d8e2a2a4e5b71ee2cb124af1dfb18d8019,NOOP,0
0x7cf9a80db3b29ee8efe3710aadb7b95270572d47,NIL,6
0x7d1afa7b718fb893db30a3abc0cfc608aacfebb0,MATIC,18
0x7d2d1125db8d5fb40710bc73fe32aaa8b271894f,CUM,18
0x7d2d97b58d19dc662d0fb6587c786e6ba41fd110,Chudling,18
0x7d5121505149065b562c789a0145ed750e6e8cdd,VR,18
0x7d5706f6ef3f89b3951e23e557cdfbc3239d4e2c,WithdrawRequestNFT,0
0x7d7443f52c9835ecf82a81cf8c7d04415b2c76a4,DOG,18
0x7d8146cf21e8d7cbe46054e01588207b51198729,BOB,18
0x7da2641000cbb407c329310c461b2cb9c70c3046,AGI,18
0x7dc417cf6e03f5360a6f8776f5e195f82279f1c6,USDT,6
0x7dd810ec07514bf2f419b121321cf455baca192c,INDSpaces,0
0x7dd9c5cba05e151c895fde1cf355c9a1d5da6429,GLM,18
0x7ddc52c4de30e94be3a6a0a2b259b2850f421989,GMT,18
0x7e2ac793f3e692f388e66c7dc28f739d13b0b71a,GGBR,18
0x7e42d7471893324e79b993602da1dcfc92b39110,BAMBOO,18
0x7ed51ac6b8ca64f98df2c4cbe0fb5730ed3fb513,CAC,0
0x7edda96034a678d89cc6fffa2b785917472a68d2,BPUNK,0
0x7ee1f78dc7748196b88f3fec4fb55b2c25454fb4,MF,0
0x7f181bde43f585043ae2683944d1a618aeeca158,USDT,6
0x7f39c581f595b53c5cb19bd0b3f8da6c935e2ca0,wstETH,18
0x7f50786a0b15723d741727882ee99a0bf34e3466,sdCRV-gauge,18
0x7f792db54b0e580cdc755178443f0430cf799aca,VOLT,9
0x7f9acaddfe815921b1228ea3e6eee098ab8e2cb7,BlackGold,18
0x7fbc01c63b0ac372ec75907f3a1d8adc8cf28e1f,YT-apxUSD-5NOV2026,18
0x7fc66500c84a76ad7e9c93437bfc5ac33e2ddae9,AAVE,18
0x7fffd2e8a61e6c6e5c3916902f2f4c4a83f5669a,RUD,9
0x8004a169fb4a3325136eb29fa0ceb6d2e539a432,AGENT,0
0x80122c6a83c8202ea365233363d3f4837d13e888,M87,18
0x8017734d6186ddb60180db224079312c316c92c7,DAEMON,18
0x805bf72a671911cf1f843a4984ba3c3518341472,TripleT,9
0x805fe5b20360da6d29b4dca0da2ad4ede0b6aaaa,USDIR,9
0x8082e2eb2b5f6e10f5de3fe33d0f20a3d123cdf6,USDC,6
0x808507121b80c02388fad14726482e061b8da827,PENDLE,18
0x8092c20351cf4048b464df2144dc8a4dd49ce71d,ysUSDC,6
0x80ac24aa929eaf5013f6436cda2a7ba190f5cc0b,syrupUSDC,6
0x80c9966035c91a5c32ddcfa8c9a6fe6a4be0e1bd,USDT,6
0x80ccefb673fadd963a1d9b2dd7e88fc508193280,ETH,18
0x80f0c1c49891dcfdd40b6e0f960f84e6042bcb6f,DXN,18
0x80f44d6fe7f0fba41ef03d56e0e2b437d9aba8f8,EFLD,0
0x812ba41e071c7b7fa4ebcfb62df5f45f6fa853ee,Neiro,9
0x81317e1dc3d948b5842d1b3889cd735fe93e744b,MESH,18
0x8143182a775c54578c8b7b3ef77982498866945d,wQUIL,8
0x814e0908b12a99fecf5bc101bb5d0b8b5cdf7d26,MDT,18
0x817162975186d4d53dbf5a7377dd45376e2d2fc5,REACT,18
0x818234860a647d480b9bbcc9a47a23889f2ec900,ONDSon,18
0x819b169d708edd48051e65c8ed4b6aa5ef3d1110,DONNY,18
0x81dc5567ef98c80153e65ce3ecb573c356b755bb,LEET,18
0x81f8f0bb1cb2a06649e51913a151f0e7ef6fa321,VITA,18
0x8207c1ffc5b6804f6024322ccf34f29c3541ae26,OGN,18
0x8218d2ff329a29f807abcf5b9f5ea6185be0b5ed,CIL,18
0x8236a87084f8b84306f72007f36f2618a5634494,LBTC,8
0x8248270620aa532e4d64316017be5e873e37cc09,DEVVE,18
0x826180541412d574cf1336d22c0c0a287822678a,FLIP,18
0x826a2622c0b58fb66df18f3b9e94ca3522282bf1,USDT,6
0x82864d5a3df634b1013915fec578cddfe2ed8e59,HM,0
0x828b22c9ea1c20b551eefc6198174c4bb7a8cbf6,WATER,18
0x8290333cef9e6d528dd5618fb97a76f268f3edd4,ANKR,18
0x8292bb45bf1ee4d140127049757c2e0ff06317ed,RLUSD,18
0x829f4b62eebe12af653b4dd4ffc480966f7d7f09,sato,18
0x82a605d6d9114f4ad6d5ee461027477eeed31e34,SNSY,18
0x82b853db31f025858792d8fa969f2a1dc245c179,PT-srNUSD-28MAY2026,18
0x8318203189dd3e639d65e9b5021eec5cb369c7ef,Coin,18
0x832233ddb7bcffd0ed53127dd6be3f1aa5845108,SLONKS,0
0x8327fb6acb158c115aee87d9d53883b90e356703,METH,0
0x83819bf7e906bcf57e9f5b20453a2eff43f3845c,PORT,18
0x8390a1da07e376ef7add4be859ba74fb83aa02d5,GROK,9
0x83e5aa4b511401be89200546ecf2f67348170f59,ETH,18
0x83e62688deb6aa7e73d73074830e39708f19d5ea,DERP,9
0x83e6f1e41cdd28eaceb20cb649155049fac3d5aa,POLS,18
0x83f20f44975d03b1b09e64809b757c47f942beea,sDAI,18
0x83f24023d15d835a213df24fd309c47dab5beb32,cyb-cbbtc,18
0x83f4389ccce1cc044dd7441add33c4f28b967434,DRX,18
0x8408d45b61f5823298f19a09b53b7339c0280489,ALLO,18
0x840e025b1077cd3febb3dbc9528c96e5bb89498b,SONYA,9
0x8448e86bfab08844a8fbf315ce386861dc9ec110,HAPPY,18
0x8457ca5040ad67fdebbcc8edce889a335bc0fbfb,ALT,18
0x8485246d0d2282644e2cfe6e7604ddbad831db2e,Kibi,18
0x84b55a0ef81e80420734a762a86e70a7d7a573fb,USDT.Z,18
0x84bbc67b11881fdaffb4f0ca10a3a07300a151a6,PAP,18
0x84ca8bc7997272c7cfb4d0cd3d55cd942b3c9419,DIA,18
0x84d1a2b12d910c3240176ec18980661ef726d94c,DEPUNKSBOT,0
0x84eaac1b2dc3f84d92ff84c3ec205b1fa74671fc,CAMP,18
0x851f679a5edfb16e7cf1ad157c6995b7e7f333f2,TrumpBucks,9
0x852740fad3e6f5cd4b234311172db29004cceea7,GENE,18
0x853d955acef822db058eb8505911ed77f175b99e,FRAX,18
0x856c4efb76c1d1ae02e20ceb03a2a6a08b0b8dc3,OETH,18
0x859165ea4ed487ebac51c9bab02c8cd634aae250,Cali,18
0x85d3b38591aa77c4abf3d3bdde959b0c74944110,Tired,18
0x85f138bfee4ef8e540890cfb48f620571d67eda3,WAVAX,18
0x85f17cf997934a597031b2e18a9ab6ebd4b9f6a4,NEAR,24
0x861ec61df696f2ca07c266471340df8fea0deec9,CIRC,18
0x862cb4e988fb66e72f128d1183829f8c05b6c6a0,YB-cbBTC,18
0x86358f7b33b599c484e0335b8ee4f7f7f92d8b60,vEQ,0
0x865377367054516e17014ccded1e7d814edc9ce4,DOLA,18
0x866a2bf4e572cbcf37d5071a7a58503bfb36be1b,M,6
0x86a689216b334d16e927cf56c5e46e797d4930b9,DINO,0
0x86b5780b606940eb59a062aa85a07959518c0161,sETHFI,18
0x86bd88c0ce438e8ad8f34b68234a2575c4b5b0bd,U឵S឵DΤ,6
0x86ed939b500e121c0c5f493f399084db596dad20,SPC,18
0x87acfa3fd7a6e0d48677d070644d76905c2bdc00,SPACE,18
0x87b663c8e7d521bab363bf2c9c7250ebc4409abc,RORI,0
0x87cfecba305d6240991bfe1b2f848fc714140e6c,APUNKS,0
0x881ba05de1e78f549cc63a8f6cabb1d4ad32250d,00,18
0x884649f1fe3bf3ae0bd720eaf660cb561dce39ef,PUPCUP,18
0x88699fb68a541269c67a5564cac3929391e61291,tmXAUt,6
0x88800092ff476844f74dc2fc427974bbee2794ae,WALLET,18
0x8881562783028f5c1bcb985d2283d5e170d88888,SHFL,18
0x8883fc11a4c24f399a3a0c9ab25492eed7335d6d,PBH,0
0x88887be419578051ff9f4eb6c858a951921d8888,stcUSD,18
0x888888848b652b3e3a0f34c96e00eec0f3a23f72,TLM,4
0x888888888887715fb9d9f84175af9e6cce46807e,ELEVATE,8
0x88909d489678dd17aa6d9609f89b0419bf78fd9a,L3,18
0x889edc2edab5f40e902b864ad4d7ade8e412f9b1,unstETH,0
0x88a409734e5997f1fda972cb1bb577e5b88c19da,,0
0x88c8184fb086c0af344851e9fd0db5b506332bf1,USDT,6
0x88d96c8b6c377dc35f57f593699a905178bd72c5,GG,18
0x88dd7069cb9d8b7cc6eebd23b82ed1e9a75d9734,BT-USDC-28MAY2026,6
0x88df592f8eb5d7bd38bfef7deb0fbc02cf3778a0,TRB,18
0x88e08adb69f2618adf1a3ff6cc43c671612d1ca4,pOHM,18
0x8917f8c7feb840b5837edc7e128123baa2f289f9,SY-sUSDat,18
0x8918ba30e2e76b503e83d55eb08936b0f979eec4,DMX,0
0x893b33977395642039de1b04a0cc788b4af0ba08,zRCH,18
0x893cc1813cc4fc018e53c458c436384ad4e4e641,MF,0
0x89eee421ce465606e656e549271b2733387869e8,CIL,9
0x8a14869f87012c387f99c6b26a99ccf63fd56bbb,cs,0
0x8a2279d4a90b6fe1c4b30fa660cc9f926797baa2,CHR,6
0x8a23c6baadb88512b30475c83df6a63881e33e1e,ORCLon,18
0x8a5b78deca03ade05cd8572a49f6b3483885e6f2,ÚЅDТ,6
0x8a6fe57c08c84e0f4ee97aae68a62e820a37d259,fwDAI,18
0x8a730da6d4f483917a53072d9a8e5eef4b105d72,WADZ,18
0x8a9ef63d357e4b926fc294d4d1b2af38af9fe351,Nietzsche,18
0x8aaa4e0a5a9517dc510ef8a8e7df2e23dbb21aed,FERRARI,18
0x8ab2c4ba31b4ef692881d2d311ae979ad82d3c69,Bone Syndicate,0
0x8ab7404063ec4dbcfd4598215992dc3f8ec853d7,KAON,18
0x8b1484d57abbe239bb280661377363b03c89caea,ADI,18
0x8b5b30c66620866f83f7d9b3581037ee64411df1,GTC,18
0x8b69526b5839e18f4508f2a16c014e3d82ae9543,AZUL,18
0x8b9145a5b66608b658e008bdea89470824cc0b2a,ETH,18
0x8b9ba9582f5b360375ae295aa77d442ca942f0b9,USDC,6
0x8bc16a2fc6ccd4650c8816ee52fe9cf22a9e0bb1,AIGE,0
0x8bcf9012f4b0c1c3d359edb7133c294f82f80790,NOWon,18
0x8bdce3fcd54291aeab18d94c756c97a1ecb0d849,C1,18
0x8be3460a480c80728a8c4d7a5d5303c85ba7b3b9,sENA,18
0x8c106eedad96553e64287a5a6839c3cc78afa3d0,gtusdcp,18
0x8c147debea24fb98ade8dda4bf142992928b449e,variableDebtUSDS,18
0x8c307badbd78bea5a1ccf9677caa58e7a2172502,G_USD_U,18
0x8c337d94aad2cbc24f966d2b747fec1c80e97d12,fwWAVAX,18
0x8c89e00d69950b661693e7aaf5aed85f078c0335,USDC,6
0x8cb3649114051ca5119141a34c200d65dc0faa73,gtUSDT,18
0x8ccedbae4916b79da7f3f612efb2eb93a2bfd6cf,MNEE,18
0x8cdc32bfd4fd8c92a3db3393aff5f94f097b06fa,PRISMA,0
0x8d010bf9c26881788b4e6bf5fd1bdc358c8f90b8,DOT,18
0x8d0d000ee44948fc98c9b98a4fa4921476f08b0d,USD1,18
0x8d6fd650500f82c7d978a440348e5a9b886943bf,vEQ,0
0x8d74ee82f21949e20870ecaa470349f448d891f3,fwMSFTon,18
0x8de39b057cc6522230ab19c0205080a8663331ef,wojak,18
0x8de5b80a0c1b02fe4976851d030b36122dbb8624,VANRY,18
0x8dfa0042290945fdb396d7907f92d0af7381844a,Goddesses,0
0x8e0e57dcb1ce8d9091df38ec1bfc3b224529754a,CAH,18
0x8e0eef788350f40255d86dfe8d91ec0ad3a4547f,COR,18
0x8e3868e82eec215048d1f126080f98308430fe50,ᑌ឵SDC,6
0x8e5e017d6b3f567623b5d4a690a2a686bf7ba515,SY-alUSD,18
0x8e6dcf725183efc9a5403394281d100e3a36769a,PACKS,18
0x8e729198d1c59b82bd6bba579310c40d740a11c2,ALVA,18
0x8e870d67f660d95d5be530380d0ec0bd388289e1,USDP,18
0x8eb72da1485b88102c3f741df100882b428e5aa0,GPT,18
0x8ed97a637a790be1feff5e888d43629dc05408f6,NPC,18
0x8eea6cc08d824b20efb3bf7c248de694cb1f75f4,VPS,18
0x8ef79b61518940c114ef7dc42d306e06a7c25558,era,18
0x8f08b70456eb22f6109f57b8fafe862ed28e6040,KING,18
0x8f17aa00b6c2019f8a2e7e7da1ce370a3558e110,JONMUD,18
0x8f26e86a78fa1d8a5e8f70530c4769be5187a9e2,DOMA,9
0x8f3470a7388c05ee4e7af3d01d8c722b0ff52374,VERI,18
0x8f66337a0c2a02202fd91dd596c411cf977c6060,sat1,18
0x8f6e7be0be05e281f16096f21c886f5c7bfc40bf,USDT,6
0x8f8221afbb33998d8584a2b05749ba73c37a938a,REQ,18
0x8fad02ea0466deb99edd884cc7c80614c49f5035,Blew,9
0x8fe1a377b83921fe1429adb1b8fbfecd45de9cd8,fwogs,0
0x900ab7d8d35344774bf8aff3500e8d85d7082e67,ETH,18
0x90276e9d4a023b5229e0c2e9d4b2a83fe3a2b48c,iBENJI,18
0x904567252d8f48555b7447c67dca23f0372e16be,KITE,18
0x90551c1795392094fe6d29b758eccd233cfaa260,fWETH,18
0x90685e300a4c4532efcefe91202dfe1dfd572f47,CTA,18
0x907c54d9e3163941b4924d8c15af22a6ca0dc5ca,SPSN,18
0x908266c1192628371cff7ad2f5eba4de061a0ac5,SHOPon,18
0x908ddb096bfb3acb19e2280aad858186ea4935c4,ESE,18
0x90a2a4c76b5d8c0bc892a69ea28aa775a8f2dd48,SPYx,18
0x90b831fa3bebf58e9744a14d638e25b4ee06f9bc,MIMO,18
0x90cec9c176a55ac3aa35109e300eba3a17f07fd6,DW,0
0x91188067914ff53235d9845690878ff9e87134ee,TOV,0
0x913cdc8c95664502503645e4278438b21fa0555e,USDC,6
0x914c50c7749fabaa81b197da073c2480e00893ce,cf,0
0x917cee801a67f933f2e6b33fc0cd1ed2d5909d88,weETHs,18
0x91af0fbb28aba7e31403cb457106ce79397fd4e6,AERGO,18
0x91b58f341dc6602c4745f619080a3736792cb62a,PAYNE,9
0x91bc86899c8391b6caaf26535b9cd82efe49a189,PLP-sUSDat-27AUG2026,18
0x921d44038eaca264fd468c066117ae595bdbc576,Satosh,0
0x925206b8a707096ed26ae47c84747fe0bb734f59,WBT,8
0x92899026d06343929c61e0987e09caeea6873fe5,SY-jrNUSD,18
0x928fb6ed39100a92b2480f5cbb93453f98d9f4ce,PT-cUSD-23JUL2026,18
0x92a6a01b07984de46c24e8eba248449beb8b1dcb,PT-apxUSD-18JUN2026,18
0x92d0353635709716efff7a4b3a1d6f25d7e3f1c0,万岁,9
0x92d5942f468447f1f21c2092580f15544923b434,VSTR,18
0x92d6c1e31e14520e676a687f0a93788b716beff5,DYDX,18
0x930bdb10c25b6aab5d697a50da875a46d3a907ef,Ponky,0
0x9347e04ea939b15f5965dd1adb5e496423d21956,PICKLE,18
0x93914dcb4318bf591018201a83a75f07f98207f2,USDC,6
0x93a2db22b7c736b341c32ff666307f4a9ed910f5,HYPER,18
0x93a6213c7ce268c6cdd9902f01d199f14a22f110,HYPE,18
0x93a71c6730d0388176ddb960ff81a2f01deba400,TLG,0
0x93aa0ccd1e5628d3a841c4dbdf602d9eb04085d6,PEPU,18
0x93dc0b1cc5193b33856c3bf0d585238acf1989dc,WHFraudTF,9
0x93e32925b4e4f1d63b1db963d6aa246957ec7c46,ADX,9
0x93e62845c1dd5822ebc807ab71a5fb750decd15a,wNVDAx,18
0x93ed3fbe21207ec2e8f2d3c3de6e058cb73bc04d,PNK,18
0x93ff39f65cc1d21067939961993adf3f36bbf893,PRLX,18
0x9409b5c5f7c519fa4f7e98ee7a0e7fc3d6379110,Benny,18
0x940a2db1b7008b6c776d4faaca729d6d4a4aa551,DUSK,18
0x94314a14df63779c99c0764a30e0cd22fa78fc0e,EPIC,18
0x9447dd95f576fdf6ed8219fff45bd1362430b787,BMB,5
0x945c9aafe3f8296ba5cf89ff6a014bbeee07998f,COGE,9
0x946fb08103b400d1c79e07acccdef5cfd26cd374,KIP,18
0x9487bd5a3b16ecb5f3184453e3ee75b800141648,SY-reUSD,18
0x94a8b4ee5cd64c79d0ee816f467ea73009f51aa0,RIO,18
0x94facf7455d18631c68f999965dcc714f17e8568,ARK,18
0x950578f975e7c2165b457a7fe3c96d814a664add,GIRAFFIES,0
0x9518355a2b72fb77055658a2239ca5cf5cfd6d88,Llamas,0
0x953eefd5536989a4eee15c7481730410458b0835,fwPENDLE,18
0x9555fec3e6f0ce15b8e97dbcd911a0852c1ce68f,PTH,18
0x955606d523f45a2cd4bee527f02677b0044fa489,Nomadies,0
0x955d5c14c8d4944da1ea7836bd44d54a8ec35ba1,RFD,18
0x957c7fa189a408e78543113412f6ae1a9b4022c4,LF,18
0x957e0fdfbd1c2f97648318b2f057e327996ec367,GOLDGR,18
0x959abfd282e162bf1a359994fc6b5cf382ade26b,USDT,6
0x95ad61b0a150d79219dcf64e1e6cc01f0b64c4ce,SHIB,18
0x95af4af910c28e8ece4512bfe46f1f33687424ce,MANYU,9
0x95edc9500cc539251fc2c5d45c1a39a04ca4c957,MandalaFONofficial,0
0x95f19b19aff698169a1a0bbc28a2e47b14cb9a86,ycvxCRV,18
0x95fa6fc553f5be3160b191b0133236367a835c63,IMCS,0
0x96053b6468ddede573fd35ee69c6238f35a76d50,ETH,18
0x962c8a85f500519266269f77dffba4cea0b46da1,BERRY,9
0x966181a4ce83296dfd8a5b03405f4295e56cdfed,つむじ,9
0x966a59d59363a7dcce51de20d88e83d83214a033,DEE,18
0x967b76131fe90a6bd5c191b6f1783c83448013e7,USDC,6
0x967da4048cd07ab37855c090aaf366e4ce1b9f48,OCEAN,18
0x968dc061290f76f90b3b939cc9380d47d79a54c5,MOONKIN,9
0x96a5399d07896f757bd4c6ef56461f58db951862,DRAGONX,18
0x96bca2cea58a8e08e7da5c9d68b8acbb28419d1d,frxUSPC,18
0x96f6ef951840721adbf46ac996b59e0235cb985c,USDY,18
0x97045da4a3f21fca7e23e2d0b44dc84427c2b109,DZEGO,9
0x971c1fc94cd89d65243fa76d8b554412d5f18c3f,fwENS,18
0x974733a3f37208647577bb925d8ee854c7337e29,WFC,18
0x97975e2514c62b0b36506354813fdc16a10d1f33,LAND,0
0x97ad75064b20fb2b2447fed4fa953bf7f007a706,beraSTONE,18
0x97ba10115da528c113462ede9c20d7adc806d93f,USGUSDC,18
0x97ca6122e9e651f440d15b1b0cc4b5147be9f110,TIMMY,18
0x97dacf9b3d8fd2da87f1aa16c5e18d5c37abe007,HOUSE,18
0x9812f77623cda6d0c0578072eeab5d423f57600b,FWC,9
0x9813037ee2218799597d83d4a5b6f3b6778218d9,BONE,18
0x98134cde70ff7280bb4b9f4eba2154009f2c13ac,UNI-V2,18
0x98388d283c0df49c255473cfc14da4f613e2b80e,USDC,6
0x9856a2c5268b1bee0fead8f21e5267e13c8255e1,KURURU,18
0x987121547f1098be6a8ff352aee0230e9a673fa4,USDC,6
0x98931a97a62ff3a8e2b42b7ea186cff193c2a67f,YOBI,9
0x989ab6b15297697c282f218ea671fd1df2d0e4c5,TAMA,18
0x98a878b1cd98131b271883b390f68d2c90674665,apxUSD,18
0x98c23e9d8f34fefb1b7bd6a91b7ff122f4e16f5c,aEthUSDC,6
0x98e9c05db5819c2d5e21556f1d05f738985feadb,FWPASS,0
0x9928a8600d14ac22c0be1e8d58909834d7ceaf13,0xDNX,9
0x995c0e3b9af4da89fc76c5c0784e97c7a36eec06,PIGE,18
0x998f02a9e343ef6e3e6f28700d5a20f839fd74e6,HOODon,18
0x999999999991e178d52cd95afd4b00d066664144,sPENDLE,18
0x999b49c0d1612e619a4a4f6280733184da025108,SLOP,18
0x99c4db0720542388660bf54f77ee26fcae853274,SPHERE,18
0x99cd4ec3f88a45940936f469e4bb72a2a701eeb9,stUSDS,18
0x99d8a9c45b2eca8864373a26d1459e3dff1e17f3,MIM,18
0x99e980265bf36516c442be982df1772a6ccb3233,ASSET,18
0x9a0050b8a264c50e5666d997b739e8c63f017be9,USDC,6
0x9a153cdfeb2573fdc5ce091098f9a5c85c0fd08a,Gen-Z,18
0x9a1d6bd5b8642c41f25e0958129b85f8e1176f3e,gtusdcf,18
0x9a40f2bccd543a5eaaaca3a5749d912087ef6622,DAOF,9
0x9a508f4ad6d667892aed6cb53c6a32a85823dfd5,Тoken,18
0x9a9b77694ba6050a08e61774a28ec0721df29830,USDT,6
0x9a9e2e70919c75d80aaaa1d483c46cdbb8ac4d1b,FrxMsUSD,18
0x9aab071b4129b083b01cb5a0cb513ce7eca26fa5,HUNT,18
0x9ab7bb7fdc60f4357ecfef43986818a2a3569c62,GOG,18
0x9ac9468e7e3e1d194080827226b45d0b892c77fd,Yee,9
0x9afad25833d0f47b3a3d9204ddf965cb172de0cb,OUSDmsUSD,18
0x9afe7a057a09cf5da748d952078c9c99938b4329,PLP-USDat-27AUG2026,18
0x9b0d7817f8df77ed3d596eff32c618ee58bb8110,Aliens,18
0x9b1750e5e27b491f2e3b3fa969e11a41f4ebb550,DORK,0
0x9b5528528656dbc094765e2abb79f293c21191b9,mHYPER,18
0x9b664a17d47308afbf99217381de004553dfac9a,MANYU,0
0x9b8d5f3402f74c7a61d9f09c32d3ca07b45c1466,GMR,18
0x9b99812de2893dd00f3c1e4f3467efa8c40a2a3d,USDT,6
0x9bd52f2805c6af014132874124686e7b248c2cbb,eUSDC-70,6
0x9be89d2a4cd102d8fecc6bf9da793be995c22541,BBTC,8
0x9bf0a3035567b1d860d1e39094e189761ccf9328,USDC,6
0x9c4bf43ad7647858e06e5099c1dec9b47c5920e2,LAND,0
0x9c51a3cb5094b26aa1dcb380f3dc7e1a7c681c2d,DDG,0
0x9c7beba8f6ef6643abd725e45a4e8387ef260649,G,18
0x9c9580a8915d2797fb9e9651c93ae1559d8a498e,CSCR,8
0x9c9e69e603fcd30f454062c9333889cbdabbc012,IMP,0
0x9ca8530ca349c966fe9ef903df17a75b8a778927,LCAI,18
0x9cb842f5c66305e50c5dea1447205aa68934e569,six window,0
0x9cc9d2189ef96fe6cd1c67cb5fdbdf8974e61cc6,ETH,18
0x9cdf242ef7975d8c68d5c1f5b6905801699b1940,WHITE,18
0x9ce84f6a69986a83d92c324df10bc8e64771030f,CHEX,18
0x9cf0ed013e67db12ca3af8e7506fe401aa14dad6,SPECTRE,18
0x9cf12ccd6020b6888e4d4c4e4c7aca33c1eb91f8,USDaf,18
0x9d0fc59f88acb85520a8cfb74c7fe141d8563185,SY-srUSDat,18
0x9d1a7a3191102e9f900faa10540837ba84dcbae7,EURI,18
0x9d39a5de30e57443bff2a8307a4256c8797a3497,sUSDe,18
0x9d65ff81a3c488d585bbfb0bfe3c7707c7917f54,SSV,18
0x9d70bae2944ffa477f37bae227fd981e6eb31982,AYNI,18
0x9db38d74a0d29380899ad354121dfb521adb0548,PT-USDG-28MAY2026,6
0x9dc39b51782d13e3d6a350553107089eacc0b336,Beaks,0
0x9dc44ae5be187eca9e2a67e33f27a4c91cea1223,POWER,18
0x9e18d5bab2fa94a6a95f509ecb38f8f68322abd3,OMIKAMI,9
0x9e243411f9364859630609d695ee54751854c110,ALONE,18
0x9e32b13ce7f2e80a01932b42553652e053d6ed8e,Metis,18
0x9e46a38f5daabe8683e10793b06749eef7d733d1,NCT,18
0x9e8db19882f365fbdc95a98ff28201182e360ccb,WGEN2,0
0x9e9fbde7c7a83c43913bddc8779158f1368f0413,PANDORA,18
0x9eaebd7e73d97e78c77fab743e6ffa1b550e224c,RXS,18
0x9eb6e2025b64f340691e424b7fe7022ffde12438,NORMIES,0
0x9ec1adcb83cecc9a37a2fbcdeecff427eb4ec632,SPCX,9
0x9ee5beb9786e3c5fb8de6b1e93cc904f4e5a3110,锄头,18
0x9f2f3e04c67ad0854a6b225d5fddbae513df0fcc,CAMEL,0
0x9f39b13bb472126d6937bf25a39338e664eefa82,alphaUSDCPrimeV2,18
0x9f4330700a36b29952869fac9b33f45eedd8a3d8,yBOLD,18
0x9f789177bcb66b4b5f98a603c6b90a320df224d6,SYNBO,18
0x9f8f72aa9304c8b593d555f12ef6589cc3a579a2,MKR,18
0x9f9c8ec3534c3ce16f928381372bfbfbfb9f4d24,GLQ,18
0x9fb7b4477576fe5b32be4c1843afb1e55f251b33,fUSDC,6
0x9fbb27bf81efded7b134d40aca9d49d6134368cb,ASTROID,9
0x9fbc6dc1a88eb27da1994a865665f9b084525ff3,Civitas,18
0x9ff7b37b84c05dfb08b4f50adb17a80a3fefd6ed,MAKA,18
0xa0157a1c38d4cada7d04edbef6451fd2e728ab3c,BIBI,18
0xa0246c9032bc3a600820415ae600c6388619a14d,FARM,18
0xa02c49da76a085e4e1ee60a6b920ddbc8db599f4,TREAT,18
0xa0601b3ce307fad0bb6d5a847ad51334cc9032ae,nasient,0
0xa06eb3e52dabf9aa7ff8ad1428b548c9a420aa20,STARBASE,9
0xa0863a90ef834b140497a176d7c69567b9cfcf68,www,0
0xa0b73e1ff0b80914ab6fe0444e65848c4c34450b,CRO,8
0xa0b86991c6218b36c1d19d4a2e9eb0ce3606eb48,USDC,6
0xa0c69824c820f36ca32666462405ea85f414409f,GNFT,18
0xa0d69e286b938e21cbf7e51d71f6a4c8918f482f,eUSD,18
0xa0ef786bf476fe0810408caba05e536ac800ff86,MYRIA,18
0xa1290d69c65a6fe4df752f95823fae25cb99e5a7,rsETH,18
0xa12cc123ba206d4031d1c7f6223d1c2ec249f4f3,ZAMA,18
0xa16685489081fa4005998b6cf4693a5df6b9e0f6,2€,0
0xa16dea1435ad59b5ce0011ba2e5b51573af66a5d,SPCX,9
0xa173af3ae7a03d529a2804d62e5d4b9ee464ec62,TCC,0
0xa17f383786cf2241affe41b130d8c373fdb34574,SPCX,9
0xa192755fa717590d55e638bce5a4942deb64b887,HIVE,6
0xa19cb4c1cc02252861c9caa9b823cce18e13789d,fwENA,18
0xa1aa371e450c5aee7fff259cbf5cca9384227272,PC,18
0xa1b014878d47c0836ed79163ddec55985adb7023,OISHII,18
0xa1b77341a939cdcc9432bcc7f2a5ecceebd8ae36,BUZZER,9
0xa1cd36ea789f909b10f6f4e286bba688a1278727,USDC,6
0xa1cd74243a9802f3ebdf658753f0a2467ba4146f,250,9
0xa1d0e215a23d7030842fc67ce582a6afa3ccab83,YFII,18
0xa1f410f13b6007fca76833ee7eb58478d47bc5ef,RJV,6
0xa1faa113cbe53436df28ff0aee54275c13b40975,ALPHA,18
0xa2120b9e674d3fc3875f415a7df52e382f141225,ATA,18
0xa21af1050f7b26e0cff45ee51548254c41ed6b5c,OSAK,18
0xa227cc36938f0c9e09ce0e64dfab226cad739447,OPEN,18
0xa250cc729bb3323e7933022a67b52200fe354767,fwWETH,18
0xa26938b7eb9f097e23e73af30c8f2ad6d06e3c6a,SY-jrUSDat,18
0xa27700e179d6c8064d7d5ba6f8ad98eedb70e0af,HARAMBE,9
0xa279ca693d66fe65ba0062d0218578f424249dfd,CYPH,18
0xa27ec0006e59f245217ff08cd52a7e8b169e62d2,AZTEC,18
0xa2a0b0cffdc2e9a5895fdf6be5eb79c6063be973,CUM,18
0xa2a6063b910fc7a7a286196f6c9b62b2797fa0ae,NPC,0
0xa2b1015e127ec34e053d0d5f5875e2ec62a77b73,LEGION,9
0xa2b4c0af19cc16a6cfacce81f192b024d625817d,KISHU,9
0xa2b70ba22e6d6d758c5cc1dc37bf3a0bfad67206,BULLS,9
0xa2cd3d43c775978a96bdbf12d733d5a1ed94fb18,XCN,18
0xa2e3356610840701bdf5611a53974510ae27e2e1,wBETH,18
0xa2e959b8c7d520ed46d1ecc26b39b10eed97b72b,SPCX,9
0xa2ed223d3b3cc5d3024803dc4a25681a7f5ea899,Auda City,18
0xa2f7605bf6de894f6fd57e7614cc385052d6e9cb,MB,0
0xa35923162c49cf95e6bf26623385eb431ad920d3,TURBO,18
0xa35b1b31ce002fbf2058d22f30f95d405200a15b,ETHx,18
0xa36ecca8b7624d224f01cd6649c8afad3da12c3d,SY-sENA,18
0xa37a5e61cfe36a2b31b756a20b9a6a1e09861952,SEALISH,0
0xa381dff70d0aad5ea915e70d5f6ce4e2d35b2b8f,CCATS,0
0xa3931d71877c0e7a3148cb7eb4463524fec27fbd,sUSDS,18
0xa393473d64d2f9f026b60b6df7859a689715d092,LTX,8
0xa3b1de376672c806eaa3448b04241836c65a6b0b,fyp,18
0xa3b4acfd0d070ddcd2ff3a9f20a3ab46080ad7cb,CLDS,0
0xa3c0ce01d059a6c384ade2ceaf76a9044e8a2953,USDT,6
0xa3d4bee77b05d4a0c943877558ce21a763c4fa29,ROOT,6
0xa3ee21c306a700e682abcdfe9baa6a08f3820419,G-CRE,18
0xa3fe5c7596024e6811e14f029937d5bd8ae485b3,thUSD,6
0xa45f8d30c0e4b94c8209d892cf904555d1295816,NYAN,18
0xa47c8bf37f92abed4a126bda807a7b7498661acd,UST,18
0xa4c567c662349bec3d0fb94c4e7f85ba95e208e4,msETHWETH-f,18
0xa50e7e551b127ed2a5b8728a3b029e21708573b7,锄头,9
0xa5181b097764c3fc2b9d6789cb2faf863c7f4a87,GREYS,9
0xa6b2909bf102bc899e7d8ed6cf8c30f06eeccf54,c2,18
0xa6c0c097741d55ecd9a3a7def3a8253fd022ceb9,AVA,18
0xa6ec49e06c25f63292bac1abc1896451a0f4cfb7,CSCS,18
0xa700b4eb416be35b2911fd5dee80678ff64ff6c9,aEthAAVE,18
0xa70e17c10a19c267af6a04311e385d5d4eb81ee7,USDT,6
0xa71d0588eaf47f12b13cf8ec750430d21df04974,QOM,18
0xa759a3d7127e7e1942d87cf552ef7eac57aff93c,PAIN,18
0xa780d7f775b4eff6846a8c28981f086bc6a7d637,SY-sUSDf,18
0xa7d12701385abb9814f220d2df705b9fe75bfdfa,SCADA,18
0xa7d8d9ef8d8ce8992df33d8b8cf4aebabd5bd270,BLOCKS,0
0xa811ed0d6c346631f1c8bbf31f00bb0c8f275ecc,USDT,6
0xa814cb65048883edf170c7cd4eafbd2f9304e992,VYUPGRADE,9
0xa820ce5aa894de295bae00eb07b52f72f2915e80,DELREY,9
0xa822198493b475dda879efca10d478f523c7a5d0,つむじ,9
0xa8268c5bb2907fb4f4e47ca46fa569bbd9c625fa,MMXM,0
0xa849eaae994fb86afa73382e9bd88c2b6b18dc71,MVL,18
0xa882606494d86804b5514e07e6bd2d6a6ee6d68a,WPLS,18
0xa8ed61ed722cf50728aac40ec1e4816be9811bb9,USDC,6
0xa91ac63d040deb1b7a5e4d4134ad23eb0ba07e14,BEL,18
0xa91c82b6933105c23298e631a0c1be751d239162,SOTU,18
0xa9299c296d7830a99414d1e5546f5171fa01e9c8,DGLD,18
0xa93d86af16fe83f064e3c0e2f3d129f7b7b002b0,COCORO,9
0xa9488a079a1bfea18e746e94cefbb1c5851c84fc,vb271828,9
0xa949101be849184c77e5ac1405aaf3cdf41da1b2,SPIKE,9
0xa98b2c64d227924d8e492c25e14a23b0dd439b32,GRV,18
0xa9b1eb5908cfc3cdf91f9b8b3a74108598009096,Auction,18
0xa9b48144d457294340f1e87824d84024825b66d5,fwCRCLon,18
0xa9c323d8dec959e688baf09ba031929913c62110,SQUIRE,18
0xa9c646e48be74a15c98646cf197450df3aab5dd5,BABYCURSOR,9
0xa9cf1f252d35234110aca0518cc3fab01934fc2a,ROBE,18
0xa9de7e79b35a7c2b4d586e1e1223ff70608cd902,NOIDS,0
0xa9e8acf069c58aec8825542845fd754e41a9489a,pepecoin,18
0xa9ecb0503075124cc0b786096849a331fbe9ee6d,aEthPT_USDG_28MAY2026,6
0xaa0c3f5f7dfd688c6e646f66cd2a6b66acdbe434,stkCvxCrv,18
0xaa150111d0bc46bbb72ea895d40f23fcb25c50a0,DAI,18
0xaa26754dd0c8310cb70f3b66daeab52c8cff3c30,H420,18
0xaa400fb23a41732a4b3c2d21ce5794f84a6d47a1,zzhh,0
0xaa462106da447c0440a4be29614c19387a59a331,ENSMAXIS,0
0xaa6e8127831c9de45ae56bb1b0d4d4da6e5665bd,ETH2x-FLI,18
0xaa6e91c82942aeae040303bf96c15a6dbcb82ca0,aEthEURC,6
0xaa7a9ca87d3694b5755f213b5d04094b8d0f0a6f,TRAC,18
0xaa83d0d730bc8db70523e16dad847962c57075e0,SHEL,0
0xaa95f26e30001251fb905d264aa7b00ee9df6c18,Kendu,18
0xaa9806c938836627ed1a41ae871c7e1889ae02ca,EDGEN,18
0xaaa9214f675316182eaa21c85f0ca99160cc3aaa,QANX,18
0xaaaaaa20d9e0e2461697782ef11675f668207961,AURORA,18
0xaaccf94170b173c8ccc2b2471454bdf4d63e1535,ETH,18
0xaaee1a9723aadb7afa2810263653a34ba2c21c7a,Mog,18
0xaaf793068afbc0e6ebd9a222e31e7e164cde7110,HARAMBE,18
0xab33ef51333c5202a914cdf20d19e4cbc10b3e7f,かぼちゃんが,9
0xab5eb14c09d416f0ac63661e57edb7aecdb9befa,msUSD,18
0xabd4c63d2616a5201454168269031355f4764337,ORDER,18
0xabec00542d141bddf58649bfe860c6449807237c,X,18
0xabec5e87d4cbe372e0e4a06d592b8b0055d50920,COGE,9
0xac0a340c1644321d0bbc6404946d828c1ebfac92,yb-tBTC,18
0xac0cfa7742069a8af0c63e14ffd0fe6b3e1bf8d2,yb-cbBTC,18
0xac26fa402f69844313155451bc2c4e14058423f2,LA,0
0xac3e018457b222d93114458476f3e3416abbe38f,sfrxETH,18
0xac3f0268e678b1676e1fa2e78b5efdf01550140f,ERTH,0
0xac51066d7bec65dc4589368da368b212745d63e8,ALICE,6
0xac57de9c1a09fec648e93eb98875b212db0d460b,BabyDoge,9
0xac6f2d0147d23ebb755d1206b50e87ccdcbe6110,Tsumuji,18
0xac7b5d06fa1e77d08aea40d46cb7c5923a87a0cc,HASH,18
0xac9b090d0a70cf8dae6320a484f57263f8319df4,COBC,18
0xaca92e438df0b2401ff60da7e4337b687a2435da,mUSD,6
0xacd2c239012d17beb128b0944d49015104113650,KARRAT,18
0xace8e719899f6e91831b18ae746c9a965c2119f1,USDon,18
0xad0162c38fce5316f34733a2e933d015eee2a79f,SHIKOKU,18
0xad038eb671c44b853887a7e32528fab35dc5d710,DBR,18
0xad15d1ad718a559006474e4a4bd1449e3d6a3b89,BT,0
0xad55aebc9b8c03fc43cd9f62260391c13c23e7c0,cUSDO,18
0xad5dd93974300a47878e2d3c7cd6071519c4a749,weth..,18
0xad6f05210ff9cf36e777adb0433693eb14c8979f,HH,0
0xad8fcaea3ff68ce9ffbe3f5b78d100af226124aa,STRX,9
0xadaf95906c05c5c5de12db00a38e0b02d7ffd5e9,LODE,18
0xade00c28244d5ce17d72e40330b1c318cd12b7c3,ADX,18
0xae12c5930881c53715b369cec7606b70d8eb229f,C98,18
0xae1edabac9a0dda644b2f7ec48759d37ab257f78,KEKIUS,9
0xae4533189c7281501f04ba4b7c37e3aded402902,WFCA,18
0xae53d5bdc95e83e956a2f29771b18175abb8273f,POFU,18
0xae78736cd615f374d3085123a210448e74fc6393,rETH,18
0xae788f80f2756a86aa2f410c651f2af83639b95b,MV,18
0xae7ab96520de3a18e5e111b5eaab095312d7fe84,stETH,18
0xae86261c403e8da7b71dcd3343ed9f1c8a972d63,ellenUSDC,18
0xaea46a60368a7bd060eec7df8cba43b7ef41ad85,FET,18
0xaeafdf5d8fd76a01f05426907e444e9381727abe,0x6D0F5149c502faf215C89ab306ec3E50b15e2892,18
0xaebbeaf2dc377a5646e47e2b8dee46bd164a9e46,RTCL,0
0xaebf575779fe0da8279efff4e9e8346b70a9d44e,POP,18
0xaed395b32bfd8646325bde57e78d14988fe869ca,c1,18
0xaee0388c9e0e94625254f8d458e30537d09ed52d,KAWAI,0
0xaeeaa594e7dc112d67b8547fe9767a02c15b5597,ANVL,18
0xaf1e52927d724fd34773bd53ada57f4c2b742069,SHIT,18
0xaf432777b46d66b7adf3c300dba6fcadfcb0e5e3,DEL,0
0xaf5191b0de278c7286d6c7cc6ab6bb8a73ba2cd6,STG,18
0xaf5372792a29dc6b296d6ffd4aa3386aff8f9bb2,eRLUSD-7,18
0xaf687b5ecb525ccea96115088999b4ed80c388b6,PT-apxUSD-5NOV2026,18
0xaf7c912cd49d4120890f6471937347b57eaf19f8,POLARIS,9
0xafae789e32efe88bd957dd0dcbdf7b2a80a9a110,PAYNE,18
0xafdfb2a9b2b70ed2b7118d43788a425c9be040f6,HENRY,18
0xafe79c798d5629488c954617d34af2c329df9c2a,CHR,0
0xaff2196bc8708ce497c670bcee40c6dfa77b1319,SV,18
0xaff2565091e7207191dbe340b8528d02fa78d044,ASTEROID,18
0xaffbe9a60f1f45e057fd9b6dc70004bb0ccc8b99,THQ,18
0xb0076de78dc50581770bba1d211ddc0ad4f2a241,EDGE,18
0xb06284923770cecbdd0807818ebab6389159f743,USDC,6
0xb06340abaed45a26235c3454436ff73f47586110,SAOS,18
0xb0ac2b5a73da0e67a8e5489ba922b3f8d582e058,SHIRO,18
0xb0f70c0bd6fd87dbeb7c10dc692a2a6106817072,BTC.b,8
0xb0ffa8000886e57f86dd5264b9582b2ad87b2b91,W,18
0xb10cb07ca2cdac77fbb5707f6690301f9d036f45,WIN,8
0xb10cc888cb2cce7036f4c7ecad8a57da16161338,SWITCH,8
0xb1110919016846972056ab995054d65560d5f05e,BILL,18
0xb131f4a55907b10d1f0a50d8ab8fa09ec342cd74,MEME,18
0xb14f73fcdd1d3781786c65ecf56207f8aea1b46f,AYA,9
0xb17548c7b510427baac4e267bea62e800b247173,SMT,18
0xb197e02499e6502733c6bce2eb39013c39a03147,PROS,18
0xb1ad6b54ea9038526379f34b4d55fa858457acf9,ALZWRLDCR,0
0xb1c2db5d6ca03fce73dbd304d320bf76c55ae1b1,USG,18
0xb1d1eae60eea9525032a6dcb4c1ce336a1de71be,DRV,18
0xb1f1ee126e9c96231cc3d3fad7c08b4cf873b1f1,BIFI,18
0xb1f470840a5a5082d1e298403f14549626fd0395,CALINU,8
0xb2089a7069861c8d90c8da3aacab8e9188c0c531,GREEN,8
0xb214b79eac9378a56d14d6e6d452150c80d6ad79,MEMEX,18
0xb23d80f5fefcddaa212212f028021b41ded428cf,PRIME,18
0xb24cbf80b377ea157e7646a9fb61921a096d0d18,NPC,0
0xb24ede6afbd5314f8362f3be174db5a4d669de98,ZEST,18
0xb2617246d0c6c0087f18703d576831899ca94f01,ZIG,18
0xb26c4b3ca601136daf98593feaeff9e0ca702a8d,ALD,18
0xb26cec50eb96db62082de79b6c718af7fc238851,ᑌSDT឵,6
0xb29dc1703facd2967bb8ade2e392385644c6dca9,GAGA,18
0xb2c30a561b78cc532ee8ad804fd48e1f5aab6845,NK,0
0xb2dbc10f4fa6113ac75eea254806f6a2aa4bf20b,SY tETH,18
0xb31561f0e2aac72406103b1926356d756f07a481,VOOI,18
0xb32cbee51ebc2c7f8268a1e2ded8f30b68f42381,S&P500,18
0xb3999f658c0391d94a37f7ff328f3fec942bcadc,HFT,18
0xb3a0f70c913aa04404bd177be9e20b47613830b6,AIB,9
0xb3c5a7f22674563487fcd53a58d173358b457f4e,FHC,0
0xb3f6297284dfa8da9639c3722e2896fa6cdc23dc,SYBIL,0
0xb3f7ae725a0e586d269aefcb43baf2533cccd910,SLUFF,0
0xb402dfee8137b2a7436dfb136a2d6fd523cf175e,DAI,18
0xb40725714fe8c547c5b0c1472cba3554efa81718,COINDEPO,18
0xb43053c49135249af1bd426f07d1cc4b45802657,MNTBL,0
0xb45ad160634c528cc3d2926d9807104fa3157305,sDOLA,18
0xb45e359ba27f30381904587c880d127cf7365f1f,ꓴЅⅮΤ,9
0xb45ffb51984d626ee758b336c61cf20990c6bf13,WRBNT,18
0xb47e3cd837ddf8e4c57f05d70ab865de6e193bbb,Ͼ,0
0xb47f575807fc5466285e1277ef8acfbb5c6686e8,TORUS,18
0xb48c6b24f36307c7a1f2a9281e978a9ef2902ba5,IMU,18
0xb4a4d57dce52930f541779198b7670e81d7020ae,,0
0xb4b9dc1c77bdbb135ea907fd5a08094d98883a35,SWEAT,18
0xb4c6fedd984bc983b1a758d0875f1ea34f81a6af,OVPP,9
0xb4d8860895dff6e30c6872075a7bdfff53b5e772,YT-USDG-24SEP2026,6
0xb4e16d0168e52d35cacd2c6185b44281ec28c9dc,UNI-V2,18
0xb4f36f4bdd6aef2cba1af8c985ef4f24cf98d60d,CHECK,0
0xb4fdc8df020c82759f00aa4cdea1ec5719714110,SAOS,18
0xb4ff7f6b1bcba5bb194199a11943f0193e6c3420,DAEMON,9
0xb50721bcf8d664c30412cfbc6cf7a15145234ad1,ARB,18
0xb50b38b6f7c8fc0d0cbedfefbcf0b72cba2a30a2,ZEI,9
0xb5123119fac07c1325a126cb3bea9d145907730e,OTO,18
0xb519d89cd3514ad5c71fb96a85a4832ba94c7d3a,DAEMON,0
0xb528edbef013aff855ac3c50b381f253af13b997,AEVO,18
0xb53ecf1345cabee6ea1a65100ebb153cebcac40f,O,18
0xb576765fb15505433af24fee2c0325895c559fb2,senPYUSDmain,18
0xb58e61c3098d85632df34eecfb899a1ed80921cb,ZCHF,18
0xb59490ab09a0f526cc7305822ac65f2ab12f9723,LIT,18
0xb5be35d8ff83d431899b95851cb17a2b4bcef150,PT-apyUSD-5NOV2026,18
0xb5d730d442e1d5b119fb4e5c843c48a64202ef92,SABAI,18
0xb5f7b021a78f470d31d762c1dda05ea549904fbd,RLS,18
0xb5ff0b0f9c2972801860d9ed823d648ace067aef,GPT4,18
0xb60fde5d798236fbf1e2697b2a0645380921fccf,STONK,18
0xb62132e35a6c13ee1ee0f84dc5d40bad8d815206,NEXO,18
0xb62371b37197391ac47aa0895604ec0d0a65e996,PLM,0
0xb645f59da20ff373f4d2f6001faca64454a31a3a,PERP,18
0xb64ef51c888972c908cfacf59b47c1afbc0ab8ac,STORJ,8
0xb684228a2b0c63d85390c67e83140509d22ff7fe,ETH,18
0xb6a37b5d14d502c3ab0ae6f3a0e058bc9517786e,ELEM,0
0xb6c2c2d2999c1b532e089a7ad4cb7f8c91cf5075,⦿⦿,0
0xb6d1960db6a611ae3302b87be26960a82bd7ebe2,cvxmsETHWETH-f,18
0xb6ee9668771a79be7967ee29a63d4184f8097143,CXO,18
0xb705268213d593b8fd88d3fdeff93aff5cbdcfae,IDEX,18
0xb72e76ccf005313868db7b48070901a44629da98,SQGROW,9
0xb74f399aac8335e44a50ffb8f7ece74b9db8c30e,NALA,18
0xb753428af26e81097e7fd17f40c88aaa3e04902c,SFI,18
0xb788144df611029c60b859df47e79b7726c4deba,VULT,18
0xb7b58a08668a180d8e6fddab1972f0a9a45b1110,Kotaro,18
0xb7f7f6c52f2e2fdb1963eab30438024864c313f6,WPUNKS,0
0xb7fb783381d0cf227c2a23ae2d62a43c08b70f12,OCC,0
0xb812837b81a3a6b81d7cd74cfb19a7f2784555e5,MSFTon,18
0xb8300ee6bb9619d0e23f727a7ef1b6efeaa177f5,LAFLOR,0
0xb84df8a4659bb12917ea90ce19bfc9d87b8dec2b,fwSOL,9
0xb87c087d0f6fbe2f7223c5410291cb82744102d4,NVF,18
0xb8b295df2cd735b15be5eb419517aa626fc43cd5,stLINK,18
0xb8c77482e45f1f44de1745f52c74426c631bdd52,BNB,18
0xb8c8a121c026ada1881679c8ef24e1248d47218a,SPERM,18
0xb8d89678e75a973e74698c976716308abb8a46a4,savUSD,18
0xb90b2a35c65dbc466b04240097ca756ad2005295,BOBO,18
0xb943fd1b9592e2cabc61feeee376d1349c46a12c,AB,18
0xb98d4c97425d9908e66e53a6fdf673acca0be986,ABT,18
0xb9a3e5cf8c4abf6fce8a7def4a995cd7f6740b37,LEET,18
0xb9f599ce614feb2e1bbe58f180f370d05b39344e,PORK,18
0xba100000625a3754423978a60c9317c58a424e3d,BAL,18
0xba11d00c5f74255f56a5e366f4f77f5a186d7f55,BAND,18
0xba1f8c91d736df1814ad455eaec0060c471cd294,锄头,9
0xba25b2281214300e4e649fead9a6d6acd25f1c0a,TREE,18
0xba3335588d9403515223f109edc4eb7269a9ab5d,GEAR,18
0xba386a4ca26b85fd057ab1ef86e3dc7bdeb5ce70,JESUS,18
0xba3f535bbcccca2a154b573ca6c5a49baae0a3ea,dEURO,18
0xba47214edd2bb43099611b208f75e4b42fdcfedc,GOOGLon,18
0xba50933c268f567bdc86e1ac131be072c6b0b71a,ARPA,18
0xba5bde662c17e2adff1075610382b9b691296350,RARE,18
0xba5ed44733953d79717f6269357c77718c8ba5ed,U,18
0xba83b5ed3f12bfa44f066f03ee0433419b74f469,BEST,18
0xba9c6fb7d80db0f7f1cd8a6246c9c0e51a837f1e,NORML,18
0xbab408750e3ed457c1118e92fec5b2e81993b110,Trilly,18
0xbabafdd8045740449a42b788a26e9b3a32f88ac1,PRSN,0
0xbadff0ef41d2a68f22de21eabca8a59aaf495cf0,Kabosu,18
0xbae265fd5e61674eb4f12e52ec0c552ca94ea943,sky window,0
0xbb057b406adfbf0930d71f8bac0413132e30bbc3,SBX,18
0xbb0e17ef65f82ab018d8edd776e8dd940327b28b,AXS,18
0xbb27794717988395eb1e32eefd4ec5e6e36c067b,AAVE,18
0xbb2b8038a1640196fbe3e38816f3e67cba72d940,UNI-V2,18
0xbb3f7b263e328ad555f0caf18c107007a1101bc6,ĖTḨ,18
0xbb7018c772d5ea105805f028791a8476f0e9edbd,USDT,6
0xbb785e8333c1782e58780c498ebe6919c1f7713a,FGCEF,9
0xbb8774fb97436d23d74c1b882e8e9a69322cfd31,AMZNon,18
0xbb97e381f1d1e94ffa2a5844f6875e6146981009,WBX,18
0xbbb0b72173f1818e0ce263699edd48f1720d8041,ETH,18
0xbbb1b8510946cc72de4d40e4750be5e7858cd110,dih,18
0xbbbbca6a901c926f240b89eacb641d8aec7aeafd,LRC,18
0xbbc1625c04088c675aac0833969e39ae0bf5ecbb,GREED,18
0xbbd346ec3df33588a4df800783e7dbac19b3db11,USDT,6
0xbc396689893d065f41bc2c6ecbee5e0085233447,PERP,18
0xbc417c2b68ec72b90d107b266e5367e0e10f07d0,RBN,0
0xbc4b4ac47582c3e38ce5940b80da65401f4628f1,ewstETH-2,18
0xbc4ca0eda7647a8ab7c2061c2e118a18a936f13d,BAYC,0
0xbc920c7fa25d3cd5606394aa4c6751d71dcb7930,K9,18
0xbcb59a77ae866230e9c8d7e03c1c779b8f0d2bc0,NYX,18
0xbcb917b096eaf5bc775ffdbcf6e40f790b723110,词元,18
0xbcc9548ba13e2e2200ef607e6aae4628d6c3d14e,ÚЅDТ,6
0xbcd3e58adb563452ce8463c847e4688144a74110,M&M,18
0xbcda9e0658f4eecf56a0bd099e6dbc0c91f6a8c2,sil,8
0xbd0a974966f31e38ef8b40d419a7420ef095f503,DIOR,0
0xbd1d1b459be1066e1de6e46d13e027c0e33c7ebe,ETH,18
0xbd216513d74c8cf14cf4747e6aaa6420ff64ee9e,UNI-V4-POSM,0
0xbd31ea8212119f94a611fa969881cba3ea06fa3d,LUNA,6
0xbd3531da5cf5857e7cfaa92426877b022e612cf8,PPG,0
0xbd3ab5859f244cc9f51ee0ca755c5cf663d80040,PRISM,18
0xbd4dfc058eb95b8de5ceaf39966a1a70f5556f78,CHFAU,6
0xbd821d84770b65f679a47452367258cf86579d02,KOHAKU,9
0xbd8f502aeb913af49161a40518b76fd4b6449653,Maxim USA,9
0xbdb13add477e76c1df52192d4f5f4dd67f6a40d8,BUNNZ,0
0xbdb37597c7e84d898a5536fbb6e4a5c2bcac640b,BLOTIX,18
0xbdbdbdd0c22888e63cb9098ad6d68439197cb091,BDXN,18
0xbdf43ecadc5cef51b7d1772f722e40596bc1788b,SEI,18
0xbe0ed4138121ecfc5c0e56b40517da27e6c5226b,ATH,18
0xbe1936a67f503e0eaf2434b0cf9f4e3d7100008a,PROS,18
0xbe1a001fe942f96eea22ba08783140b9dcc09d28,BETA,18
0xbe3d4ec488a0a042bb86f9176c24f8cd54018ba7,SY-sUSDS,18
0xbe53a109b494e5c9f97b9cd39fe969be68bf6204,yvUSDC-1,6
0xbe5f01ad9f30ae0a093e27ee92d4d2c37ead7947,ACC,18
0xbe75d09f423d81ad63bc511b49462e216d394836,GRIFTER,0
0xbe8a61fab04c929555681671f302fb0cbf387110,Translaric,18
0xbe9371326f91345777b04394448c23e2bfeaa826,OSP,0
0xbe9895146f7af43049ca1c1ae358b0541ea49704,cbETH,18
0xbeb2484179fe6669e2dc7777314731bcdb1da645,ETH,18
0xbed97cdce077eeaab0f7bcba4a3bdfbaba4139fc,万岁,9
0xbeef007ecfbfdf9b919d0050821a9b6dbd634ff0,techblockEURCV,18
0xbeef01735c132ada46aa9aa4c54623caa92a64cb,steakUSDC,18
0xbeef047a543e45807105e51a8bbefcc5950fcfba,steakUSDT,18
0xbeef050ecd6a16c4e7bffbb52ebba7846c4b8cd4,steakETH,18
0xbeef088055857739c12cd3765f20b7679def0f51,steakUSDC,18
0xbeef0c075da5d01112ae5cf34d257074fb5ddb2f,steakEURCV,18
0xbeef69ac7870777598a04b2bd4771c71212e6abc,steakLRT,18
0xbeefb9f61cc44895d8aec381373555a64191a9c4,vbshUSDC,18
0xbeeff047c03714965a54b671a37c18bef6b96210,bbqSUDCreservoir,18
0xbeeff2c5bf38f90e3482a8b19f12e5a6d2fca757,bbqUSDC,18
0xbeefff209270748ddd194831b3fa287a5386f5bc,bbqUSDC,18
0xbf22c716169b057e07efdf7a57aac881259127a5,WEI,18
0xbf2e353f5db1a01e4e7f051222c666afc81b2574,DOGEFATHER,9
0xbf34800c264e0fce097935dc2149a1ff10bd5110,BTW,18
0xbf5047039f2980c21eb5692c790bad8a9533b900,pmfrxUSD,18
0xbf5495efe5db9ce00f80364c8b423567e58d2110,ezETH,18
0xbf59dbc154421a7b37f4f2841e11f4ed2a1dee7c,EDEL,18
0xbf98480425a29197e5d99d003017f63a1e595d02,SY-sUSDE,18
0xbfabe62623cb69596f9e894685399fb4de07a110,neitzshce,18
0xbfe940532b0e29652790c30c4fbd8d852fcfa2fe,DM,0
0xbff60b8814fc15434cf2530c14eca86f480542f9,FWORLD,0
0xbff88d391b2297711482e77bb7c0c17064ea5c62,sheldn,18
0xc00db6b41473d065027f5ed6fada20fde75f142e,KRWQ,18
0xc00e94cb662c3520282e6f5717214004a7f26888,COMP,18
0xc011a73ee8576fb46f5e1c5751ca3b9fe0af2a6f,SNX,18
0xc02aaa39b223fe8d0a0e5c4f27ead9083c756cc2,WETH,18
0xc04652032048e7420cdba519898e733fbe6efe49,DELREY,9
0xc049b3383de1f218c5f20de4d631ef398bbbc693,Rafa,9
0xc05e0e564c9292abdb52f843acedb093b78b0f45,CALI,9
0xc061bdccbd014530548f1e453196c024f982e05d,BAOLI,0
0xc07b71af017bc07046bfbc6ef403429bc57a1110,potwb,18
0xc08e7e23c235073c6807c2efe7021304cb7c2815,XUSD,6
0xc0a5eacc07d0fda055b523a29dcbf9ca1539d878,USDC,6
0xc0c17dd08263c16f6b64e772fb9b723bf1344ddf,pmUSD,18
0xc0f2be569d2666e34ba7b2e0c93f61bce9f6684f,FPEPE,0
0xc0f8f4c953916ad2774e6b51610de85f2f2b80c0,SUSHI,18
0xc0ffee8ff7e5497c2d6f7684859709225fcc5be8,MYTHICS,0
0xc114cf69972e3c1b4b529e0418012c01fcf9e725,BEAR,9
0xc1202ba5175dc6062ed1ed3d14fb83d54549efe3,LUP,0
0xc123727e8bf0d61edc8dcfa66b545929056fa8d0,fwTSLAon,18
0xc123fd15ce0a4a0740d7928eeb0af2987e13cd49,GOONER,18
0xc139190f447e929f090edeb554d95abb8b18ac1c,USDtb,18
0xc1799cab1f201946f7cfafbaf1bcc089b2f08927,SY-USDG,6
0xc18360217d8f7ab5e7c516566761ea12ce7f9d72,ENS,18
0xc1906aecf868749a2dee203f59b904c0cf212140,PT-USDG-24SEP2026,6
0xc192b03b5e05e6a9b304e563522059d94cef560b,ETH,18
0xc1c51c5c9efaf0c485aa1097ae9690b5e102975a,eBOLD-1,18
0xc1d484c77329d76a954d971cff2eff836cec45f2,Cpunks,0
0xc1fe2e3876907969b8686288df91c2b42ae932ab,CPNK,2
0xc20059e0317de91738d13af027dfc4a50781b066,SPK,18
0xc210b2cb65ed3484892167f5e05f7ab496ab0598,LYX,18
0xc21b08c16458202593d4d9b26b9984ee67b38bbd,senPYUSDPRIMEv2,18
0xc221b7e65ffc80de234bbb6667abdd46593d34f0,wCFG,18
0xc226286ced25d96bcec1578a3ab582cf5fbdc512,DRONE,0
0xc240bdb0754a395a4ddb00e09720284f1f18bffe,CXT,18
0xc274a97f1691ef390f662067e95a6eff1f99b504,TinFun,0
0xc2a211e799fd588f3c1be5bc22559b6a222a0776,ETH,18
0xc2ec6a9f3a153a8f7adacd7db7466307dfdfc4d5,EVAI,9
0xc321dda4391c1763547b8725d3cbc36e65d40d5d,TIMMY,9
0xc329400492c6ff2438472d4651ad17389fcb843a,DC_wstETH,18
0xc32b0cf36e06c790a568667a17de80cba95a5aad,cvcrvUSD,18
0xc33d8da1561b2a966f3fcfe88157e9cd193b5254,ETH,18
0xc34a3bfc7b9c93fa0154f2454c591c157dc5f89e,TAMA,18
0xc36442b4a4522e871399cd717abdd847ab11fe88,UNI-V3-POS,0
0xc3748a120d72d870977af3477fb1454c815e732a,plWbtc,18
0xc39c1bbc2aefe80fd1a063ccdd003119814abee2,RSF,9
0xc3a640bd249381f8097f44c1b61c46172068cdff,Session,9
0xc3d2b3e23855001508e460a6dbe9f9e3116201af,MARS,9
0xc3d688b66703497daa19211eedff47f25384cdc3,cUSDCv3,6
0xc3dcdfb76ee8575e923bef9240cf58a9a7a222e0,wENAT,0
0xc3f42ca0dcdfc9390a4ef881cb25116f5682def1,XCEO,18
0xc3f822e94c321dd3ee53ca46b78098ea79b7ec8d,BTCBULL,18
0xc3fb8520f3ac8628803d3def39f3982a47465ddc,inferior,0
0xc43c6bfeda065fe2c4c11765bf838789bd0bb5de,RED,18
0xc4441c2be5d8fa8126822b9929ca0b81ea0de38e,USUAL,18
0xc46c08d19312a3f92ead748157f062b1f83fd433,fwMNT,18
0xc46d665b24eb53569b030df8a79d700e6acfd4b4,USDC,6
0xc477b6dfd26ec2460b3b92de18837fd476ea7549,JCT,18
0xc477d038d5420c6a9e0b031712f61c5120090de9,BOSON,18
0xc4b47fe6f37bb06a50c28ebf525c18b137be14b2,ALIENS,9
0xc4b9fb5d07743e5e5af802157bab1abea47421c3,つむじ,9
0xc4cc7190b7f73269198c4a904a7dcf648b158fa5,ETH,18
0xc50673edb3a7b94e8cad8a7d4e0cd68864e33edf,PNKSTR,18
0xc520c117be1fe2a493f35260cb5df383ed0e3e13,CALI,18
0xc522a6606bba746d7960404f22a3db936b6f4f50,reusdscrv,18
0xc52c326331e9ce41f04484d3b5e5648158028804,ZCX,18
0xc54b4e08c1dcc199fdd35c6b5ab589ffd3428a8d,vbgtUSDT,18
0xc555d625828c4527d477e595ff1dd5801b4a600e,MON,18
0xc56c7a0eaa804f854b536a5f3d5f49d2ec4b12b8,GME,9
0xc581b735a1688071a1746c968e0798d642ede491,EURT,6
0xc5903ced3c193b89cbbb5a0af584494c3d5d289d,KIRO,10
0xc59316516a3fa4ee8c0c769f2276833d99a929b2,USDT,6
0xc5b32dba5f29f8395fb9591e1a15f23a75214f33,PLP-USDG-28MAY2026,18
0xc5d6a7b61d18afa11435a889557b068bb9f29930,sUSDD,18
0xc5f0f7b66764f6ec8c8dff7ba683102295e16409,FDUSD,18
0xc61455f43df2de01428996e7a5b85706dd19e96e,LAST,18
0xc63899eb113cd5dbbc1bad3bffc9b613eb3e82a3,ᑌSDT឵,6
0xc65d71b3362b2c26be51eb9b52191ec9aec2bf9e,ETH,18
0xc689f76f90fe1762fac55983ff25ae71033a84f7,PT-sUSDat-27AUG2026,6
0xc6bedc08f3e3f76932a0e34665a9b56dfc37da8d,RSF,9
0xc6f9aae6821e7a91b9dcfa3dc7a6929aecebb3ee,SESSION,9
0xc71b5f631354be6853efe9c3ab6b9590f8302e81,ZK,18
0xc71ea051a5f82c67adcf634c36ffe6334793d24c,waEthLidoGHO,18
0xc75b63530a41237df6f61adba68b6241567165ad,DODOS,0
0xc760d3fdd5ee8d34d42840923d7e588a4ff2f110,REDDIT,18
0xc770eefad204b5180df6a14ee197d99d808ee52d,FOX,18
0xc772bbc7574d2e5f7ca687630afd69dc7ad270f7,COGE,9
0xc77867d630dbe567d219a86fddbe7ef1f0670fdc,ALIENS,9
0xc7cdcfdefc64631ed6799c95e3b110cd42f2bd22,sparkUSDTbc,18
0xc7e4254a72169fdf7a2e080462724f2f642daf7e,ELIEN,9
0xc7e67762821b2ed6c0a1f423547b2899822d8650,WGAME,0
0xc7f134a2b3d4de89ae8e942db3a2c1776e034a99,DYNMCSGNLS,0
0xc83e27f270cce0a3a3a29521173a83f402c1768b,USDQ,6
0xc84448229e29bf8dad3f774f6f1b380c0b8941d3,WĖTḨ,18
0xc845b2894dbddd03858fd2d643b4ef725fe0849d,NVDAx,18
0xc8807f0f5ba3fa45ffbdc66928d71c5289249014,ISP,18
0xc8bd181abf6835f88ff2fc52570402604425a702,WHITE-RABBIT,18
0xc8c424b91d8ce0137bab4b832b7f7d154156ba6c,APM,18
0xc8cf6d7991f15525488b2a83df53468d682ba4b0,sUSDf,18
0xc8ef3b1a4816b6a331fa7b56e5fe348b26bb8152,mood,0
0xc8fb80fcc03f699c70ff0cc08c09106288888888,CTM,18
0xc944e90c64b2c07662a292be6244bdf05cda44a7,GRT,18
0xc9746f73cc33a36c2cd55b8aefd732586946cedd,BOB,18
0xc98a910ede52e7d5308525845f19e17470dbccf7,WILC,8
0xc98d64da73a6616c42117b582e832812e7b8d57f,RSS3,18
0xc9b53ab2679f573e480d01e0f49e2b5cfb7a3eab,WXTZ,18
0xc9bfebc79a722c05dc34bd2a227ef2db19fd1b8e,SY-srUSDe,18
0xc9d198089d6c31d0ca5cc5b92c97a57a97bbfde2,SPR,0
0xca14007eff0db1f8135f4c25b34de49ab0d42766,STRK,18
0xca3d917e63a65e9ff94d07fabc29d516e22770b1,Ad Astra,9
0xca468554e5c0423ee858fe3942c9568c51fcaa79,HIMSon,18
0xca530408c3e552b020a2300debc7bd18820fb42f,RYU,18
0xca5e50710f656f2e537ce2fc8504db6e24ed3515,XCL,18
0xca76bf98b6e44df7360da8650e701f6d9d94bb58,MK,18
0xca7c2771d248dcbe09eabe0ce57a62e18da178c0,UNI-V2,18
0xca960e6df1150100586c51382f619efcccf72706,yscvxCRV,18
0xcab254f1a32343f11ab41fbde90ecb410cde348a,FROGE,18
0xcab84bc21f9092167fcfe0ea60f5ce053ab39a1e,Block,18
0xcabcc33d9ff7e24f413d939773d232c0d50dcc7f,STONE,18
0xcabd955322dfbf94c084929ac5e9eca3feb5556f,MSTRon,18
0xcacd6fd266af91b8aed52accc382b4e165586e29,frxUSD,18
0xcb07529529f86d9b5815ddb62f7be44b2291b22a,NETCP,18
0xcb1592591996765ec0efc1f92599a19767ee5ffa,BIO,18
0xcb20b537f5df50bccc00fe6a8eb4d57b14a89a03,ORTA,18
0xcb278c3882ae1d5c3838591e25d9e396b4e5e3e8,MSASH,0
0xcb6e31a81002115e3aff3f4a1e247036798742bf,USDC,6
0xcb76314c2540199f4b844d4ebbc7998c604880ca,BERRY,18
0xcb7a26d457b51b7794dfeca018751edd22491d7b,NPCAI,18
0xcb891c8f1e3a4d04229e4d871dc27124411d8952,SPCX,9
0xcb913fa68f965bf5b2cbcb516e4f5cb42f8c8e38,SPSN,18
0xcb9d388d56df083ea1e02c042e19c86cdf760fae,pedrians,0
0xcbb7c0000ab88b473b1f5afd9ef808440eed33bf,cbBTC,8
0xcbc0038b1f3a52f96e11c58e7808256b78d8ea81,USDC,6
0xcbde0453d4e7d748077c1b0ac2216c011dd2f406,TERMINUS,9
0xcc2d60f2026149708aeefabf8b1f9c62f13cad54,EBISU,0
0xcc4304a31d09258b0029ea7fe63d032f52e44efe,SWAP,18
0xcc72a24452cdae7889c90f654db47f66b646931d,CHILLHOUSE,18
0xcc7ed2ab6c3396ddbc4316d2d7c1b59ff9d2091f,HYDRA,18
0xcc8fa225d80b9c7d42f96e9570156c65d6caaa25,SLP,0
0xccb365d2e11ae4d6d74715c680f56cf58bf4bf10,WEPE,18
0xccc8cb5229b0ac8069c51fd58367fd1e622afd97,GODS,18
0xcccc62962d17b8914c62d74ffb843d73b2a3cccc,cUSD,18
0xcccccccccc33d538dbc2ee4feab0a7a1ff4e8a94,CFG,18
0xcd1ac22e5175f1d5bb5b83e882e4b0311e2394e8,SLOPPACK,0
0xcd21a60fb9f981dc1274f15ecaa250941edabd4e,GM,0
0xcd30a25138cae9ee7d8bfb7313a38a867ccdaa51,America250,18
0xcd33b7c674f9eba77969973d9f03f91e881f1110,万岁,18
0xcd5fe23c85820f7b72d0926fc9b05b43e359b7ee,weETH,18
0xcdb9f907bd8828be9643b39cd4638d362fd6e9c4,KEKIUS,18
0xcdbddbdefb0ee3ef03a89afcd714aa4ef310d567,VERTAI,18
0xcdf7028ceab81fa0c6971208e83fa7872994bee5,T,18
0xce1c5d9608538aeeb9de7a64cc9bc7b5f03604c1,RATIC,0
0xce7a61d155623f5eb867a322100a5a6e2c917311,DEPNKS,0
0xce7e5667091cc30f959470b126cb9cfe4c5274e0,USDT,6
0xce82213c4bae42e1c04880ea64a53eef73e195de,FLORK,9
0xcedbea37c8872c4171259cdfd5255cb8923cf8e7,XAN,18
0xcf0c122c6b73ff809c693db761e7baebe62b6a2e,FLOKI,9
0xcf3c8be2e2c42331da80ef210e9b1b307c03d36a,BEPRO,18
0xcf5104d094e3864cfcbda43b82e1cefd26a016eb,H,18
0xcf62f905562626cfcdd2261162a51fd02fc9c5b6,sfrxUSD,18
0xcf91b70017eabde82c9671e30e5502d312ea6eb2,puppies,9
0xcfcecfe2bd2fed07a9145222e8a7ad9cf1ccd22a,ADS,11
0xd001ae433f254283fece51d4acce8c53263aa186,RLUSD/USDC,18
0xd05aaa3fb32112d4df6f0b4dd785a532c1bb8403,Percolator,18
0xd09185df1d4b966ac559fa72ce5e6adf5dc5ffe3,CLUTCH,9
0xd09429754e4257ef38acbbea0e2436ecab7c0581,Gangsters,0
0xd0a6053f087e87a25dc60701ba6e663b1a548e85,LRDS,18
0xd0cc2b0efb168bfe1f94a948d8df70fa10257196,VIBESTR,18
0xd0ec028a3d21533fdd200838f39c85b03679285d,NEWT,18
0xd101dcc414f310268c37eeb4cd376ccfa507f571,RSC,18
0xd108c815d0d093cf54a9e24632a362e7b7ebe064,fwSKY,18
0xd11c452fc99cf405034ee446803b6f6c1f6d5ed8,tETH,18
0xd13975b9889c82eb321d9373d09d0877492ee1a7,PRSB,0
0xd13c7342e1ef687c5ad21b27c2b65d772cab5c8c,UOS,4
0xd13cfd3133239a3c73a9e535a5c4dadee36b395c,VAI,18
0xd166337499e176bbc38a1fbd113ab144e5bd2df7,sUSDat,18
0xd1afec50fd77f49984632098144e3b1e3b0f477e,sky window,0
0xd1b5651e55d4ceed36251c61c50c889b36f6abb5,sdCRV,18
0xd1ba9bac957322d6e8c07a160a3a8da11a0d2867,HMT,18
0xd1d185d9ab66d9f1e4832f77a4b8198866542255,USDT,6
0xd1d2eb1b1e90b638588728b4130137d262c87cae,GALA,8
0xd21ec37d5c94fd10ffcd7f33e4d64da200980313,锄头,9
0xd26114cd6ee289accf82350c8d8487fedb8a0c07,OMG,18
0xd286d1665e0c7a6bc55101a8ae4c4002bad5d8a6,SPCX,18
0xd2877702675e6ceb975b4a1dff9fb7baf4c91ea9,LUNA,18
0xd29191a6d2aae7c0e60f4722018832addf4b9831,PEPENODE,18
0xd29da236dd4aac627346e1bba06a619e8c22d7c5,MAGA,9
0xd29f8980852c2c76fc3f6e96a7aa06e0bedcc1b1,llamathena,18
0xd2a530170d71a9cfe1651fb468e2b98f7ed7456b,AUDF,6
0xd2af830e8cbdfed6cc11bab697bb25496ed6fa62,WOUSD,18
0xd2feab243bd8a41a024ed41bb17fb1415be11358,DRAGON,9
0xd2ff1f2858aa169c7c32a0c08c2f38470299bb04,THD,0
0xd31a59c85ae9d8edefec411d448f90841571b89c,SOL,9
0xd32add8b90b5edd111493edc14f0e42bed13a110,DOGEUS,18
0xd33526068d116ce69f19a9ee46f0bd304f21a51f,RPL,18
0xd33dcae13e1aea4a190d7eeb71c92dcc7893ac27,pPNKSTR,18
0xd3404ea0fdd7d298a2906da9ad6c92a28e833d1b,ETH,18
0xd37508e971dbfa5edd57251a2e5a9900a101b63d,USDC,6
0xd38bb40815d2b0c2d2c866e0c72c5728ffc76dd9,SIS,18
0xd3d9ddd0cf0a5f0bfb8f7fceae075df687eaebab,TEST,0
0xd3e4ba569045546d09cf021ecc5dfe42b1d7f6e4,MNW,18
0xd3fd63209fa2d55b07a0f6db36c2f43900be3094,wsrUSD,18
0xd4158d45a4cd4c8cf5bc8ecf5f1230fc4abb218e,TIMMY,9
0xd4419c2d3daa986dc30444fa333a846be44fd1eb,ZIK,18
0xd46ba6d942050d489dbd938a2c909a5d5039a161,AMPL,9
0xd479349a4818a5523bc36464cd9ea746f03ccb4b,YD,0
0xd48e565561416de59da1050ed70b8d75e8ef28f9,USDnr,6
0xd498d27da31ff780b27e16c53e38e88c758c3a85,LINK,18
0xd4b7d9bb20fa20ddada9ecef8a7355ca983cccb1,QRKS,0
0xd4d4fb35d105c55938d5530c2e45b32364711519,USDC,6
0xd4d77c49af2cda3d2d38985a23ca07d19794b2d8,TAMA,9
0xd4e43c86334940a246daae8908c9b3cfb97c6817,Ucore,18
0xd4f4d0a10bcae123bb6655e8fe93a30d01eebd04,LNQ,18
0xd4fa2d31b7968e448877f69a96de69f5de8cd23e,waEthUSDC,6
0xd503bc0fa0f5ef171405d211d64faf3e0702bd84,TRUMP,9
0xd5090c41908090be6e851d65f64297cf1a9cf20e,OBSESSION,18
0xd533a949740bb3306d119cc777fa900ba034cd52,CRV,18
0xd536e7a9543cf9867a580b45cec7f748a1fe11ec,ORX,18
0xd53d674b7f100b50f3f5d6f7de6ac87ea219e769,锄头,18
0xd547e74f382bb20432f3ea3b51e5abdffc516d0b,DEVOID,0
0xd55c9fb62e176a8eb6968f32958fefdd0962727e,FHE,18
0xd580c7c9cde5ce776feed844310330a2a40078d9,SPARK,18
0xd596ffcd875e30e91608b1e4029882466e1b7ee4,STRBRY,0
0xd5f7838f5c461feff7fe49ea5ebaf7728bb0adfa,mETH,18
0xd646ceca75b504a07c640111b8b5f6a7c6b68537,BARK,18
0xd6996ab8b609bbca518ceeb2aabc0e2ad5d750bc,MCll,0
0xd774557b647330c91bf44cfeab205095f7e6c367,NKMGS,0
0xd7773610c4b307ebc96017fa3ea5ed3fb0cf3e5d,USD,18
0xd78835b711f31444921348de7104762d8d060d38,GitHub,18
0xd799b320c8c56876ba95262f8561b73685319396,MIKKOBOY,0
0xd7a7394294f4687966c60a1f68920f29688bf546,BABYASTEROID,9
0xd7c49cee7e9188cca6ad8ff264c1da2e69d4cf3b,NXM,18
0xd7c7aab06d758d20fb46940f2b43c681f5d472a4,MEDJ,18
0xd7d4c13f310990d2ee8e4cd009d2d0c3785f085b,CTO,18
0xd7de63d74837202b0ed8494bb9a216a9275bb110,PAYNE,18
0xd7efb00d12c2c13131fd319336fdf952525da2af,XPR,4
0xd81a8b5be59ceae0f9e27455a998b4fdac9fa0a3,ENSU,0
0xd83304a3d88323175eb041dd83fd85a5581759ab,TERAFAB,9
0xd83c7fdf9d76dec865a0501016439344b6a938f1,PMAI,18
0xd865c50466bee01d5f18b693f83ec0127d73948f,PERI,0
0xd8912c10681d8b21fd3742244f44658dba12264e,PLU,18
0xd8a271974e8edae9d7b58e3370dc1669427503f4,BLEND,18
0xd8b27cf359b7d15710a5be299af6e7bf904984c2,eWETH-2,18
0xd8c947dbd1b1aea01e83fd1c990fd502a5cba110,Heist,18
0xd8c978de79e12728e38aa952a6cb4166f891790f,$ROAR,18
0xd8f1200650fb2e28b8a068d4bc4d53c4d8984990,ChinaHorse,18
0xd9016a907dc0ecfa3ca425ab20b6b785b42f2373,GMEE,18
0xd92d0c8f84588f6c3873498881897c604d4fcc4c,CAVER,0
0xd939212f16560447ed82ce46ca40a63db62419b5,MYC,18
0xd95b85374c81beb44d16a5c9ce06893766841348,Kujira,18
0xd99939759b0bd5bb1e0864ee032148c5ad5a2e69,BUFFDON,18
0xd9a442856c234a39a81a089c06451ebaa4306a72,pufETH,18
0xd9b0ffe4e5227a6aed04fdfcff79a4ec41855dee,pEMP,18
0xd9d0de559ff79b3a4a572658ed8975a4b00c2719,LC,0
0xd9fcd98c322942075a5c3860693e9f4f03aae07b,EUL,18
0xd9ff8396554a0d18b2cfbec53e1979b7ecce8373,cyb-wbtc,18
0xda5d03f441e13ad74876e5fa1851cbfadab1f332,TRIX,18
0xda5e1988097297dcdc1f90d4dfe7909e847cbef6,WLFI,18
0xda69e583bdce680b5376c9c795faef91bd636b9b,GB300,9
0xda7ad9dea9397cffddae2f8a052b82f1484252b3,RIVER,18
0xda822e072ecd495ddffdfdb4d1d43a2c46131e68,XRP,18
0xda938b0b6fe5be61738863d594390faf7b4893a6,DА1,18
0xdab396ccf3d84cf2d07c4454e10c8a6f5b008d2b,GFI,18
0xdac17f958d2ee523a2206206994597c13d831ec7,USDT,6
0xdae017bb164227c518f33d06f86154d924e1ce7b,USDC,6
0xdae0fafd65385e7775cf75b1398735155ef6acd2,TRUU,10
0xdb25f211ab05b1c97d595516f45794528a807ad8,EURS,2
0xdb5ad84de286b41ab16a806d07dc52367f5fa5b7,czk,0
0xdb6ba5d510f114f9b2ea08bea7d30e32eee33411,BSB,18
0xdb85f6685950e285b1e611037bebe5b34e2b7d78,WZANO,18
0xdb8f1d15880b97dc38edfa46d8a5a7e5b506c45f,SY-srNUSD,18
0xdb93058fd20cad85afd063c9aa6ba015cd2d4910,CUM,18
0xdb9351d0982010c3c42aaa0f1cae1c54f75445c7,GPT4,18
0xdbb5cf12408a3ac17d668037ce289f9ea75439d7,WMTX,6
0xdbb7a34bf10169d6d2d0d02a6cbb436cf4381bfa,ZENT,18
0xdbd9232fee15351068fe02f0683146e16d9f2cea,wQQQx,18
0xdbdb4d16eda451d0503b854cf79d55697f90c8df,ALCX,18
0xdbdc1ef57537e34680b898e1febd3d68c7389bcb,siUSD,18
0xdbf1703e5d29afefbf1bd958ce7a6023c67f3e5d,fwcbBTC,8
0xdc035d45d973e3ec169d2276ddab16f1e407384f,USDS,18
0xdc36f21e7a83c1afcec5396e50ff54753932bc6c,PAWN,18
0xdc45492c27dc311800823a6379436138510f6953,XLBT,0
0xdc5bfd8c2074e807eeaa8830f69957f47d1a6110,potwb,18
0xdc91d4d3e23f776b3b1f0292a3b0b3dd33626ad3,DAI,18
0xdc9a5a2e3ce7ac881fc3b28c629c05d1617d1c56,PT-reUSDe-25JUN2026,18
0xdca5ba2eabe2a1d4eec59e4cfa225e47f4b5e1c3,MUST,0
0xdcabcf7353a0d862e4a57fcfadb5881769c4b7bc,COGE,9
0xdcd0f5ab30856f28385f641580bbd85f88349124,alUSD,18
0xdcd7c8d5511280f0b4919df227a9b3363f5bc420,SNACK,18
0xdce7bfe9ad997c1676cae8c5b5468272e878e5ad,FLUXETO,0
0xdd014935f2942ff87e5af2111b7b43776ebfb110,TIMMY,18
0xdd0f28e19c1780eb6396170735d45153d261490d,gtUSDC,18
0xdd167502a53030f13fd362494e9ed3e0a189431b,GrapeFUSD3CRV-f,18
0xdd2bc73583a17ad4876bcc3e2a83870601081110,X-Android,18
0xdd3b11ef34cd511a2da159034a05fcb94d806686,REKT,18
0xdd468a1ddc392dcdbef6db6e34e89aa338f9f186,MUSD,18
0xdd8ad2b5698070a6d29bc6921d0aa8a3a9a6d782,BIRB,6
0xdd974d5c2e2928dea5f71b9825b8b646686bd200,KNC,18
0xddb3422497e61e13543bea06989c0789117555c5,COTI,18
0xddc0f880ff6e4e22e4b74632fbb43ce4df6ccc5a,reUSDe,18
0xdddd73f5df1f0dc31373357beac77545dc5a6f3f,pUSD,6
0xddfbe9173c90deb428fdd494cb16125653172919,SWK,18
0xde30da39c46104798bb5aa3fe8b9e0e1f348163f,GTC,18
0xde4ee8057785a7e8e800db58f9784845a5c2cbd6,DEXE,18
0xde52a8da4085da1a616276b0026a91fc48ba3181,SATOS,0
0xde6c23e561f3e55846207ec45a91b777e0f7c889,trSHUSDCp,18
0xdef1b2d939edc0e4d35806c59b3166f790175afe,INX,18
0xdef1ca1fb7fbcdc777520aa7f396b4e015f497ab,COW,18
0xdefa4e8a7bcba345f687a2f1456f5edd9ce97202,KNC,18
0xdf4c0665e67cf0698447ca9e454ed56cc6f2df1e,T6900,18
0xdf4f3749bb4e96bf91a67c7e873d9c04198d924a,UNI-V2,18
0xdf55670e27be5cde7228dd0a6849181891c9eba1,STGUSDC-f,18
0xdf661d17eb5c1f8d1c404a44013b9c28afa82430,RUD,9
0xdfad37e05c4a203cd9aca0f856407a0634f5b467,UNI-V2,18
0xdfc5964141c018485b4d017634660f85aa667714,ODIN,18
0xdfcc2ddae7fa54a3851ccf8d17e563f1a0fc7ae7,AI,18
0xe0053ccc33e2f123d5bb24806dd14ace60226b85,fwLINK,18
0xe010ec500720be9ef3f82129e7ed2ee1fb7955f2,USDG-GLOW,6
0xe012baf811cf9c05c408e879c399960d1f305903,KODA,0
0xe06a65e09ae18096b99770a809ba175fa05960e2,FXNETH-f,18
0xe0b7ad7f8f26e2b00c8b47b5df370f15f90fcf48,SOLX,18
0xe0c530448080ba52fa4bd7a1686dbf5c78cb5509,TEST,18
0xe0d576b4b31d6e858b16f0d0da8068f83060de2b,USDT,6
0xe0f63a424a4439cbe457d80e4f4b51ad25b2c56c,SPX,8
0xe103f85c23577675f82438a2866c7ee3bbc9c8c8,RUBT,6
0xe10e26899704f77c2c3927b53ece41a65f913c0d,BP,0
0xe1102ab2f00d15723216f60650064e7c6de7fb87,Civitas,18
0xe1753f2e00940cc31213dd92013cf019dfe4ca1d,sGho,18
0xe17c57af88d9c75ba43c810dad118c8a3ebc431a,QAI,18
0xe1850dd20349cdac18c597d80130e837b6de0d1d,fwCOW,18
0xe19d1c837b8a1c83a56cd9165b2c0256d39653ad,sdFXN,18
0xe1b4d34e8754600962cd944b535180bd758e6c2e,agETH,18
0xe1be424f442d0687129128c6c38aace44f8c8dbc,ZKP,18
0xe2249b90faa3d0d2a630a2c6cdee31351a732fed,ETH,18
0xe225711d5e77d54a928590c1b90a6d82b9d4d0bc,WTF,0
0xe22deabf5b174437092ae9ac79761b03ef178ca8,SY-WOUSD,18
0xe28b3b32b6c345a34ff64674606124dd5aceca30,INJ,18
0xe29901dda18e4613b923b338cd44a20af382dbd5,USDT,6
0xe29a3abb9bd051d7c2b8266531afd3e464f0671f,fwMETAon,18
0xe2ad0bf751834f2fbdc62a41014f84d67ca1de2a,ERA,18
0xe2e7a17dff93280dec073c995595155283e3c372,spUSDT,6
0xe2f3d42443605fc4ad5bce82f0e9bfffbcffa6ca,TBCD,18
0xe310b35e2a8ef1afa8845fc82337c53ad484176d,fwSNX,18
0xe3190143eb552456f88464662f0c0c4ac67a77eb,aHorRwaRLUSD,18
0xe33679565212f14d68131851751e1050e15db857,PLANCK,18
0xe343167631d89b6ffc58b88d6b7fb0228795491d,USDG,6
0xe346e4a8d43e295809b4114b27de77f07a6e1964,,0
0xe347cb951060736f24a2a4b43f24b5b77a844018,CALI,9
0xe379b29738f9c6bc0d360a5b2ad25b11f891613e,BUZZER,9
0xe3872dd4eba50598c54b2aa21b04c71fc37b000b,NEXI,18
0xe39f4ce96233c0653b3f15dca13fbbad61340f51,USDC,6
0xe3c408bd53c31c085a1746af401a4042954ff740,GMT,8
0xe3d9b8085014f5de3696dec5353f256cacc4700f,HRS,0
0xe41d2489571d322189246dafa5ebde1f4699f498,ZRX,18
0xe430a5152d594e16344a28a04b7e40c3f8450838,BASTEROID,2
0xe48c3334c53d2111111ec3e4527e86e9c44a7a11,KOAL,0
0xe4babaa960ba7d37860f3fe00d7b95d3868e8edc,NBISon,18
0xe4db1c5a1b709ce4d2ada6985d9d506e58f73829,trSHUSDTp,18
0xe4ef2a128226bf026493ef40a189865acd1f0cd8,YT-srUSDat-27AUG2026,6
0xe4f007aaeb8087217c632cbbd08aa70aa37e2d04,Flacies,0
0xe53ec727dbdeb9e2d5456c3be40cff031ab40a55,SUPER,18
0xe5497e598e3dc66e3f346e2764f1449d0366b029,ETH,18
0xe556aba6fe6036275ec1f87eda296be72c811bce,NUSD,18
0xe5635b29e84b0a0170038b24dbae22cb641e30c2,CIL,18
0xe593a2a9e0dfcec0c846f4e59200e411bd721110,Babel,18
0xe5af1b1d13fe216afc7154403f0e34b129169a18,tmscXAUt,6
0xe5c7b9e4d20032d5d7d137c2e5d7633fe7268ac8,IFF,9
0xe60201989b8628f43dc0605f585a72bcf1f1e977,CLORE,18
0xe60e9bd04ccc0a394f1fdf29874e35a773cb07f4,AP,18
0xe6134112239f17143bf13a423325ed6336691c1b,឵឵ԜᎬΤH,18
0xe62cebedbc93a49f2d839a3ae29b7fdc7a969d34,USDT,6
0xe6423de1f06e3f0af27d3ca776e9446ecbdc354b,CTOC,18
0xe6829d9a7ee3040e1276fa75293bde931859e8fa,cmETH,18
0xe6bfd33f52d82ccb5b37e16d3dd81f9ffdabb195,SXT,18
0xe6da118e1a2b63cf4b6fd8fa3e78c2d832aaf110,ALIENS,18
0xe6dfa67ffe4d1d281871e4bc0d4743538f3b1110,GLADIAS,18
0xe72b141df173b999ae7c1adcbf60cc9833ce56a8,ETH+,18
0xe73d53e3a982ab2750a0b76f9012e18b256cc243,N,18
0xe76c6c83af64e4c60245d8c7de953df673a7a33d,RAIL,18
0xe7c3d8c9a439fede00d2600032d5db0be71c3c29,JPYC,18
0xe7c6bf469e97eeb0bfb74c8dbff5bd47d4c1c98a,HSK,18
0xe7de654984667718436cf06af19736a1c7339110,SAOS,18
0xe7df13b8e3d6740fe17cbe928c7334243d86c92f,spUSDT,6
0xe7e7e741c23a4767831a56a8c99f522c5ac1e7e7,EV,18
0xe83814d48e2f61a60fa8fa29aca4b048051ff76f,AiBots,0
0xe8524434131bfde8ead553859ad42c8798c68a91,CGLD,18
0xe8700100ab61e83225205d60799dffd8bafa4c79,SESSION,9
0xe88baab9192a3cb2c0a50182ab911506e5adc304,SENT,18
0xe895b32a53f5ba5f2cf57e418388163927615bed,RSF,9
0xe8aa1a9ec6b9bc455d8f33e4bdc685dedff82407,sentUSD,6
0xe8e1f50392bd61d0f8f48e8e7af51d3b8a52090a,fwUNI,18
0xe92344b4edf545f3209094b192e46600a19e7c2d,ZKML,18
0xe937655c648156b6088894fe06a69d04694de2c1,Sin,0
0xe956e8edae44d8959753762aac43a4223ff14c7a,PENNI,0
0xe9689028ede16c2fdfe3d11855d28f8e3fc452a3,BUBBLE,18
0xe96c0836a9e33e581c9e977360b91d885b5c3385,Kaufen,0
0xe9732d4b1e7d3789004ff029f032ba3034db059c,PATRIOT,18
0xe9a53c43a0b58706e67341c4055de861e29ee943,ELMNT,18
0xe9a95d175a5f4c9369f3b74222402eb1b837693b,NOW,8
0xe9b076b476d8865cdf79d1cf7df420ee397a7f75,FUND,9
0xe9b176ccaa8840dc3b3567bb83e2cd2a6c36f4ab,stZAMA-KMS,18
0xe9fb7d40b6addea93cbe61a3e0916f830a1d51c4,SHEEP,18
0xea12e9792f6541deb8b10c8fac7c10479d586645,EGGCORP,0
0xea51d7853eefb32b6ee06b1c12e6dcca88be0ffe,variableDebtEthWETH,18
0xeb15a54e462e1ec239c09f1e6aa322b45c8da225,SHIBA,18
0xeb1a81845234f75b412b654415b0f1ae5e8f4339,KING,18
0xeb4c2781e4eba804ce9a9803c67d0893436bb27d,renBTC,8
0xeb964a1a6fab73b8c72a0d15c7337fa4804f484d,HEMI,18
0xebc233bd2dd7222bb100a0867b7313acbbfccb25,PAYNE,18
0xebfce659d4c1b41472ea36765e9be0f933e943ed,ETH,18
0xec241cc4727e6541ccd06be785edff501d34e5f9,GORK,9
0xec2af1c8b110a61fd9c3fa6a554a031ca9943926,USDm,18
0xec4ef66d4fceeba34abb4de69db391bc5476ccc8,aEthUSDtb,18
0xec53bf9167f50cdeb3ae105f56099aaab9061f83,EIGEN,18
0xec67005c4e498ec7f55e092bd1d35cbc47c91892,MLN,18
0xecb0f0d68c19bdaadaebe24f6752a4db34e2c2cb,pmcrvUSD,18
0xecc70579a7c37df608c709f115e5b4dec680bfd3,NFA,0
0xecdbbd6ee90d87a0c21b1574d82b766909cd9141,Epoch Frames,0
0xecfeeaa43e4837d5a97d961d08910bab56a2a6a1,GPT,18
0xed04915c23f00a313a544955524eb7dbd823143d,ACH,8
0xed12920731ce0e4c61d52fa1580c0092fd5bd1fe,転生,18
0xed35af169af46a02ee13b9d79eb57d6d68c1749e,OMI,18
0xed5475fc1790daf94c6c5ad3f9c1625af507b45c,ROBE,9
0xed5af388653567af2f388e6224dc7c4b3241c544,AZUKI,0
0xed6387c3d25be09b4245913e9050f9f383016e43,USDT,6
0xed73eea7982204ef682317420c298c381873916c,ETH,18
0xedd57a57db1d4910792c8a0dd0a8dd3ff47f48ed,USDT,6
0xede67e203f9883d11dfc69397a92a4c274b8a42f,ASX,8
0xee08674bcf1b41e7a4ce4cf0a0111fd7633c680b,PTARDIO,18
0xee11e063f35ec7d0fd2e1ac769cea1547b6346d5,UMBRA,0
0xee1dc6bcf1ee967a350e9ac6caaaa236109002ea,ABT,18
0xee1eedbeb328efd4b57dbdf5ec6a67d80b838ba3,VERIDIA,9
0xee20e170b37b11042753784db37cf66be3fed260,THEM,0
0xee7527841a932d2912224e20a405e1a1ff747084,SHX,7
0xeeac6f50dee34b083eb9d382c8b212a20e065de5,Logd,18
0xeeb036dbbd3039429c430657ed9836568da79d5f,CC0MON,0
0xeeb4d8400aeefafc1b2953e0094134a887c76bd8,AVAIL,18
0xeee2f0c81c721b48636fc6955e41214e313f16d7,VY,18
0xeef9f339514298c6a857efcfc1a762af84438dee,HEZ,18
0xef2e81f4b31d5be8b06c620994a54542e558db1b,HPD,9
0xef3a930e1ffffacd2fc13434ac81bd278b0ecc8d,FIS,18
0xef87f4608e601e8564800265aee1c1ffadf73283,fwUSDT,6
0xefc056790bb19702b2164ec6ea6ba3ae01d81195,USGfrxUSD,18
0xefc814a4c676a7314a13954e283de6cef597e6b2,MIND,18
0xf0052c6659dcbf207249aee3055a986da6b1a957,Ebola,9
0xf042cfa86cf1d598a75bdb55c3507a1f39f9493b,COINon,18
0xf05e58fcea29ab4da01a495140b349f8410ba904,clevCVX,18
0xf069c41f4b3ebf551fe0015e06333b15ee175c32,YT-sUSDD-27AUG2026,18
0xf06ad052b0d8d511d0b6f00100b8e402639209ef,GRASS,18
0xf091867ec603a6628ed83d274e835539d82e9cc8,ZETA,18
0xf09a536a1cf28648771c60e85aa422ba87e0cb6b,LCRTN,0
0xf0a976eb2e8d76da3b2de71dab265a02b173f561,MORTALZ,0
0xf0bb20865277abd641a307ece5ee04e79073416c,liquidETH,18
0xf0c2a724e9bd9541b870b908f6daf9f7d8936110,SAOS,18
0xf0d33beda4d734c72684b5f9abbebf715d0a7935,NTX,6
0xf0db65d17e30a966c2ae6a21f6bba71cea6e9754,BARD,18
0xf0de2f0803e1716522628842232ae22c74eb728d,BNW,0
0xf0f9d895aca5c8678f706fb8216fa22957685a13,CULT,18
0xf109ba50e6697f2579d5b073f347520373c2adb3,pPDRA,18
0xf10c41ca085fc8d9326a65408d14dae28a3e69a5,ISLM,18
0xf12ec0d3dab64ddefbdc96474bde25af3fe1b327,STACY,18
0xf1376bcef0f78459c0ed0ba5ddce976f1ddf51f4,uniETH,18
0xf145f43c3f9eabf22e1fadc002f9780c584007db,PRL,18
0xf1604487727dc82a4bd17cc913e4eba5d553d139,COSMUNDO,0
0xf17e65822b568b3903685a7c9f496cf7656cc6c2,BICO,18
0xf18b79f1478022ab809890bc34e97bbadc08718a,GLADIAS,18
0xf19304e6bfe0a18d2a0171758aa433921f192897,KNX,18
0xf19308f923582a6f7c465e5ce7a9dc1bec6665b1,TITANX,18
0xf1948303be5b20a22fe436c16d73f89623530a8d,USDT,6
0xf1c9acdc66974dfb6decb12aa385b9cd01190e38,osETH,18
0xf1ca44eea3a4effcb195a970a2f1d8553f76f9a1,alphaUSDCCoreV2,18
0xf1df7305e4bab3885cab5b1e4dfc338452a67891,PALM,9
0xf1f435b05d255a5dbde37333c0f61da6f69c6127,cyb-tbtc,18
0xf203ca1769ca8e9e8fe1da9d147db68b6c919817,WNCG,18
0xf20a1f286c311c65dfba18e619d734a2134bf110,ALIENS,18
0xf230b790e05390fc8295f4d3f60332c93bed42e2,TRX,6
0xf280b16ef293d8e534e370794ef26bf312694126,ASTEROID,9
0xf2c88757f8d03634671208935974b60a2a28bdb3,SHELL,18
0xf2d94b9ad25738958b894248a87f2423e487c9ef,CALI,9
0xf32881bbb3dee6d37e65ca1892e75eedd36c8d34,RYUJIN,0
0xf347ee86d77ffa9601db4f0761e8e8e9a9e9ccdf,CDG,18
0xf34960d9d60be18cc1d5afc1a6f012a723a28811,KCS,6
0xf34fff37a4f9bb59c26c9af705c4f38785480013,PAIT-SUB,0
0xf3a4fcf23715b3f8d2049c9fba16e3c39e06ab25,DATAHOUSE,18
0xf3b70b119b20d67dade218db41da6117d8c9f0e8,ETH,18
0xf3b9569f82b18aef890de263b84189bd33ebe452,CAW,18
0xf3dcbc6d72a4e1892f7917b7c43b74131df8480e,BDP,18
0xf3e4872e6a4cf365888d93b6146a2baa7348f1a4,SLVon,18
0xf40220ca947790c8a22c71abf7b5e3aeedb7e0f1,PM,0
0xf404e5f887dbd5508e16a1198fcdd5de1a4296b8,MRVLon,18
0xf411903cbc70a74d22900a5de66a2dda66507255,VRA,18
0xf442ff10b8def89514560a66c0ad28777094636a,wA7A5,6
0xf470000571e8226770db0ce3c65a098a51adf375,PRISM-LP,0
0xf4c13d631450de6b12a19829e37c8e2826891dc4,avUSD,18
0xf4d0cf32908b2c7f1021339c43df0f77f06896d7,USDCUSDat,18
0xf4d2888d29d722226fafa5d9b24f9164c092421e,LOOKS,18
0xf4ee3157ca3bf124c8f11b35a550e93a029aaa80,DELREY,9
0xf4fbc428ecf1e855f4079629cf2c38148f291728,REKT,18
0xf4fbc617a5733eaaf9af08e1ab816b103388d8b6,GLW-BETA,18
0xf5581dfefd8fb0e4aec526be659cfab1f8c781da,HOPR,18
0xf566360eae687cfb39597f51a31aed64dfbe7171,ETH,18
0xf576e1f09e2eb4992d5ffdf68bec4ea489fa417d,ULTI,18
0xf57d49646621f563b0b905afc8336923ac569ec5,NEX,18
0xf57e7e7c23978c3caec3c3548e3d615c346e79ff,IMX,18
0xf5b5efc906513b4344ebabcf47a04901f99f09f3,UBX,0
0xf5beb2262780cc3b1464139a6f77fdb59f050907,drooling,18
0xf5f5b97624542d72a9e06f04804bf81baa15e2b4,crvUSDTWBTCWETH,18
0xf618179d940e3642b45d0bbbce1831f9537fbf30,万岁,9
0xf629cbd94d3791c9250152bd8dfbdf380e2a3b9c,ENJ,18
0xf62e7068f934048706d8b016b83a7eed8ff1a7fd,KnightMare,0
0xf65632c11ce3a073b6d18f9d018f5f8f1e239535,ÚЅDC,6
0xf6b1117ec07684d3958cad8beb1b302bfd21103f,TSLAon,18
0xf6ebea08a0dfd44825f67fa9963911c81be2a947,superUSDC,6
0xf6f94fabd422301244b221306733ff67dee3a5ba,GRND,18
0xf729f878f95548bc7f14b127c96089cf121505f8,ANATA,0
0xf72ae3e0da743033abd7a407557d684c1ae66aed,XL1,18
0xf7e4b9eb91fcd3aa6efc791831fb39e210dce365,LTC,0
0xf7e945fce8f19302aacc7e1418b0a0bdef89327b,IZE,8
0xf80b67a32df07960c731794769309e3d30e9717f,PLP-USDG-24SEP2026,18
0xf816507e690f5aa4e29d164885eb5fa7a5627860,RATO,9
0xf8173a39c56a554837c4c7f104153a005d284d11,EDU,18
0xf8246dcc165f300b1e2f0f714a388fa70ec57ac4,vANTIX,18
0xf87e31492faf9a91b02ee0deaad50d51d56d5d4d,LAND,0
0xf8a6f43ce478aac1db99c07661dfd3acb5890792,NCX,18
0xf8d21f15fe2f6341abf189f478a7e065d0146953,CALI,18
0xf8ebf4849f1fa4faf0dff2106a173d3a6cb2eb3a,TROLL,18
0xf8f173e20e15f3b6cb686fb64724d370689de083,HEI,18
0xf9078fb962a7d13f55d40d49c8aa6472abd1a5a6,clevCVX-f,18
0xf939e0a03fb07f59a73314e73794be0e57ac1b4e,crvUSD,18
0xf944e35f95e819e752f3ccb5faf40957d311e8c5,MOCA,18
0xf94e7d0710709388bce3161c32b4eea56d3f91cc,DSync,18
0xf94f39c7ccbafb38c1725611dc609ac5327206a7,COGE,9
0xf951e335afb289353dc249e82926178eac7ded78,swETH,18
0xf970706063b7853877f39515c96932d49d5ac9cd,YALA,18
0xf985005a3793dba4cce241b3c19ddcd3fe069ff4,ALCXFRAXBP-f,18
0xf99fc81f6b10d3fc4c041ad076e93c2dcd279615,BUBBLE,18
0xf9a9cfd3229e985b91f99bc866d42938044ffa1c,lsSKY,18
0xf9ad106debd339579bebc0014273c88092177dc2,BG,0
0xf9ca9523e5b5a42c3018c62b084db8543478c400,LAKE,18
0xf9cd960da57ce6fadfd762c5355e3e107a869f54,DOGEUS,9
0xf9ce7108a79e8fc454c3d415baa208870cb85fcd,RFC,0
0xfa14fa6958401314851a17d6c5360ca29f74b57b,SAITO,18
0xfa1c09fc8b491b6a4d3ff53a10cad29381b3f949,FF,18
0xfa2b947eec368f42195f24f36d2af29f7c24cec2,USDf,18
0xfa360e299288ad767a85fd52ec7e69a5a24bad60,U឵S឵Dꓚ,6
0xfa3e941d1f6b7b10ed84a0c211bfa8aee907965e,HAY,18
0xfa626a85462459f75f9d912551338fffd8d64c17,PAYNE,9
0xfa630c01145cc46e640f58c3d11d937e3deb599f,ANON,0
0xfa6d07fb903fe51f1a3a6357791f1de49deeb2e3,INX,18
0xfa82580c16a31d0c1bc632a36f82e83efef3eec0,aEthRLUSD,18
0xfaa9a0e1db9e22ae3a20b2b58a68dc24d053d066,srUSDat,18
0xfab99fcf605fd8f4593edb70a43ba56542777777,ZBT,18
0xfaba6f8e4a5e8ab82f62fe7c39859fa577269be3,ONDO,18
0xfadb26d5d0cf7f091f9abd10ac5b25cca75b7752,W឵EΤ឵H,18
0xfae19aff9053df8dfcb1f8300309e6b9363a77a0,LSTSGNLS,0
0xfb072b42907da2bf7a8e8cb5dcaa790d45fd81a8,K,18
0xfb22c2be22fff507c052cc31b59093ace4bcd1c2,SLAYER,9
0xfb7b4564402e5500db5bb6d63ae671302777c75a,DEXT,18
0xfbd5fd3f85e9f4c5e8b40eec9f8b8ab1caaa146b,TREAT,18
0xfbeef911dc5821886e1dda71586d90ed28174b7d,KODA,0
0xfbf3c16676055776ab9b286492d8f13e30e2e763,yb-WBTC,18
0xfbfd264d8b20dacb645e45ee01ada9953354e502,MF,0
0xfbfe051422c419ef755f0ead7fe23480dc335110,IMAG,18
0xfc1c93a2507975e98b9d0e9260ded61a00152bf1,NAVI,18
0xfc807058a352b61aeef6a38e2d0fc3990225e772,jrNUSD,18
0xfc82bb4ba86045af6f327323a46e80412b91b27d,PROM,18
0xfc8443a5b6cccbcede94a7ec62a65c0553fcf621,USDT,6
0xfc9d98cdb3529f32cd7fb02d175547641e145b29,WORM,18
0xfca59cd816ab1ead66534d82bc21e7515ce441cf,RARI,18
0xfca88920ca5639ad5e954ea776e73dec54fdc065,🖨️,18
0xfca89d55a768375ab7ca04485a35a964bea828dd,DELREY,18
0xfcc5c47be19d06bf83eb04298b026f81069ff65b,yCRV,18
0xfccca1d0ad74f2a99021d7494459547c64c835e5,USDT,6
0xfccd6fbca272b4cc11069402f4123b070b7838f9,KIMCHI,9
0xfcd7ccee4071aa4ecfac1683b7cc0afecaf42a36,BLAZE,18
0xfcf141f7296e957980624723e4ac661463dcc92c,COGE,18
0xfd36fa88bb3fea8d1264fc89d70723b6a2b56958,wXTM,18
0xfd418e42783382e86ae91e445406600ba144d162,ZRC,18
0xfd5be4e7e2888bb2dc497c16bf6d1bb53efe1110,COGE,18
0xfd9f809c35dbfcb71f1590d9fb7ea47f08e531d3,USDT,6
0xfda09936dbd717368de0835ba441d9e62069d36f,INTCon,18
0xfdc7cbfd5226dab1701a3d28d658e871d7811b9b,Babel,9
0xfdfdf5db2f4a72cb754ffa8896ea012dc2cc0f5e,RGTIon,18
0xfdff543f0aa25d74c09880bf6a6b518d84f44933,SYMB,0
0xfdffb411c4a70aa7c95d5c981a6fb4da867e1111,SAHARA,18
0xfe0acb714049c2bd9859ea33315c9e445c57ca98,Harambe,9
0xfe0c30065b384f05761f15d0cc899d4f9f9cc0eb,ETHFI,18
0xfe233163daf81861750bdaeaf30f2b4036648bd8,MASK,18
0xfe6a6523228e929353d64895ae24eaf71d72a198,ZEI,9
0xfe89e9e6228c0e6d15ccbe2070b1c57bd7f2eeab,CBNM,0
0xfe9b9ceecec10469bf2c51d3f0bb20ab300ce2af,TAROT,0
0xfeac2eae96899709a43e252b6b92971d32f9c0f9,ANYONE,18
0xfedc5f4a6c38211c1338aa411018dfaf26612c08,SPYon,18
0xfee293840d23b0b2de8c55e1cf7a9f01c157767c,DEGEN,18
0xfeec77e6206ce5d184ba749211ac26f3dfab806c,fwAZTEC,18
0xfeedf398124aafeb6a36351c924bd00a361ea89a,LOKI,9
0xfefe594bf6ed065b0faa408ac94bd8ce28c24110,250$,18
0xff003fbe8b8d5e7f271a9cb9f2780003daed2aa8,FLOOD,18
0xff20817765cb7f73d4bde2e66e067e58d11095c2,AMP,18
0xff56cc6b1e6ded347aa0b7676c85ab0b3d08b0fa,ORBS,18
0xff836a5821e69066c87e268bc51b849fab94240c,шайлушай,18
0xff9637a519d272df09778fa13350f88fade43081,PUMPERS,18
0xffb22327d97426ecb1c20200599475d16dc71110,COGE,18
0xfff3e31fbab60ea73ea4a11ea796877f73d77e0f,cvcrvUSD-gauge,18
