address,is_root,discovery_depth,in_degree,out_degree,total_degree
0x4f89fb6893499c2ada917c2aa67405c201a48253,true,0,0,1,1
0x8a6ddf7670913bc3b0e6f41bcc79ccb6b6ccd09d,false,1,1,1,2
0x9642b23ed1e01df1092b92641051881a322f5d4e,false,2,4182,5817,9999
0x000061098769e3558c3a7a86a58aa7046221795e,false,3,1,0,1
0x002d2b05e6b55cf720129caee2852b99b1779787,false,3,0,1,1
0x003372b4039a8b531fe2fa1583d139d3593446b8,false,3,5,0,5
0x004ca129c71da487afd603bb123b12398a3c5a23,false,3,4,0,4
0x0051cc1d8bbf0b3373b02e22ea5a2fe483266cea,false,3,55,0,55
0x005340befd099952d9434e09c07ff614a1510a66,false,3,0,2,2
0x0058962144b9ae405ee629b930262c97daa66826,false,3,16,0,16
0x007a5cec5d1a3e03c30d748a4970b8337bb38fa1,false,3,3,0,3
0x007fe362aa9d8f480bdae4c71e57ba06fba03684,false,3,3,0,3
0x00923cb9ec8464619cfe3eaa4346b86236fcc351,false,3,0,1,1
0x00ad7d991a51e44ae351b6cab2eb9828ddabaf53,false,3,4,0,4
0x00cfb84b2f98ba70ab588eab1407ae1dfcccc676,false,3,0,1,1
0x00debf90dde729b59602ee90e9dc945e010af465,false,3,0,37,37
0x0109f05fee50fc2fb80812914b4c72c320986bf0,false,3,0,1,1
0x0116d1645e5cd365f6a7b08b260eacbe309fba9f,false,3,0,1,1
0x01524e8a9cb3f73d7f49abad8f2e8a9fca75fde4,false,3,1,0,1
0x01540228a1468d069370d6d5837a121e333dd108,false,3,1,0,1
0x0158bcb7b937fc6c48f595389e0363306fc283ef,false,3,0,1,1
0x0188a23e0a0bd4512a4cca1a21593a011a130eb3,false,3,1,0,1
0x018cf36803663adff658824ae638bcf4b8c60575,false,3,0,2,2
0x018f84affce4661cc04af4d04b7e2aa02076e5ed,false,3,0,1,1
0x019f1e9c0bcb48c25dfcb76cdff5d3c1070d95a5,false,3,0,1,1
0x01ab585585d4f8411998ca5a34e0865869bc81ad,false,3,1,0,1
0x01ba37edaf57e8d0d4af3fc68d4d1452eef32c6d,false,3,1,0,1
0x020ab13274bbc13a323939b92f54eb802034e009,false,3,2,0,2
0x022fb2b1b995eef8753196167c17068d15160144,false,3,5,0,5
0x024c315cdd4551b4c04d07cac4642631cf38ab95,false,3,0,5,5
0x0255fcf88d78da37ca912a5fa6759818e3984466,false,3,4,0,4
0x030d375d4136a34a6c704d5c3d5770c7b46e4c72,false,3,0,2,2
0x030e2d77766077b7fc77d3b53d73ca635029fc9f,false,3,2,0,2
0x032f18275e63ad106fa0d4d3cdba3de0c1cb77de,false,3,0,22,22
0x035385966f2f476c8d03a4f419e63d5c6be9c6e3,false,3,3,0,3
0x03579ecb0ba3487417491049187d2aac23b27f43,false,3,1,0,1
0x035ae7d933dcbfe617ffba194a88af0c2867b90c,false,3,51,0,51
0x035f2ade029f1d198f24de2a67a26d0cdf40ea49,false,3,2,0,2
0x03631c388fb01e0d929627b614eeb501c0ef9dce,false,3,0,130,130
0x03d7ebd2ab2c60854167d1deb41023c04488543f,false,3,0,29,29
0x03d8d222a0dda7bf318caf216e662c05009b6f36,false,3,1,0,1
0x0417aedd07e33e841fa38c268d54d35ca58473f5,false,3,1,0,1
0x041ca3afc8678836c21b18e2bb49c18ed25000d5,false,3,5,0,5
0x047651bd2df4c0acfdd2aac0e4b3eb7397014199,false,3,0,1,1
0x04b2e8e63a2554104040f356026eda48210acaed,false,3,0,3,3
0x04c0e9b7ac9337362bcad5a86c0e11a31cc75b93,false,3,0,1,1
0x04cf611980c04ef62a9a1524236fb51a88decd2a,false,3,0,2,2
0x04f3c684ef184f249dd11cd1f3ec8f677586a397,false,3,0,4,4
0x0505a082d5e68f4d4beaedfab9d132f2dfa96745,false,3,270,0,270
0x050d7a5d2c230f1bedfedd7578a3f5e342fbde29,false,3,0,1,1
0x051b016249d8c3dc369d5bd3e43f75425a82b998,false,3,0,1,1
0x0568f9766757576b306a3f866c8ddcb81fcc94fe,false,3,0,1,1
0x056ad8e05bf89fdd4fca99b9586d9a7eba5718fe,false,3,3,0,3
0x056e178c443ddf518778738516d593ad2eb0a21a,false,3,0,1,1
0x05adb0423aba608e9b00d0b5b8cecf75ad32348c,false,3,1,0,1
0x05d86a9a405ab336542c3b8a0f11df91afb29b7b,false,3,0,3,3
0x05e7c72498fdecf1c3638b66af2740adea8d7f8f,false,3,3,0,3
0x05ff800caa09679c6d38225598a394c445bcb240,false,3,0,1,1
0x0606a21a5dc158b13087ddd51381d35f81716c20,false,3,1,0,1
0x063bb530f568f694d40f446f7182588d286ca11c,false,3,1,0,1
0x063dc8a808b054d560eaeeea05e9415e8bee8ffe,false,3,2,0,2
0x06460f90c2f51c73e29163d250cf4a4937e10b06,false,3,2,0,2
0x069db715b23eb10e15e220ff4fe62e366a788872,false,3,0,2,2
0x06c4e7efd28ad1dd4e2e151ac51428558edd2aed,false,3,1,0,1
0x06d7d597c3c776d66787ac1dae42a3214b80ab7b,false,3,0,1,1
0x07208fbb341dd4a8ff33a4150f73bff2d455d94b,false,3,0,5,5
0x0729a7cf6ccabc87f8c4b825f761f9b02fe42716,false,3,1,0,1
0x0750356ec7217bf2990716f444019b689e1d55a4,false,3,0,1,1
0x07614e30f9d6bf1f884ab8939486ff8558684115,false,3,0,3,3
0x0783247530c875cde14079005c50a3d1ffcd9d17,false,3,0,3,3
0x07a61f753a0ade073ebb58bccd7d775d52001e7d,false,3,19,0,19
0x07be1254c2933a6a1407f99090cdfa6b581bc8d6,false,3,9,0,9
0x07c7b3d129a86a3bc021a2abfd4ca61f431c76b5,false,3,0,1,1
0x07d358dff700f567c88f41fa7bd19d5cc6bebeb6,false,3,0,1,1
0x07eeb2841e131d81323f94b6942b3a0ac79f197c,false,3,0,1,1
0x08013a08bd484230894babd9742c1bc16a07de56,false,3,0,1,1
0x080a039f95a303b129d43d23c286e344df73b222,false,3,1,0,1
0x084220a63155d1e0c698b236316abb86354ad553,false,3,0,2,2
0x0858d5fd78612ab4b8f579e1fc375f06463d8e25,false,3,0,1,1
0x0873d87e862be9844329be02f103e68225ca41d2,false,3,0,1,1
0x0889a428957f6522c69d1eb3dc2795d9762e5f05,false,3,0,1,1
0x08bc22743d64cf5dbee202e64952fee4738fd6e9,false,3,0,5,5
0x08bca9dee825ab3c7dd428af8e1c0bea4d82861b,false,3,1,0,1
0x090aab93c732398be4b7fda06644160d102dfcf5,false,3,0,1,1
0x09352cf5c8e1af0b4dd738bd769380d216c7bfae,false,3,0,1,1
0x094568310eab1f6c49279cc7bb7db0d86201ed95,false,3,4,0,4
0x09d79ccc9a5c2dfe0719d04728f67bbb602e39ff,false,3,0,2,2
0x09edc94f6bcfabe8134e5b562266bf993f8887b1,false,3,0,3,3
0x09ef5a21d301d39487668d48bea05ff08fb68b39,false,3,0,2,2
0x09f0c1075f791f1d18ff896b33f4d1d369f1538b,false,3,0,3,3
0x0a1665fd4339eac1646e1af5c67083faa4798318,false,3,1,0,1
0x0a45e8cebeb49c322f400f31be83aeac1b98ad04,false,3,0,2,2
0x0a5150375ed8e0c11095501d4813ab6edee3020b,false,3,2,0,2
0x0a85bee50ed66ae08774dcfddef417442420ad1f,false,3,1,0,1
0x0aa1fd9f271480b271e9ed88947c5aadfecc8b74,false,3,0,1,1
0x0aacbced765f68f328752944b0067f0f14e8da3d,false,3,1,0,1
0x0ab991497116f7f5532a4c2f4f7b1784488628e1,false,3,1,0,1
0x0ad9f5a01db403dac1c362a4fd629461225c8b1f,false,3,1,0,1
0x0b01dc7cf6c63904a0fff1b39a1b929eef7385bb,false,3,0,1,1
0x0b39e963fa98c77f49ffbf34e54c87661acabad9,false,3,0,2,2
0x0b3f805e000f6bef8e8a0782e4a4657c8023b195,false,3,1,0,1
0x0b48c8911d655033857949be6d803dbc9bfdac72,false,3,0,1,1
0x0b5a3a7e6640ddf6eab81ed776fbba29651d2512,false,3,1,0,1
0x0b68e25b912049e2138f0fb912a814e9e2df8550,false,3,1,0,1
0x0b76f380c1d25e2660fe457c05210f4679e74fcc,false,3,0,2,2
0x0b7d0adb24c83dc1fd4d779543ae9b075a07b4f7,false,3,1,0,1
0x0bd5bda7a1342f9d95c6ae441bb339658e658e59,false,3,0,3,3
0x0becbd9a4f8e11021eed16faf22613bfd8435e07,false,3,1,0,1
0x0bfa46aff706f12e26f58e5a1469e581c021fcae,false,3,0,44,44
0x0c1626b030b0d6772be30f6e5ae5913aa1522069,false,3,4,0,4
0x0c53c4df0fe267dd04ee62344e1dfa85f1035f39,false,3,3,0,3
0x0d49948812505d29a930e9fd89491bed3673fc5f,false,3,1,0,1
0x0d772331e97264ca82ed2e9ddaed08ff6cf7d7ec,false,3,0,4,4
0x0df83fb6db068d9db2a512c7a307071eac126351,false,3,3,0,3
0x0e034846ba6de61144df13209ebc8e71329be8a0,false,3,0,1,1
0x0e2081960286a118dfff2653c3643c2ecb3bdaf8,false,3,0,1,1
0x0e217092049ffb7ede48b3ac208c9bba15648690,false,3,1,0,1
0x0e31d690dbbc61f0936c3a6b8202484e7d8dff7f,false,3,0,1,1
0x0e57580ffa1e137d425be501d6ed63a6ff5905a1,false,3,1,0,1
0x0e6286ad0407886eabf06f5a869def95227328cd,false,3,0,2,2
0x0e80390e1fcf069e23f209ce651c97d0a329de88,false,3,0,1,1
0x0e99b2a50535e888091c834b051e6fbdeef39531,false,3,0,1,1
0x0ea3551cf806b0d807a530d47a033ce00b1f18f7,false,3,0,27,27
0x0ebb6371614bb45c995121538ced14f57e37b42b,false,3,0,1,1
0x0ed7e8d6af1d31503224fa5cad978ba9a9bf612a,false,3,0,1,1
0x0f047d302c7e432c5b8d284b5ba2d2eddbc970ba,false,3,0,1,1
0x0f11e17118c8d26402b973705018515c715105b6,false,3,0,1,1
0x0f34537ac97e463c97af74ac3b4ed50dff54eb98,false,3,2,0,2
0x0f3ef9fcec3010c3554be353fe32e989c342fbc9,false,3,0,4,4
0x0f7d7cd33e455518234ae68b8ef5a486906182bc,false,3,0,1,1
0x0f858041403c4ec5d78f30da6ff0702cf479e7e2,false,3,2,0,2
0x0fbb18244cf96e816af4653790f1a08f2abb0445,false,3,0,4,4
0x0fd84f1dc4fc631e3119a8c308b7cfbaea21eacf,false,3,0,3,3
0x0fe278d35fcbcc4a57291f0a564a680661be257b,false,3,1,0,1
0x0ffe831762cb7cb7eec6b0271e91ddedd8ec97eb,false,3,1,0,1
0x102463597b619dcbde48722d42e84a40a5639c54,false,3,0,1,1
0x1048d249a6b70b30e13c24fe9e6db5e4a76f1c17,false,3,1,0,1
0x1057bcd5630f937c8c8e35bc689bc612c4a3efeb,false,3,1,0,1
0x107749c9d4f6edf8eb7cfaf1879e3b8e7d9dbf15,false,3,0,1,1
0x108e4180e1b7f3f258ded03866ac52cb60bbe648,false,3,0,3,3
0x10a00b79d4d35b8bccd8557ff78fb34843f7189d,false,3,0,2,2
0x10a8297eb26e8d3c2e1d1818ab0b1f2d0cee0596,false,3,2,0,2
0x10c11178a718df49d2715c5a28ac2f074856bb5a,false,3,0,2,2
0x110977555e22cbfa746b979c72b35c88a6e56622,false,3,1,0,1
0x11146c1cfa23fd328b0e0fbaa97d9958ec151724,false,3,1,0,1
0x114abed272b1bfe966f4e8e6693f8e4922d238f3,false,3,1,0,1
0x11588c037ed77598fa98f4ad66e489be4719b6cb,false,3,4,0,4
0x117a890156654214aeaf4c2894f788c098f531ea,false,3,0,1,1
0x118892e01e23a5c09f55c4cb2f046e8953c54006,false,3,0,3,3
0x11d0a4b2cc5d2dfc23870fc8e44dbf902f8e12e0,false,3,0,2,2
0x12020588c4f0fed1358e0ce870ce4999e81b2a49,false,3,1,0,1
0x12053c40d3737d446e9542794b77f23c26e117e1,false,3,1,0,1
0x124eec15fafc36c2791b1009eeb60820a29b7522,false,3,0,4,4
0x1276d8cbfd70902cf9c4c750099b2275b52bb7cb,false,3,1,0,1
0x12a2b95fa33cecbb4567fcb9b22d7fc2c2347104,false,3,0,1,1
0x12a5ef3677a86c3ebe34966c252b7e4bee8af352,false,3,1,0,1
0x12b9de93d1f48c47ba8083a2759669b9a5c8d21c,false,3,1,0,1
0x12baf348c21b53b0f948530b5a47e88ca0016105,false,3,1,0,1
0x12cb36dcdca0f05b5edeea72dad46ad2969e3e59,false,3,3,0,3
0x12d2b8ac38c59758a062a9f757f2740461779439,false,3,11,0,11
0x12d966c301cad3bb529b42db2460d0b22b455674,false,3,1,0,1
0x12e9b64fed7a3c77c6a842b7565837d387ae7790,false,3,1,0,1
0x12e9e261e89663ce416fb16d4cd0b2f2fe7e5c27,false,3,0,3,3
0x12f8f35296277f743128a912769864782969b28e,false,3,1,0,1
0x13238053bef7f0c306af033dc872749054b1dbd3,false,3,1,0,1
0x1340b4ae8ae5854d4a1c2735641470aeb6ccc144,false,3,0,1,1
0x13505a1f18048f5c8c081f5dfaa0269251fd44df,false,3,1,0,1
0x13b8faf2d57ae040f4899f90c72d7bad1d05a98c,false,3,1,0,1
0x13f9101bf6629b76ffd74f0b31a833d746481ef0,false,3,4,0,4
0x14c1da5610fba23d75c671eeb0ad63cb3ebfd70d,false,3,1,0,1
0x14cf6380efa44da3bed005cc24b6565a412fb7d5,false,3,1,0,1
0x153427af7036e0f5e5ad0e845f2a3cf8177c551a,false,3,1,0,1
0x15438b5b6c66026fc0deb29452b245545ad3ff1e,false,3,0,2,2
0x1546fbd27e2f96e88ff48630eacc5cf5dd9726f3,false,3,0,1,1
0x154d40c6a09a3dc838290d9800f81955d65f0eb6,false,3,1,0,1
0x155acabb359734b1b6334fd7450487737a8fba5c,false,3,4,0,4
0x15837844e0cc4d2463db1cd5f43e65820f9a8136,false,3,0,1,1
0x1587a3475fe1c7c0e1c49c215089b106264a315c,false,3,1,0,1
0x15cffe3f4951e63cc248dbd41c10914017819f30,false,3,20,0,20
0x15d0bb7c496d58adb975f4d86d36598f1abfe424,false,3,2,0,2
0x163435e879825d7578d01b239def039c4fddc9d1,false,3,0,1,1
0x1653e3fd4ce7d47603eda99c4c8bd069d80392a1,false,3,1,0,1
0x165b8ecaa5acdec0c7b671e752084bd7948355f5,false,3,0,1,1
0x16bb8d0418235ca27930d6118d43ab5c7a999eed,false,3,0,1,1
0x16ca72e46ba51ad9c6efdc2244b1f8ef48c913eb,false,3,2,0,2
0x1707f4972dd540496266e67fc5db07a085cc015b,false,3,1,0,1
0x1718a43654d274adf080ceabbbdb5e03840bd1f5,false,3,1,0,1
0x171c891c17e16d86e371cc8ba3ce2c49cd8d6dab,false,3,0,1,1
0x178eba80379a81d94e22314d9d59ee533eaf32d2,false,3,0,4,4
0x17ef1b9258946456528cfef5ba9c407247014724,false,3,1,0,1
0x17f2751431a38fd0d3cf626ef41bed28af81fae2,false,3,0,1,1
0x18239e7d1c9c8b69a0db0dafb9a5823cc1d31282,false,3,0,2,2
0x182f4a73a6691338ee0ffda798e22228de89cde0,false,3,0,2,2
0x18387d2849bbfb2e78e2bb0d7866a33719d18b0f,false,3,2,0,2
0x184eda0f71f654bcaa42d88622242d7a72a6b0ba,false,3,10,0,10
0x1875886780b0af4b18c5ea3a904d2ab7b43a671a,false,3,3,0,3
0x187a78a17774ef83550807f360fad0f90105db08,false,3,0,2,2
0x18c792c4d6e27f4634fb0c2ee65d470f1d2e42df,false,3,0,3,3
0x18d1e27b8c98daa392309fb7b6c3c5a56de320fb,false,3,1,0,1
0x18e83572e9845ead1fc5575752ee1b90b8961bdd,false,3,0,2,2
0x19ef1238d6941e62ac764a12c498f2a1e91dbbef,false,3,1,0,1
0x19fe2115f91c747e80652255da43e97fb44db090,false,3,0,1,1
0x1a0d3fb3fe8d64bf305afdb1b9f822d6070290c2,false,3,1,0,1
0x1a33672e90eb67556518bd1736cbfc0cd1e1a3c9,false,3,1,0,1
0x1a4607c61132c83ba8185b5487e1200bf3645cf6,false,3,2,0,2
0x1a5457923f466d967c5afa7a359ffee967973a3a,false,3,15,0,15
0x1a8a93ee674692f4503d3a8ff2eb58256e123dbe,false,3,0,2,2
0x1a9a780febfb391cd1bea6b7cc85265f24ab0edc,false,3,0,4,4
0x1aa02679c10fc6586621d522171ddba611403790,false,3,0,1,1
0x1aa676a54bfddd7dcde8ff4da19155366d40ce38,false,3,0,9,9
0x1ad05988b01da7406bcbe985b5eb3a5a422f681b,false,3,1,0,1
0x1ad92827d2ae7b4e5c65c35b3682301db1505955,false,3,0,1,1
0x1b066642b53f60e629bcb15c5e17a496cdf8e301,false,3,2,0,2
0x1b18504fd5383202e1074d44504b3276b93a5640,false,3,0,9,9
0x1b4319b23c436811ebc1f530193ae4a8ec0615cc,false,3,3,0,3
0x1bf2fad71765515dbf6dfc1ff7286a9c32868c6f,false,3,2,0,2
0x1c054be379d2679681021bc894a62f66d65a82cb,false,3,0,1,1
0x1c4de62525164f7a99cc295b9fa4e8e68316f90e,false,3,0,29,29
0x1c578c3508872201f3ff278a9806d19d7aba1bda,false,3,0,1,1
0x1c5bb9c619c6982536bebd9f6b723981d76e0a8b,false,3,3,0,3
0x1c65ec870d27cdcce5f593258d316080a0344449,false,3,1,0,1
0x1c9b460bb94ed96c3422e2904e1ea6b794a69620,false,3,0,10,10
0x1cb7f4c470c35e38c2e82190b32a23323f760ec7,false,3,0,1,1
0x1cbc97eea12c80c82efb6aeb79bec50c2940479a,false,3,0,1,1
0x1cfb541c1596c5c104aac2c7cb24e8cee1814cc9,false,3,0,1,1
0x1d098cb8837b4b6b0fbbb375b7f002a1c6c92fee,false,3,5,0,5
0x1d0eac980ba43e6d357a76bf06edec06581f69e0,false,3,0,3,3
0x1d67e625584d324e3b275764b38e070506052c95,false,3,1,0,1
0x1d68547244cb3b97f287c3d21c49f47b63699105,false,3,1,0,1
0x1d79e70a26afc1b289b00d58290710bfb1d4722a,false,3,1,0,1
0x1d9642500f641c529e0133049ffec8f9a5a7c7cf,false,3,0,1,1
0x1def559485c132e35d4047fc2fb7903d068a3d6f,false,3,0,1,1
0x1e0a7bfda2341469bcaa9e3c4b9107962481a06f,false,3,19,0,19
0x1e3f363fa901aa8af9c4996f2615df5190b711e5,false,3,4,0,4
0x1e4038fda1d195f630ed70c47ad115318e52691e,false,3,0,4,4
0x1e5d00ac5c003aaf27281b305e87e4cec20dc058,false,3,6,0,6
0x1e8af0a54f29488cbdaa39b4aaf00b46aad3c4c4,false,3,0,2,2
0x1ebc21ce350b3a8ba38eea919fada71441e5f128,false,3,0,2,2
0x1ecd0953c790d420980185969e922c866846ef0b,false,3,1,0,1
0x1ee5e960ae0cfd0245652e71e1f3de6beea0b10a,false,3,1,0,1
0x1f001e488061af54c367567305d13a58d48123f1,false,3,8,0,8
0x1f2f7a672cc03f364eb66e090a710a410de4040c,false,3,0,2,2
0x1f321d590bd0f04c46fa7aefb4ec47733022b6be,false,3,0,1,1
0x1f4a65da9a9d4cbfc81c0ebaf855084e3dfd65cc,false,3,0,1,1
0x1f4d7579eae7b8dc308081c56d812135c2d973b9,false,3,6,0,6
0x1f68053cd925d467852cfecf78bd836f33f0e4a1,false,3,55,0,55
0x1f767d24f6aa9b89cb45996aefa44fc1499e699f,false,3,0,1,1
0x1fa992bf75eced1a9b0f1a9d546ca48575674b95,false,3,0,16,16
0x1feac84560683a8736952230614c39bf45e8d7a2,false,3,4,0,4
0x1ff5637a04eb3d1c8bfcfadb00b0a31717c4966c,false,3,6,0,6
0x1ffc6a82edb3bc7b365b5f807792bea3387933d4,false,3,0,4,4
0x2012f6bbec8ddc5f18dd0073d5f9cf1b1316b503,false,3,0,3,3
0x202de83e2af99e88f85d29895fc44063dc66d02f,false,3,0,1,1
0x204cecdbd105e30937a892cde0f4a3a79dcef79d,false,3,0,1,1
0x206f4ffca8e0828fab137f40375af89e50b58555,false,3,0,1,1
0x20c5b10046808c331e7aabf202b0c20ca526cc0b,false,3,0,35,35
0x21125e7ec4e24234f5f75dc529e87b6e4579bac4,false,3,0,1,1
0x21452fc18831ea7ddc293900101ad8c05199921b,false,3,0,2,2
0x2154a077871809152cea10d9362ab99e576db37c,false,3,0,3,3
0x215a174d52c14e3fa61767651a8bb7523715e689,false,3,0,1,1
0x215f31c1fe1939d7bd784da0325de98379219b77,false,3,3,0,3
0x21a4c55e61b2f6988bc4960af406403b0b02b027,false,3,3,0,3
0x21f0e71ada2a7acb54ac66c13a4d7750e82002bd,false,3,0,3,3
0x221ef66c406b70e20cf6903dc86523a3e99183d7,false,3,1,0,1
0x2230326ac43775f2a7579a00d6776f2abdc490a9,false,3,1,0,1
0x227024f48ccdc738245b40d0b4ffffef85d77881,false,3,42,0,42
0x2273f207af70392090ebf9ea04c29ae24d8577eb,false,3,1,0,1
0x22bed943e77ba65e322f908be46cf868f2774daa,false,3,0,2,2
0x22bfa9ba6c775d9d9dd8bb2953a6a0c8930ee7fc,false,3,2,0,2
0x23441e48e8f3b2fb2994b979006f52473fb506f3,false,3,1,0,1
0x237891deed8f40575a74315ef8a92ddc4ed98500,false,3,0,22,22
0x23941292afd126fe613332ea8381359b7a7fa418,false,3,2,0,2
0x23a7881defcf43bf92a9e00a16c9bc056edea1ed,false,3,2,0,2
0x23b2e6cd15e96ae903a3970c8cf28b85d015c6fe,false,3,1,0,1
0x23ce4e4e75f77dd3254bce341cd23c2be2ac3df0,false,3,0,1,1
0x23d3a810086f8b859ecb78882c836890e5fd9061,false,3,1,0,1
0x24132f73a2a7ea8bbd54952e1e2feacf9010b86b,false,3,0,1,1
0x2441cdd9a32a3e851542d0f46701ca132dcc1c06,false,3,0,1,1
0x2447df7f43db8d6a4b13efbfa0abbc61f972ab98,false,3,2,0,2
0x247db5abd9525fee02b35d78bcadffd25423e6eb,false,3,1,0,1
0x24b665a2b9d6bf9741010db98aa9e0d8d57e94d4,false,3,0,1,1
0x251327099caff1f039d0ffdcc9177e3c9e07ed51,false,3,0,5,5
0x253b65ea1d00962122be0f87bb074654bb3f4918,false,3,1,0,1
0x259cdf8663a25bfd04f23a262bcb32081f1a1b28,false,3,1,0,1
0x25a888022cac7c59b7713fa2af990c1c7eeeb485,false,3,1,0,1
0x25ac78213d3d1a7421c09feae395f597dfc3b8f5,false,3,5,0,5
0x25bc6c16b16bfc95be95e09333660802adfdf4dd,false,3,0,1,1
0x25c945fea34d58e7a260e599bc631be325ad8732,false,3,8,0,8
0x26041020ac421915b36d66e6a8297fd5c47b6932,false,3,2,0,2
0x2614a6bd93f98e131c9794970424a9c5ab48b541,false,3,0,4,4
0x2615a3888fe408c4bff08c83a538c9404f78bffc,false,3,0,3,3
0x262821014949b6455e53561ad940e9dbfb303e2d,false,3,1,0,1
0x263396e5b19e3cc42596d5c9affacfdaca4a8110,false,3,1,0,1
0x2636a4abe6a29cb43f158b41ee5dd37b2c5cd9ae,false,3,1,0,1
0x26786f1377155bd6a5f76a07022209b452e0ae4f,false,3,0,1,1
0x268af12b651b62c1940d4ac6f289ad2cae9a964d,false,3,1,0,1
0x26ddb4cb811ebe6546b5233777b87150a0669fc8,false,3,0,2,2
0x273b32394ac81d8ef88460d6f6efb64c70bc5783,false,3,3,0,3
0x275846b6235f0b4cc8bb18e904f1f817ca4ae1d4,false,3,0,2,2
0x2787feb545839ba68f5b841245a0e695e0e59ef6,false,3,0,1,1
0x27a2babb6efe30ac5af7d21f6de609b693d18b25,false,3,1,0,1
0x27a83cb8d6ec990df618fb0c9431270d8120edde,false,3,0,4,4
0x27bc5ff7d0fa628e403bf3495758387a390e164e,false,3,0,9,9
0x27cd00b47ea4f0557f98aab93403f00b5e135f47,false,3,0,2,2
0x280d0f0139a111e9d56a2a7487185d87a9f384ea,false,3,0,5,5
0x28a204d3108f67599132b7b81ccce16d2c67cdbb,false,3,1,0,1
0x28adc9da05cbbc62e36207818f3c387672df7503,false,3,2,0,2
0x28b9b3784ebf75d56a41ddfa38173fcee797894d,false,3,1,0,1
0x28fde61c5af60458bb03d340be3b0b6c1615d1a2,false,3,2,0,2
0x2901ffde985f6ea52944e640a746225065de1809,false,3,1,0,1
0x29302470df380ae68c0645f3095711f3eec67f8d,false,3,1,0,1
0x2951c17377b53d97e5622ed7d564541029d12757,false,3,0,1,1
0x29678f548e16f5f2eb83b7586f378ea968f06c4b,false,3,0,8,8
0x29bc53ecb94cfae1654c95a9c4a15eedf5448cba,false,3,1,0,1
0x29c99d016acd456890fbbcc892f179b451333aac,false,3,5,0,5
0x2a47adf3dab77c86fd01092dc22cc2eb46212c73,false,3,1,0,1
0x2a8188d63b8a66197b940feb2853af34004f026d,false,3,10,0,10
0x2a8d6f9d890c3bce5c89f64f2df64a4dfb727406,false,3,1,0,1
0x2aca2898f88965868c1abb78d5fc4bc7298e12a3,false,3,1,0,1
0x2acfc7694c0b1df4ccb8ce6378ffecd30ef553bb,false,3,16,0,16
0x2b2ef861555df7b4c1903d34e907066d7a350213,false,3,0,1,1
0x2b44c93fbdce2a4affa9fcb7ad0ed9fe85b3a2d7,false,3,7,0,7
0x2b4e7ca30060d7b0a8a13d200ee6a170064725c4,false,3,3,0,3
0x2b56c948da16a33ba9d72567b2fa6299b396775e,false,3,0,2,2
0x2b75d91e65296271992503577ccf567ac10bfcaf,false,3,1,0,1
0x2bfa974456dbba852c9a8753db0cb88babf6a72c,false,3,0,1,1
0x2c15cbd1f6a11fa185cd7029551477bfd528881d,false,3,0,2,2
0x2c3b74f0aa7e6e9dca5065520dfe95e9f2c42cda,false,3,0,2,2
0x2c508d766d4745c0b066175fba45fe78ac250bcc,false,3,2,0,2
0x2c744a28e8a4ff2c278f5d562e7a364a96792474,false,3,1,0,1
0x2c857e5d544215c63cbae09d7d694443810bf611,false,3,0,3,3
0x2cd349064ebdf16cd9079b04c6724959b7969c83,false,3,0,2,2
0x2d2b24c034b7577d71d861e8bc71dfcb52c047f5,false,3,0,2,2
0x2d408b44339676fb6e8072d07cdbc7676b0a6a08,false,3,1,0,1
0x2d716b0a5732e651710bf640e1a091c1d4fbfe62,false,3,0,1,1
0x2d915cc88e347affe473efe38dd8991d33ccb9f2,false,3,0,1,1
0x2de69f8d11c4c0f9b1f1491534a17f5baa705f48,false,3,0,1,1
0x2df3895a8c567b3f991b9dabf23d2e56f79461d3,false,3,4,0,4
0x2e171fe65f6e02bdf17789984ba8486018eef754,false,3,2,0,2
0x2e2f007cdd5bb3e484363666f6e2d2d27e3408c9,false,3,1,0,1
0x2e5d420bcc1ae1027bf04d6659ede3ff75648252,false,3,0,6,6
0x2e8d97b73d9d0bba006487ad3caf877cb8fe4f7b,false,3,1,0,1
0x2e940cd1d933cb2b139f8f1294437420e3e59db8,false,3,1,0,1
0x2ea941325ed3effbe6959624237824cae7381170,false,3,0,1,1
0x2ecd5069db02a977985759a1bca975badb1733d2,false,3,0,1,1
0x2f2935c5f01fd83e15e3b33f6c1b9d8c0530b9a2,false,3,0,2,2
0x2f2c06868493efdab9cdc150b3750bed89c2666b,false,3,0,3,3
0x2f874a81afa44b31761311a7664ecb3e84072ed9,false,3,0,1,1
0x2f8c66af2cbadb5184fda289ab7729e9966e9352,false,3,1,0,1
0x2fa586764357cbf1238ec639cd465f64c74c12f7,false,3,1,0,1
0x2fc543ecd04e1f2ca1a09d98b0ce8daf1743c93a,false,3,0,1,1
0x2fd2151b241914ceeccf763c79aec428e4fc0ceb,false,3,0,5,5
0x301d639a5e94f2ad05880d013088701588904f4f,false,3,1,0,1
0x302a4f7f493a01df44f0a9242f5e0e1bb8b2b0eb,false,3,0,3,3
0x306bf24c0548684b8044b50c52e25cc060706e6a,false,3,3,0,3
0x307509d040b66a8996abf5dc6088b7937777f831,false,3,1,0,1
0x30da4b35a2f9e746cc61e7d13b3630da73d248e4,false,3,1,0,1
0x30edee633b95462f5c6e5dd130e50ca74d0d65a0,false,3,0,1,1
0x30f4ffc96fdba202b9283df0ad3c79ab332424a6,false,3,2,0,2
0x30f70fb5383cb5419b445fa65facd74ac6571c32,false,3,0,1,1
0x311a698e9a721758364b623dc0b36415756ab55c,false,3,1,0,1
0x313a6eda07e4882490e62c661f81207f00b9e981,false,3,0,1,1
0x317295ca6cb2dcfcff62ce06b986adcd9892504d,false,3,1,0,1
0x3184546684c458d39120a93026a5f9bf2465d216,false,3,6,0,6
0x31990465d15af8d10ad957b14103be7805ede15a,false,3,0,2,2
0x31df1ebdd68b0fd8cb9cb1cd05e016e3aa86d341,false,3,0,1,1
0x322f0c908ad556a6dca7a9183e4b895bf28e52d7,false,3,1,0,1
0x32310c24e623fad04e1c79e6a2547fd3be7380a3,false,3,0,2,2
0x32614ba2319122bfb05730502310dfb51957d3bd,false,3,0,1,1
0x326723637fe111b0495cacf251224de1cd8228d2,false,3,1,0,1
0x3273e98aa9b13feec59316f056f504f5bc938af6,false,3,0,1,1
0x329b7ff82e0ead2fd2aa03084bf04046a9f7c304,false,3,1,0,1
0x32d9a568d5da550f7fa82b5b3f4559a3779ed858,false,3,1,0,1
0x32faa860521392a160244170b512c9f84e7ab67a,false,3,2,0,2
0x330bfe8e0d9abcaebda6c677e4f7bc857c246be7,false,3,1,0,1
0x33163d3897cea466dec5ae3e9d0e1902e8dc02db,false,3,0,2,2
0x3335dcefb2ea5989b09d9b6416509077443ab5c3,false,3,0,1,1
0x33413fb50cbcd07101850a8e580056b8454431b1,false,3,2,0,2
0x334cb8f488d080f8c66444650a72589f56569816,false,3,0,1,1
0x33797c58fdf6bc3133a2512549a4cbe037a72f5c,false,3,1,0,1
0x338cabe8add304b1af9486def6d7bc1da5c925e0,false,3,0,1,1
0x3394c4e4fba4fcf6f7a4c581713738cf2210ee57,false,3,2,0,2
0x33a937104b400fba0a446fddfaf3caabb5cd81e2,false,3,0,1,1
0x33c64f8e8c084f9a759d6ca8caaae7f8b0ce491c,false,3,1,0,1
0x344deedcbf2f7614e0e03dc15bbbc0b38479cfe4,false,3,0,1,1
0x3453fe36790089c5714df647bbe185ac3f9bc75a,false,3,1,0,1
0x3465f1306a3fcbfe79eb7432b8e1beb4e6dec130,false,3,0,2,2
0x34a837b292ee71a571ec7c80766223f53c519a7d,false,3,0,1,1
0x34ada1e5545860d0a731c80ea9d92f0923bd2c6c,false,3,0,22,22
0x34ddd30116b788f31076dfa8172f883e8e70cac1,false,3,3,0,3
0x34ea1ca1c43579c76444adedce674b0087cf64c9,false,3,0,4,4
0x355b478ab847fe2f6084de3ca09d060d96ca1434,false,3,0,1,1
0x35673ff4df37818db3776c7b493e081935a3fdfc,false,3,0,1,1
0x3587bf54570813c92f36c9b089b0ceea51cd3c7e,false,3,0,6,6
0x359588ab50e439b4dd0e265e924c31eaf9596ef7,false,3,0,1,1
0x35b6b6ccfc7aaa5813de2bb08d55a8db7efd8d63,false,3,1,0,1
0x35cc9896b9d4e3f7ae8e5c65519e5a4e2739e4e5,false,3,2,0,2
0x35d29c5817cc57a04bab1329e605104047af2611,false,3,5,0,5
0x36042a180b226f9e05b5ee43984f424893fa120a,false,3,2,0,2
0x361f358a30d6bdf7f42f12374107f94cec5804c5,false,3,0,1,1
0x3623f0ccb698f5b606a92dd227749b35b6554664,false,3,2,0,2
0x3627e269574a63bbd1cba3dbfdd3658e9c230c90,false,3,1,0,1
0x368cb4212abd097f35efcd34e291b6ee1d60e622,false,3,2,0,2
0x369dc5fb8fbcb926e25226159b338a247e21f7aa,false,3,1,0,1
0x36a6893d8529f2a4fc2085fb6d3bc22b35bfd04c,false,3,1,0,1
0x36bba12a9460fda75a8294f0da7729b8a0ac81fe,false,3,2,0,2
0x36cdca70864a4d3e49fe52c3b9c87ee1d27e5550,false,3,0,1,1
0x36d1f72cb7149215223474aa3085b2185addb194,false,3,0,5,5
0x3700121a89e884fc62b485c6a91e827af24a0718,false,3,0,1,1
0x371f41fbf424fa514fad1cd3879b2309829e7529,false,3,0,3,3
0x37226a78399f408d7d2858f75ef7307578d5690f,false,3,0,3,3
0x373cde7aa4eb7f298eaef49b4dac7bc53ccd6a0a,false,3,0,1,1
0x373dfc63eb5f1c29861fc26f91854744b00e68d1,false,3,1,0,1
0x3752225e3d41eb20407d6374c3d2aea2937fac7c,false,3,1,0,1
0x378cad8f1373ff7882d253ff2b939d5c0c221c24,false,3,1,0,1
0x37b0238e11cbc2fe07346261a40af07083e094a2,false,3,0,1,1
0x37bdd6e10de145920f11936330c42f8084693884,false,3,0,3,3
0x385bac21599cc876784b68694957f3b02dd04cd9,false,3,0,3,3
0x38c58fdd0dae785a1f4c7f08731284262c541e68,false,3,0,2,2
0x38cd96ddc133b2d3874807f3f837f31ced54f671,false,3,1,0,1
0x38fee9dea75a17890e82dce1074d67995847f889,false,3,0,1,1
0x3922e060bb60910106db94068c89522bab6f1166,false,3,0,1,1
0x394000d1c5fdea8d753fe976c94a11359d743070,false,3,1,0,1
0x395265ca755f7bb7a8c5c89241d1b0178727163e,false,3,10,0,10
0x39528c02c716124d961e33396e8ebc46a3dc2271,false,3,0,1,1
0x39979c768adaf08c9b1ee9831db21795484fdb7b,false,3,0,3,3
0x3a14894e3f92c2c277caf0d49782c981ca569558,false,3,1,0,1
0x3a47d3f5a7bfdf2273cd732a12df82b086d419f1,false,3,0,1,1
0x3a57fdf5c0d8716e1b90b9f805f84f6d3e892859,false,3,0,4,4
0x3a5b2c3e9600e9a43ab91ff631698503c2362ece,false,3,2,0,2
0x3a9cd5b9978b3a7b9e9930b9ed4ce7ee680d43ec,false,3,0,1,1
0x3aa1e2a4413226d56270a978cbed371b970abd7a,false,3,1,0,1
0x3acae2f8dd5c977e07c31ea3896eb57166ccb91c,false,3,1,0,1
0x3ad8eb90475db91be55e8b6fc79ca4f14979d7e5,false,3,0,1,1
0x3b0ee7aaa9c94971c01f11e8a7621700ddd9a0dc,false,3,0,1,1
0x3b10a3c3b05221e386c8e56310cbca4676b292f2,false,3,0,1,1
0x3b13133d01591590c8c8418f51ee7c0340f1e2f1,false,3,0,1,1
0x3b2a0febeefa482d9d22920c3c574f4bf52d7b18,false,3,0,1,1
0x3b324d0eb14bc39aafd5da1574f45c3631fc0949,false,3,0,1,1
0x3b437f436bb4f07bba20bac2e3d6eb97db06a0a0,false,3,3,0,3
0x3b4a6cb29fd4bf6e2172602f75756cdbc3e23918,false,3,1,0,1
0x3b4c75a01271c37f91786a834cfa459909027a74,false,3,0,1,1
0x3b6a6546fae4033f1a4c853cb615cb24207cb84f,false,3,0,1,1
0x3b6cd3efeecd410eec4a93dac7df238a0a714664,false,3,1,0,1
0x3b8ea278b99e48a4a6e002b2367ac0e66dfba3a8,false,3,1,0,1
0x3bdea0379cebd255ecb6380bd474cb638446544a,false,3,1,0,1
0x3bef5b9dca93cdd0717c0118f5a38c48b486a82d,false,3,2,0,2
0x3bf6d7c6d5a2d478373d4e6d91f77a52f2bafbfe,false,3,0,1,1
0x3c32ccb1d1aeaaf39f9b8a8ec82525f615cd79bf,false,3,0,1,1
0x3c6f6f8e60c0953076e2273e2edfa6a5aa079a8d,false,3,1,0,1
0x3c82aaa0663fa9ca6d07eda221e24275761cc1b0,false,3,1,0,1
0x3c920f43cc9a35e62d6e07ec8890c2ecabac84e6,false,3,0,1,1
0x3cbb51bd0d71a160a8b7a8568765e85c261118de,false,3,0,46,46
0x3cc936b795a188f0e246cbb2d74c5bd190aecf18,false,3,0,16,16
0x3cedf35715e1898d0257ca1fac13b43e26f1a523,false,3,1,0,1
0x3cf6dab82f6363477eed121eee7819f1529167b2,false,3,1,0,1
0x3cfdc087299d2150b1efe9a71e65e76d0b2367c9,false,3,1,0,1
0x3d4dbbc8f72a85f1ecf686d2b57b43b477e34a94,false,3,1,0,1
0x3d73c5482da92ce38eceecf4c0450567cb686e14,false,3,1,0,1
0x3d766cd28b0a29f2a570f3ed87a4295231ad8502,false,3,0,4,4
0x3d95e1f06f1706b7b8e24581f5e1ea2bb34783ca,false,3,0,1,1
0x3da42adbc67822d0f31589c91d3200b5b2a97de2,false,3,0,1,1
0x3dbdeb1462a2de3f0da076fa68d2ba84b212c8b4,false,3,1,0,1
0x3dc1e0e636d68464d74b848b2d0f6644e492fba9,false,3,1,0,1
0x3dc9501a6cd3c43118c9a846e61bcb9329a4772b,false,3,1,0,1
0x3dd1db0e61b21776fc2f5a592cca1af1519d5bd8,false,3,2,0,2
0x3ddce9909d3ed9c531d767201257c475b39efc90,false,3,0,2,2
0x3e379909e744b5e7a33d9c66cdfd66041c6ce264,false,3,0,2,2
0x3e4d465af915bc9661c7e3e7858b7b7c371d6dc2,false,3,1,0,1
0x3ea7b836cf1e6dae752d7976960c596de93cf4b2,false,3,0,1,1
0x3ecd27b2c497029f1e530393afde86cd0d71d9c2,false,3,0,1,1
0x3ed0a89a59dd4b5dc558bbe4e47c723c636988a7,false,3,2,0,2
0x3ed7ec5fae02dfc89d7a106354d5bfe3c4049003,false,3,0,3,3
0x3ee4307b7cc5b9bb540e3f2b8f56f010fd803d63,false,3,1,0,1
0x3f02801052e646e126c536fddb785dc1160925f2,false,3,1,0,1
0x3f57ebfc7001722bdd256bb8a9ef470e7916c200,false,3,1,0,1
0x3f60ad8a88e0020b17127b0b8dec8e9c33a9c337,false,3,0,1,1
0x3f6919c27bb7896e24c8fc5dcc36ee3547eff1e0,false,3,0,1,1
0x3f6b8262b4ec0a1eb4b6e12394d4ab272c274672,false,3,0,1,1
0x3fa3797742185e21029bdca8227c7ec82f7b1822,false,3,9,0,9
0x3fddcd7d04ed571a274470c7fa73f1624af7bce8,false,3,0,1,1
0x3fe637784382841524ae93cec249dec15d8f2f5b,false,3,0,4,4
0x3fe6c2c6866796f806e53be74cd4d30a77317853,false,3,1,0,1
0x4042d8976ddb5e57b50709d4aba24a235872e402,false,3,0,2,2
0x404950d95136776bec7c4a93407237b950434782,false,3,1,0,1
0x405855d5fbacaa42d85600173a789c74bad598d5,false,3,5,0,5
0x4090eb10ab3ba9679cbff5b9e38f0433e2cc955d,false,3,0,1,1
0x40a1767e321db9003e3d3df037778ea721ba8395,false,3,1,0,1
0x40aa560dbed3096fb652e1ab5baa95a7389c9dcb,false,3,0,29,29
0x40ec0cbd4c7fbb516d76b3e4e8e8e0507f2d6797,false,3,0,6,6
0x41303f0ddfc875a79ddba9ef005843c9e2fce497,false,3,1,0,1
0x41319cb7be024bfe8281a37784e7118137e08593,false,3,1,0,1
0x41333b7160f68084c28c3d74e8a75b61c3715b53,false,3,0,1,1
0x413aebc500c848fa1243be19f2fa90ea6a9890a9,false,3,0,6,6
0x41d23d1d53aeccaebbe27093884bc07061581c10,false,3,1,0,1
0x41f9dd12f64fc172fe2b6efc2fd91f0cf9365f27,false,3,0,1,1
0x4227fc7aea477f74e134841df43240cc5bc8b1d7,false,3,0,2,2
0x422ed3165dc7a5954850d41047a5a5daa9b0b393,false,3,2,0,2
0x423700791bc9c27a17c7caeec896df6aa0fdbb13,false,3,0,1,1
0x42477e26d2893670180f9209bd0c3e4519e95cbc,false,3,0,2,2
0x4248d5b09a9d9b7a213713fe28843a6fc1f60c86,false,3,1,0,1
0x427ee0048b4e28d77309ab24ac9a0ac8016b9611,false,3,2,0,2
0x42910e72e54091dd7606e3124ffed63318481fed,false,3,0,4,4
0x42be6f30fcd1879b6bef83edad2675aea3b8a637,false,3,0,1,1
0x432d7a977bb41f8c1b3369fcfb00ce87cc9f2dd9,false,3,1,0,1
0x43489ae7640f3a57724c6d9861eeaf505fcb0d90,false,3,1,0,1
0x435063f3c21aa56e0a247a00fa9af8fbd23cd910,false,3,1,0,1
0x4382567ecab02807f94d24c784d9418701575a41,false,3,2,0,2
0x4384b10fcdbc8996612f07ec5c219b72f924712f,false,3,1,0,1
0x439bc185cd77d53ca5afc384ce053373d2e250e8,false,3,0,37,37
0x439dff35ba259d2e44e860179eb8e1d42c50cba0,false,3,1,0,1
0x43d3a12f2bf684e139dd972d2b8209ee6740dafc,false,3,19,0,19
0x43fad96c684367a93b56cbd2048519a9e73b45c1,false,3,0,1,1
0x441384f1c5460ae3be8eafd58218523b49a3f10a,false,3,0,1,1
0x448b14ca8326d0b4bcf1304f37fb2f308bd1e215,false,3,0,2,2
0x44bc342c25be77d35c313e96ad0c2e7724c59c59,false,3,0,2,2
0x44c77d670ee04067885d5afe080570a0a039e39f,false,3,2,0,2
0x44e2dd5015bed18c69f6d96945de094a7d9dab66,false,3,3,0,3
0x4513483a9529bd3d2949136c8a6ae4d38482c4de,false,3,1,0,1
0x452e2a790181c1f565dffbf7fa0ad5b0f843c339,false,3,0,42,42
0x452ee99935b8229df89490105f20a2e845b166c3,false,3,0,1,1
0x4531acc2b4bebc4f55e94c4c496b621c1cef5188,false,3,0,1,1
0x455aad5e567501e6b39ad97edf69e5284c881be5,false,3,0,1,1
0x4565d74e9b38c337a203d28b330113a864b11b22,false,3,1,0,1
0x457ff5ee36e8e7d3f99cac52f822c719f09b3021,false,3,0,228,228
0x45acae322af6872b6db2cdad083a60bfdf639b08,false,3,1,0,1
0x45c2c48235e51ca4e8f615895e1567f851c37714,false,3,1,0,1
0x4607599a15efe7c44198244d42e5db1e096ecdec,false,3,0,1,1
0x462dc2e5f7f13759edcc78d5b4280e4d1b2e0623,false,3,0,2,2
0x46470c2136fbe38cb75d346d445ed6d20bd01f1d,false,3,0,1,1
0x4669b18740e57982ed65a8d8e5b6687050497657,false,3,1,0,1
0x46a465896aca529b2977489ee3f7ec33a03ce033,false,3,2,0,2
0x46ec9231b58e44f3094b4d07322ff551f75292b8,false,3,1,0,1
0x4703f114933672a6b197b9afc7e9b4409f10f1c8,false,3,1,0,1
0x471ad39dbb963a1d4f6f40f3ceab949fe373a13c,false,3,0,1,1
0x474fa4d1569f66bc5de13a218370595fbe7affd0,false,3,0,1,1
0x4790a4fea516b2c3f3dc29492e73953b23a04ba0,false,3,0,2,2
0x47ee7ebae330735fd87155856422f0b10be53863,false,3,0,7,7
0x47f259ce917b0ec5269ae8a33c6bba1d371528e2,false,3,1,0,1
0x47f71233a2aa484b072e9a935ee597f2eb5a0584,false,3,0,1,1
0x480a2b12413d2ec523c1606743259befc82121e6,false,3,1,0,1
0x4825af65aaea3f8e6bee62bc87eddeec7b7c1ee1,false,3,0,1,1
0x489189ac31924d4142c5fb139d736e1d0418add3,false,3,1,0,1
0x48a43c5334c6c547ff53265ce245bf93779c2602,false,3,0,24,24
0x48c8f662876bd93dab66d6b611f3397ce750b5ee,false,3,8,0,8
0x48e57a233e88dd18bda6bc2a2a74fda6ff5e1682,false,3,0,1,1
0x48e5998ecf9fdaa0d8e56c96c5f5fbcd450eca87,false,3,1,0,1
0x48ff3f9a50a100f5776e8dbf07de4d005ae9bf27,false,3,1,0,1
0x4912acade10e9aabfbb4bcbe34febcdf573d0d8d,false,3,1,0,1
0x4928fbb5d5e882e1a94ab003eb2478c7711e70ba,false,3,0,3,3
0x494e177f7e1c3e47cbd7436679da9351a0584065,false,3,0,2,2
0x498ea74e88a7f6713523372016aa1a3499e1e8dd,false,3,6,0,6
0x49aa5d3482121af4b86bbbe0e056cf377977bf3b,false,3,0,2,2
0x49c3b30f815b3a0e2cf47728daa8a578a527b71f,false,3,0,1,1
0x49edd5874ed9f356dfcfc2d7bc29ec38cee4b713,false,3,0,1,1
0x4a291aeccdb0382252f08b72bc6853ba59c776e3,false,3,7,0,7
0x4a329132b5a8ad18c88e2bbc65a2df16561d51ca,false,3,0,1,1
0x4a34a9656e6b9b00d48081c4fd220754f12d6a0b,false,3,1,0,1
0x4a77dc932be2ef7d5fce1ff40041b0c9090847b5,false,3,3,0,3
0x4aa73abd0c84c8363bb062d13c587557f9635311,false,3,2,0,2
0x4b0a2d861638b05b0604ddd29a6cac7c0a655093,false,3,1,0,1
0x4b462d9fb7155b73b2a124ae62d8b3475366a911,false,3,0,2,2
0x4b78ab37a80a97a735de2d1cc76efef43a6978f0,false,3,0,6,6
0x4bc50fe1c8c3a927ee5302e0378a6ad863c68012,false,3,0,1,1
0x4c013f4b20834d7813ee6e4ab80012b0f68f24aa,false,3,1,0,1
0x4c158c410a59c3c3e1b807cb28354ce2d63c31d3,false,3,1,0,1
0x4c5ab4862b4042e78f37947795d20b15f3aa9074,false,3,1,0,1
0x4cdddd7cd7302ae770f01c09d21639c07bfe9e9f,false,3,1,0,1
0x4d21e60975cf7b5f5d20e6f0f2e4dae32bf09039,false,3,1,0,1
0x4d3d754c6197125bbd1e39f6d06a3d7c8f9bb180,false,3,1,0,1
0x4d7c6a6d10fd6933603746e3840b506d5e6c0be6,false,3,0,1,1
0x4dac80fbda4d135d567ba52b57d711f8decfbe15,false,3,2,0,2
0x4daee0d21448cb1af42da09b411311720ae63a28,false,3,1,0,1
0x4db13b02b9ed541634636c592ca8865b7a1a6544,false,3,0,1,1
0x4dc720c1521d31658e5ad6d4dfc7ddc23c33af26,false,3,1,0,1
0x4df111a0b80bbc9545ef4968cad4c0ac413da43c,false,3,1,0,1
0x4e1fb36a7dde22ebcb091c694a4471d4e358012e,false,3,0,3,3
0x4e525b1b13e22393ca96eda7d99a40252bf408d5,false,3,1,0,1
0x4e57978a9192568afed3beb03e465a21de349cf5,false,3,0,2,2
0x4e57ae9778b8e4354b94b2f1fda4265fd58ba059,false,3,0,1,1
0x4e6e687e20f70c78e87f9ffbc61543d8866ba974,false,3,1,0,1
0x4e7218ee69950f4822c7d7d981935e900ad00a39,false,3,6,0,6
0x4e79367a9b21f48fd596f39a4988d2278ba98b32,false,3,0,1,1
0x4e8a918e3f834cb2342feb929897297e8592177c,false,3,4,0,4
0x4ea5e41770659ca2e5fb6db1f373dd7c57c06169,false,3,0,1,1
0x4eae88e7b423bcedf8d55144237def5699a1137a,false,3,0,1,1
0x4ecec4bcd05a8c745498555855015c4543387beb,false,3,2,0,2
0x4ed8bf6ac2675e53fc0737665a01901039b03888,false,3,21,0,21
0x4ee40e6c6e1a975c41b2c208f8d0726e8d54531b,false,3,0,1,1
0x4ef1f651f582ea286d60addd10e92f87a39ff0ba,false,3,0,1,1
0x4f0d4636cf7f95ff98fb72e3e49200bb5a750942,false,3,0,1,1
0x4f770235364c6cb5251f519d92414777a64e6be5,false,3,1,0,1
0x4fa1fef43a89cdb9d3c56a2b534bacf0c7d07a83,false,3,12,0,12
0x4fa38bd92dce28876d8e0ff2dcc9c61b9624c08c,false,3,1,0,1
0x4fe6c9fd79fe7e76ab3370a7553575dca431f5c8,false,3,0,1,1
0x4ff4364510a24005f7e8f818ff17a9a5638b2223,false,3,0,1,1
0x501d0b6dc4158edbed833121b4d90af8ae11f62e,false,3,1,0,1
0x5054e8f9cabc306aa8cc059d455f46196ce270c7,false,3,0,1,1
0x5073fc8b009a56a3452be5044b04f45b7a80c69c,false,3,0,2,2
0x508e87d7e6785be2ac38447453958ab9a528e2e9,false,3,1,0,1
0x509f5592171cfe9ca3301ee9356d95de98bbf80d,false,3,1,0,1
0x50b7bbeccbb328eecc156869fbd34c69bb72bff6,false,3,1,0,1
0x50ceaf596068bfdc0bb079bf44a922eaf59dc42c,false,3,2,0,2
0x50ef4af32df8c82554c651fd0ce2f251e4b79660,false,3,1,0,1
0x5112752ef21d75d8f91ecbd259e8686f68d3a3b6,false,3,0,1,1
0x514ba5ef1d2e8bffc721fd729dbb6ae055f40468,false,3,0,1,1
0x5154fb2fa58cfe3088a8c5014e361a96fa4118fe,false,3,0,3,3
0x516e2690ac865561b7e79136ce9d3231121b2b38,false,3,16,0,16
0x51bcf11f35128ac66320b0b2cdc2379cb1f73db5,false,3,0,2,2
0x51d72de6156ecccc8c8f245d4bc36f61f1ad6060,false,3,0,3,3
0x51d85c8fbdaae55eda3f770775735ee9faf67008,false,3,1,0,1
0x51ef552fbed3d22776ea94c7cab9f08175fd51b9,false,3,0,2,2
0x520152fd2a870baa59316784ff5bc918c9eb915e,false,3,0,20,20
0x52025aa771815bdcfb6db222abe451939d7a35e3,false,3,1,0,1
0x52214fd13df3ed5331bc0c3d9eca647316e7f491,false,3,1,0,1
0x5224f943cabe48f28892095b4ce33a59bccfd72a,false,3,0,1,1
0x527c8492e45d61d9b4bf0d6d872add2b500b0f5b,false,3,0,4,4
0x52aac1a5082ccb4a432a5d0ca81a4404b9d12aa5,false,3,0,1,1
0x52c5f64b0d9e21fcc3fc2d57bc7197117c5469b3,false,3,1,0,1
0x52eb67655920bc8990de9e3d6bd8c8c99f1e30ed,false,3,1,0,1
0x52f0d8889d3a5e0837e6b9c5a70f3e156f171743,false,3,1,0,1
0x534e3df17069ce057050a7f1351175cd86a313fb,false,3,1,0,1
0x53846579f34637bc87d22a4122b9a7b9c14b585c,false,3,1,0,1
0x5399687831a93667de2c05c6186fdacfd03b8b6f,false,3,1,0,1
0x53dfd7358c05dada43db48b3caf454b514268b34,false,3,1,0,1
0x53e25f03bf76e20136ca950033d19ca02b6ddbaa,false,3,2,0,2
0x53fc7ea47c2003f6abd6b18c77fc50794a5b6bba,false,3,2,0,2
0x54534ee514e04a43e332a4580171c8cd23998256,false,3,1,0,1
0x547e020a95c46e8570d81dd646bfbc3df38c2e68,false,3,8,0,8
0x54e6fb9d3c1c8c0b9bf244687deace6b235f77ed,false,3,1,0,1
0x5510ce5958a4d3fd21fd15f2fe0771165ef0b7a2,false,3,0,3,3
0x55912c7b460027d2fa794287fac1f2f330fe63a4,false,3,2,0,2
0x55937301b9347ec9cdf0e2f8e5f0d4b92621f8e5,false,3,1,0,1
0x559b46597ad30df76e09e9c882c6237081d13c29,false,3,2,0,2
0x55b404dafd86801266f842744768217f4cf061f6,false,3,0,2,2
0x55d361ea5bd4e8284e4835191664b3cf34071d7b,false,3,0,1,1
0x55daf1ffdd44da5a189b1809aa5e0cb28848b23e,false,3,3,0,3
0x55f13722979054068875095c4f2312bb3ee131de,false,3,2,0,2
0x560f0c171dabf959db3d37ec46bd45f5ac2249d3,false,3,0,1,1
0x561c9818345b795a3fe4c969a60a065b201b1e15,false,3,0,2,2
0x5622f937c82d3a6d1d962446209fa0069f453fca,false,3,0,1,1
0x566b30470d7ad97419a48900dc869bd7148736b8,false,3,14,0,14
0x56ba054a0acc3d8b29b16607c16f933e6815dd20,false,3,0,1,1
0x56bb7c97b36c3ff9d3fb2b3a9f159aa6f7d8ef97,false,3,0,1,1
0x56cc2c031087672ceaf0887819836238bed67e12,false,3,0,1,1
0x56eda0062fe4724ee25b3178018582a9022e7ca0,false,3,0,2,2
0x56fb3c561c5a74d3e2f79c1a2f9d73e3faab0785,false,3,5,0,5
0x570ff413423743ddf04fd64f4c3ba2d96aa4fc9b,false,3,0,1,1
0x57776b0147da81c758ba1a630306cd89856abd1a,false,3,0,3,3
0x57804ae9221110733e2de70a3f540ebf9b3575ef,false,3,0,2,2
0x5784dc9991f489bf130dd6bac7c24a21c08edb7b,false,3,0,2,2
0x579a12f28b6ea5152002ab0af2e62a408bdcd8ec,false,3,1,0,1
0x57b048a8e5756fa287315743071f2d3b75ad1aba,false,3,0,4,4
0x57c06b53cf4560a5eb95b5f8a8b829aa25c77391,false,3,0,1,1
0x57d348f88190ca4ade9fc2fb264008d99c45e03c,false,3,1,0,1
0x57d791b3a96e0b74860a9d089cd21309d07db7c5,false,3,0,1,1
0x57ef6a1cd9345780d22a3287bbda24f1e503e9fe,false,3,6,0,6
0x582503bacd3592423f041a01e1a7ed16f96ff3cc,false,3,1,0,1
0x582e742db3089cb86770d3ae3f8f8eb0433f0cb9,false,3,0,2,2
0x5869284dad997ded8ab441088ebc778203ed7dc9,false,3,0,5,5
0x587c459cda8f36352daad4580a35cd5f30881725,false,3,1,0,1
0x589c77bd4a806af31c57aff42737cc4725b7a778,false,3,0,1,1
0x58cb3a5f0ec6debdbb47651b9496a2e409371bf3,false,3,1,0,1
0x58e1885adc33d07b1afc16f11463163a1a28cced,false,3,18,0,18
0x58ed6be9d8743d980232bb20a3fa53db446188db,false,3,0,1,1
0x58ee91ddcbf5a2f604a855f242c42f4a12821948,false,3,0,1,1
0x58fb87d1459d9e6a8580e03ce392674fcedeb666,false,3,7,0,7
0x590d1fbfda239253687e7875b61bf05c8cbf18b7,false,3,5,0,5
0x5910a9f4a27d3905b70372efa6f766ddc982e697,false,3,10,0,10
0x5912749b37df8850be664dc669260db2b2dea968,false,3,0,1,1
0x594b6f384b8a1c392ce66978801d413a6661783d,false,3,0,2,2
0x5950baf9a858e3ea17fd6e753d3ac6f3e9152387,false,3,21,0,21
0x595c82b9fd1ae3a0130a73509e8eae58f8dd9350,false,3,3,0,3
0x597cb045431f8da34e0ba935d0083e24710e5d62,false,3,1,0,1
0x5985fda732849ea7606128af52bc239404da4713,false,3,0,3,3
0x5987aa42e74fe6c12cdb0a87e87b35c92a75b7b4,false,3,1,0,1
0x59914e5d22c755ea6a52ead6819f7df065714409,false,3,1,0,1
0x59dd53e9c10f84bfef3341a9135fe83a56a5a877,false,3,1,0,1
0x59de9649ff3c33de032b3f67f6844dbf93c4ae4a,false,3,1,0,1
0x59fce54120dac6beabf0ff822ba334ab8daf42eb,false,3,1,0,1
0x5a1fda4d37d768c1c1c328549b92d3157fd50d72,false,3,0,2,2
0x5a2797c01fe909269006bb80441d88c8c0b6c444,false,3,0,3,3
0x5a28427edf55360de236a3cc0dbba4380e89a558,false,3,2,0,2
0x5a5a078397bc4b6a3013b482add4cb7486d4a32d,false,3,3,0,3
0x5a5c3cd1e13dc7619bd77731d285997c23f36c27,false,3,1,0,1
0x5a6a35f950bb1639ec3179a2af6e9d2ee2091acb,false,3,0,1,1
0x5a838014fd4aacf533fe9019ad8d39b01196918e,false,3,1,0,1
0x5abb42fcdd693ebe5db6324958ea4dbacd86e44b,false,3,2,0,2
0x5ac583299f3ae4ce79759c38812989c2022d5e51,false,3,0,3,3
0x5b0129ec8f82e9c1899e5ddaead3967c13240587,false,3,0,1,1
0x5b06a7a7187d4c0358fd65df172d9f59ce792695,false,3,0,1,1
0x5b07b95e023cf6011b320b700604b64ff9901b0d,false,3,1,0,1
0x5b41149eba883d56e1d72004e75bfa3053432729,false,3,0,4,4
0x5b4f1b8b240d163b8def402d253963ec4a0339d3,false,3,1,0,1
0x5b64c090f4d53dcf70036f14396c513ea989df94,false,3,2,0,2
0x5ba2a309b5ba67944b46966d91e179dab56e5287,false,3,0,1,1
0x5bce1d7c452c08031415c6eb4ebc6b652a13197b,false,3,1,0,1
0x5c0b695ae2bc046045d9f890a9e32fc9b104bbd7,false,3,1,0,1
0x5c81875af23eecb1e42a13600b887d4e9d5f1a5a,false,3,8,0,8
0x5c8a4bffc064185b813ae06728c93c2f50f15427,false,3,2,0,2
0x5caae33dbe8218b208b36f59e2f0342991f08670,false,3,0,2,2
0x5ccea0ac91f9ae0466c97a0409d6bf415c9f2b7f,false,3,1,0,1
0x5cddc16f21cf09998549705a218bae5a7c3d1dde,false,3,0,3,3
0x5cdf8919cb9c2aa4636d7fd6eed95c7813a15b4d,false,3,0,1,1
0x5cee0f75968886eca5541d8a7a51ed5c1aba2ad3,false,3,0,1,1
0x5d12b8d081da0223914bf0511422dc6a3c4ee2c8,false,3,1,0,1
0x5d47cb02cb917a07a8289148ecae1145fb343584,false,3,0,3,3
0x5d48a8ff67981d49c8301c9c0b0bfabb39c1f3fc,false,3,0,1,1
0x5d7655a70f8852813ef42876bf622ebd56a1237e,false,3,1,0,1
0x5d98564a947c6f859241889999d608e295f10650,false,3,1,0,1
0x5df1fa835d59b1e2d2a08f0b971a3e07466415ed,false,3,0,1,1
0x5e039721612dfb9a07cf8eb69ff6ea3616aa3288,false,3,1,0,1
0x5e3f904f1be20aaa39ce36ee87b975c11a75854b,false,3,0,4,4
0x5e4646c8a464282db2f132cac11b177fd0702932,false,3,1,0,1
0x5e4a54f3fde59635df24673a08eb1eb088a53545,false,3,1,0,1
0x5e509c4b462738e41727b8887b736c00aeca51a7,false,3,1,0,1
0x5e5922448478860f64ed1c223e045da46da01467,false,3,0,2,2
0x5e736ae1fd09095e9eed465e3a5bd6ccbaca25ef,false,3,0,1,1
0x5e951d98b355e506a2e12c775f79f326aa290dea,false,3,4,0,4
0x5e9af035245c3d9d46e980dbc83bfb698e62aa04,false,3,2,0,2
0x5ed57f4af6134afd554d3c4f372879662a9719c4,false,3,1,0,1
0x5ed6b57952cac80242d8820ef107b67b15d14845,false,3,0,1,1
0x5ed980ef093a7a5eac56d58735b4ca8c9cd19d47,false,3,1,0,1
0x5f02a8eb904a2868ec49e0bd1f3b3c217099a795,false,3,1,0,1
0x5f1b7faa56d358c9de0af52b9f73a6cad7f5156b,false,3,1,0,1
0x5f5f995bb921ac411a305b73b89b39f56df6c5f7,false,3,1,0,1
0x5f70e6e205098f75def97ce68bfc6999249a91be,false,3,1,0,1
0x5f930c8f172ff9416bc2769fa25b8cf9d01cabfd,false,3,1,0,1
0x5fab4798b5b9fdd735a2278a104448b3af782be4,false,3,0,1,1
0x5fb1fc8d26b9da964a09636b1221b35df7f5f061,false,3,2,0,2
0x5fb2665f85f9ed6b70e5cb10b9622e0a8165dff4,false,3,1,0,1
0x5fbf2c4ac914de91ae12f5cded9a4b65acdbb8d0,false,3,1,0,1
0x5fe0cc510068d823f9236c4e6814bc061298c283,false,3,1,0,1
0x5fefc05c0812996e4fcbfbec279de523fa98d483,false,3,0,1,1
0x60358aadff72457744f3979cc78d34ef12349e94,false,3,2,0,2
0x609b6eb38072407eb074ceb9e7c757ad2299ecae,false,3,0,1,1
0x60c4ccb515979ce65dc118ffe2c6f43ef0d68b33,false,3,1,0,1
0x60d925b23d5203d092b7e6c233b7c9630c4d90ff,false,3,0,2,2
0x61165fbc0a09033a4ddf8e394ec84c914e7ec482,false,3,1,0,1
0x6162eb66816c8734f43fb19944f872a209349008,false,3,1,0,1
0x61d10278f6e9d055f882739888ecb9966f1e7ee5,false,3,0,2,2
0x61dfaf002622e8d8456c833cb896696f9ff25d6e,false,3,2,0,2
0x61eb41e7ac7719338d2b07d675591c628ff67245,false,3,0,4,4
0x62104591993d4a054b100e2cbc274c6deee09861,false,3,0,2,2
0x6249fa2c46b708b2fc04eb66a2c6cd4c33b24303,false,3,0,1,1
0x62572464134cd95eb7f0bfdd4810edc27160c8a5,false,3,0,1,1
0x625c9c3c36e2cb10975e89d85dbdf0988e113d5d,false,3,1,0,1
0x62b38c19df614178f99fac993d0e0af0788727b5,false,3,0,10,10
0x62be7b54101933d560e4894a8cd9921ee79daee7,false,3,2,0,2
0x62d63efdfdc7804666725f4cc8cb45c1a41a0809,false,3,0,165,165
0x62e5b7fb4ed6c9b48af762d724f817775a158c50,false,3,1,0,1
0x63197efcbac8164214c46e8063e1aca930d03fce,false,3,4,0,4
0x631c91a996bd8267fede2af5d0dbcb5e38066292,false,3,1,0,1
0x631dc70cae137fa0f8895ff6057d43a2398f1d92,false,3,0,4,4
0x632d945a75dc2c5470fccda43401c7398a70be7a,false,3,0,1,1
0x63477b227cbea16c787d5e1d3422c2f8f14ad474,false,3,0,1,1
0x63766d6e23f1f6a385056bf792ed673a7ceb7ac2,false,3,1,0,1
0x63cf009ebfbabc26426fcb0da7d89dbe3ee5fbc7,false,3,0,4,4
0x63e4c1066affa33f30193c0b946cd6f634376940,false,3,0,1,1
0x63fb70ff4181806337649669a153fc845d90a6c9,false,3,0,1,1
0x6403dfd84d8ada462c40356c3e0e4a5027169f12,false,3,1,0,1
0x64085946cb48adbdc42553d71c5fc9263e22533f,false,3,0,3,3
0x641f864b5e2ed8ec3ff722c6a1e269c33c7ab1c6,false,3,0,1,1
0x643029455f3aa4c2df5700246b822a4edda3d331,false,3,0,3,3
0x644c3a7ea9410fa6b15da6d14f4ec162b5f1f2d5,false,3,1,0,1
0x646272a14565507b4d4e6b910a8bcac142ba3130,false,3,1,0,1
0x646b531849d09d9b5bb33de4351f3c6c7b0e9e4a,false,3,6,0,6
0x64952dc8b8b4c75918a8c9de81029f2c18d47581,false,3,1,0,1
0x649891c3955eb35b851a97c7a568be992bb1ebfa,false,3,0,3,3
0x64a059e26764bd55ffd8b494823c222158f3eba8,false,3,0,1,1
0x64b99fe9e01c3c82dd318f54771a82bff56ad3ac,false,3,0,1,1
0x64c4fecd1072eb5cb294244da51f253b89699339,false,3,1,0,1
0x64cca79459c4ecdea9a295de83f6f8f97facfc48,false,3,0,1,1
0x64eef0ec36e18f5bf2748f429d2b4240af03612c,false,3,1,0,1
0x6530a93c9fde4d601c7cf4557c641682eabb9bd3,false,3,1,0,1
0x653c8f44c4155393264bf6387c18effd4663aea9,false,3,1,0,1
0x654586d2cc993c7b0d6045f700b93cf155935f26,false,3,1,0,1
0x65551e1232fe66409d69eb7845634bb750ff8b58,false,3,6,0,6
0x659a60dfa73c4a43cf3f6cccd9987c419af2d493,false,3,0,3,3
0x65a01a7364f90dd9024efa0bc85d88a373b483d3,false,3,1,0,1
0x65c4b6feda69f8f846c7fb1f5eaaacdeeabecea9,false,3,9,0,9
0x65e03291b9a3ae66f7bc9bc3aa12dcb50f68d8f5,false,3,1,0,1
0x65e8ece873f5014acd1258dc30b8e958a9644bd0,false,3,2,0,2
0x65e94f73415ba0523f057103e7d6365f905e818a,false,3,0,1,1
0x65f2bd46fc93496b5c7789a227ec22f91be043a0,false,3,1,0,1
0x65f8283b4bd15079575c1bf68cdab28a42959c3d,false,3,0,1,1
0x66529230f2c65720c5ceabac9f98e2539ec1752c,false,3,1,0,1
0x665eeedd319f0d637da15748975fc09b999c56b0,false,3,0,1,1
0x669f56a191a4fb7c1b9a6397a24b377cabd94722,false,3,0,2,2
0x66ddd4a021654a5eebacd1a93ff169fc9f882c3e,false,3,0,1,1
0x66fce8065f618bf4c528e204be86b625c3929d2a,false,3,1,0,1
0x67220b7f382ca8a0f3f58b7c61f3e2cce04e652b,false,3,1,0,1
0x6730b87160ea7d6f11bf5474b3be88374d2f6914,false,3,1,0,1
0x6746c729cad2ad8e9bfce53a054e84e8b04f32aa,false,3,3,0,3
0x675546bc9be37403ebb3f8ee5f9ffb8bc79415c0,false,3,1,0,1
0x6759730fffe059856d7b9fd32f9574ee0c59ffd2,false,3,0,1,1
0x67a2ca06f3aaf0ed0b3e7a6b9b6b3a27ecd9d7ba,false,3,4,0,4
0x67ca2cd8796aa86c5b860c40322e8eb779d71532,false,3,2,0,2
0x67f4e0a3b76e71bb91aa62e8c7dc69aa17ca6e9b,false,3,1,0,1
0x680dd69ef0154978f785c15e9139437eac255dfa,false,3,0,39,39
0x683675c9f4cc010b1dc4db16dfa9d850fa146212,false,3,1,0,1
0x6841fe766cd1051ecefd5326d8d096a9ce084c5e,false,3,1,0,1
0x6870d501399b2654a5609f4efb3558a1a36a0ef5,false,3,2,0,2
0x688f58cf8375983690508ab50257fd78f615b361,false,3,1,0,1
0x68a1d6c86f50485f5eba105ba20be68f517657c6,false,3,1,0,1
0x68c23003b46ee9ca5e61a74a22ac14da197e3f45,false,3,0,4,4
0x68cd6c7b312d4df7c1a760b464e2930193561bbe,false,3,0,4,4
0x68dc5aca19605c4d389c72f5b3feb255e9744c3b,false,3,1,0,1
0x690e18c5dda177d43c86564b9a90fc2e0bb8c187,false,3,0,3,3
0x693482b7caa9a4c4645fca07deafcccef500f8f5,false,3,1,0,1
0x6958f7dcbdb53d3fd5273f828925524346b69ef5,false,3,1,0,1
0x69674867cc3ff1826994be126b6e700c054d5c6d,false,3,50,0,50
0x69736bf75f8eceb775266376bfdcce3f2aaf712a,false,3,0,7,7
0x698c572f8ba9ab48ecd7cbfabd5dcad7807fa47a,false,3,1,0,1
0x69bcfe3581b3e8fcdfda96b6a44328ada6f4a375,false,3,2,0,2
0x69d7b92789546d6fe00d899bdbc11c8458c53259,false,3,1,0,1
0x6a1393e1d6b062a893875adbbab154977bde7ea4,false,3,0,1,1
0x6a3623033b26678b15b73f1b751e42ff67c224f1,false,3,0,1,1
0x6a378997012d2732fbd7b1e1588a538739a5e991,false,3,1,0,1
0x6a5599b978c33171779db93e334eef6a4dd5fb16,false,3,1,0,1
0x6ae33f63ba69b3d58e6b5be4dcfd43abaa7c8ee5,false,3,8,0,8
0x6af056dd070b4735331b4553b1d9040f04619972,false,3,0,1,1
0x6af075d1c9c9d48897609da0ebd2efb92f641108,false,3,1,0,1
0x6af5a39ca22f23fa6e859fcb2efb284c22d9d697,false,3,0,1,1
0x6b019c887babe9b5d512bac4c0d89273abfa3da6,false,3,1,0,1
0x6b14d2c15e603272a163cfab6ce6434974f93236,false,3,0,1,1
0x6b15dcae967293c7ca527fd318d3978e52932a3e,false,3,1,0,1
0x6b2945316c4c5170701db1fdd8dd6d9e1d1ba491,false,3,1,0,1
0x6b535448439292d6ad2e10a7ef3cf1e3a55bc371,false,3,0,1,1
0x6b5b440a8ea02a49353cd04f2dd59dfac6f49c05,false,3,1,0,1
0x6b7a7d93864523dd32dc3ac3b9cb16a9ec1998fd,false,3,3,0,3
0x6b817e00937fa17c2f1736c9d97a1ea8a75c4b9b,false,3,0,1,1
0x6b85d3c1466b194e52543c50fa40df6d3d64a71b,false,3,1,0,1
0x6ba457c996b0ad840d1d21c67bf54aec9237ab0b,false,3,23,0,23
0x6ba768aafa3b50c448d66c458444f53167ee7f2c,false,3,1,0,1
0x6c99e7b7ac9426b17be75b96012c0ebb1496f804,false,3,2,0,2
0x6d37fb5342bef90c16b6f8b310991971ee573ba2,false,3,18,0,18
0x6d482d77e60d366cc536fec5d5372b378626c978,false,3,0,3,3
0x6d5647dea92f4b9d47efc9e43f1f0affd6f4c5c4,false,3,1,0,1
0x6d66190eceb25a44870e2a485051c0d7a3a68e59,false,3,10,0,10
0x6d68670133b2866b8de7f4373e4ed607755a496f,false,3,0,19,19
0x6d87036088c170e2c1116d63d27090d435edb415,false,3,1,0,1
0x6dcfd6f1ca7dde4fd0fb4a7b8689ad63e487b115,false,3,1,0,1
0x6dd8ef1643e2d33658fbdb578399d96c925d31cb,false,3,0,1,1
0x6de2073b4d6250342833cc304f4be1d81a9f5375,false,3,0,3,3
0x6e2a9419630dc315ffc85334510cbb1d79e1eeea,false,3,4,0,4
0x6e961b0fd9f60f7c2e534e16c1dd3c371b1453ad,false,3,0,1,1
0x6eb9fec1aa0e3053b3aba0cc320a87f724e284af,false,3,30,0,30
0x6ebe714ad60c44549972f93586d9bc2ec47344a7,false,3,1,0,1
0x6ed3b42e3345b76deb3495e0980794e2a9329723,false,3,0,3,3
0x6eec7b58790f737cffa6d01139adb9f0b4057370,false,3,5,0,5
0x6ef305f9fbce172b13c25ee5c9c51bc923039aed,false,3,0,1,1
0x6f2afd958d05a658d688b0408ac0e412cf85154f,false,3,1,0,1
0x6f488870a82b1d070dd848cc55e79f35d18e96d2,false,3,0,10,10
0x6f6bb311b05c47c7b68f6a2b347d363c00aab790,false,3,0,3,3
0x6f88c474457e48f24bd8815ba32957fdbd8e9793,false,3,1,0,1
0x6f9825bff76fb766114e897cece47396ac59f71b,false,3,0,1,1
0x6faf4665b7afa65d48d6734c63e69bddadaee96b,false,3,0,1,1
0x6fcba9226e806163d2907924884b82b4333abb6c,false,3,1,0,1
0x701f3a21159d917eec08666a3b439004e3eccdf2,false,3,0,1,1
0x7030146f4a9e0409456b8a7996e53f386a5e8ce2,false,3,1,0,1
0x70303490a45d5f43a682933c7b3de8cbc511307b,false,3,0,1,1
0x70bc48bb46003e2515915c88d5fec42da4821386,false,3,0,1,1
0x70be00173a2a4fe4dcc818a02371940c463b8de4,false,3,0,5,5
0x70e2161c02bdc693047174fe63f81ce52cb6141c,false,3,0,9,9
0x7105b740e678ad975020f2db811682d663a1b67d,false,3,1,0,1
0x710bfdcbada96636c9b8b093fb23cdfe94a3fc29,false,3,5,0,5
0x710dc9075709007ea2c61ebc09bc3063d0095d8a,false,3,0,1,1
0x7139a97fb1961885f9da8f0411ce4d2ec8155a3c,false,3,0,2,2
0x714fd2067db5f9d5098318814ec21937ae93f7f1,false,3,1,0,1
0x7187b2e96f1b521e80df83ab845bcf886a3179b0,false,3,2,0,2
0x71a8488722f1a43ba187d3976d3585d25a4f1df0,false,3,1,0,1
0x71a89154f06ba5e8ff3898a057680f3bd0a6fb16,false,3,1,0,1
0x71d2f000afae21e21fed19678284b1bf3e2522d0,false,3,0,1,1
0x71debcbb092ef3b7416d243ca1eb8d4884ef66af,false,3,0,1,1
0x72120c6fd7edfe08d7ee46e32ec1c82f3d2f9da6,false,3,12,0,12
0x72281a602539d2e31a1129dee7d26c4960c8f787,false,3,5,0,5
0x723421b332a110b3e6e6360a27870fd61c2aa447,false,3,0,1,1
0x723b47d61e16aa97c77849e8a227abede22393ab,false,3,0,3,3
0x724ad176a6a9afa9d1ff3b1a6335b65a20e2d9ba,false,3,0,2,2
0x7252e5995de0123077e1a7117384ae507fb172ad,false,3,1,0,1
0x7276f0cb9a899152f061380d3f7054095e70cd28,false,3,1,0,1
0x728656be544cd26fa78360fb62f3ba0bdd718bcf,false,3,2,0,2
0x728b512646d80865586ca5d4adb2de29f920fbda,false,3,2,0,2
0x73062b1b73f5ed08290b67f38781a3c8ccfc82b6,false,3,0,1,1
0x730962bd1f628777e1464adcf437c3eaa9cf7c1d,false,3,0,1,1
0x7313923cc60041425817f13e246edb60cd3c41fc,false,3,0,1,1
0x7336bc7430cabaa56339e8521b06ee9c3382e68c,false,3,221,0,221
0x734f0d0da51538caf73ebddbcb5af5df48bd5d50,false,3,5,0,5
0x7353ffef3ce86139e85a7e37123fbe9363ea88c0,false,3,0,3,3
0x7385a4d1a7c32b6443883db3184637c95aac9091,false,3,0,1,1
0x7409c56ffdee6d2092026005102976227a353792,false,3,0,2,2
0x741cbe5569065ba67e8df0cc58a49ad8e6f68fb4,false,3,0,1,1
0x74377d72c757089fe2d55da8eeb99de65bcc262f,false,3,1,0,1
0x744618045aa4bad5cde3b1cd22eb3010e82e99d5,false,3,1,0,1
0x74530e3e389c25e5994cc98ae37d60ee65c422c2,false,3,1,0,1
0x7470e565442d58ded95b68ad64f50a2e3b521702,false,3,0,1,1
0x747698708cab79850064ac7d98b86a1a54d2a19f,false,3,1,0,1
0x74c8fcc182ab90893707f6861d72827e8c3631b3,false,3,0,1,1
0x7501acc213839979f153ad61d53745fd4ae33348,false,3,0,32,32
0x750526efe885f67cad7559e21c1af3dca57ed0a2,false,3,2,0,2
0x750a6da23046250b9e7e61583b4670a3b6782cb2,false,3,8,0,8
0x7510cec133bdc3d1aff530ad64bdd6ec111bab9c,false,3,1,0,1
0x75504e46fa3accb1031c5af998d703d624df6b4a,false,3,4,0,4
0x75d1b386286411aeae4520c112608d1407b2cb10,false,3,1,0,1
0x760298aa9a8f11e5bd6392d71bd5e6213be420e8,false,3,0,4,4
0x76c7d3d8bb64b512814f62b10f2c71720b0d74d8,false,3,1,0,1
0x76ca05a29b7404b2897cfdf7da70d6c56b674b16,false,3,0,3,3
0x76d08eb9dd0f0286443f6e8700c5140eed5a469f,false,3,1,0,1
0x76ef90b6fc9f17ab8e34baf9d7bfde8e776997ac,false,3,1,0,1
0x76fd0c8b4d80025a542c7feeb4d17a93f67d280a,false,3,0,1,1
0x772542da746b6455bf7c20458197d53e70565b35,false,3,0,24,24
0x77257d1cc83e95f317096fb5808c00eac673cee6,false,3,0,2,2
0x772e17f4d05d68bca82428c29708a08a691195a0,false,3,0,48,48
0x774287c40b70d97d7c12d5c9e43b23f82bea48b4,false,3,1,0,1
0x778578e66bd80814251946480788e4cf21de885f,false,3,0,3,3
0x77a1fe7e44dadc63b6116d8de31edc0b44696a04,false,3,0,1,1
0x77cda5f0b02ceadd98dda208e73cad3c9b7e4255,false,3,0,1,1
0x77d8781b1ae6f748aade95741c30ac856ff033bf,false,3,2,0,2
0x77dd9665b8f8fb6c03e163160845f3dcf53c43ef,false,3,0,2,2
0x7804f42a84009c82a9022373fb48d8e14a2550f9,false,3,1,0,1
0x7811cf519cce4697954c92383f7553f1d311aab5,false,3,2,0,2
0x7832356723858ac3f119c46d5ef1e6703531fc45,false,3,0,1,1
0x783770e9966e190bd30fd1e359a664616915d9c7,false,3,1,0,1
0x785c65869aa76cb754fd0c7f2893033f5c71336f,false,3,0,2,2
0x78676121e0090c4111710071d9ce6de1c79fd41e,false,3,1,0,1
0x78847a877e465fb87cb824c7b554ee23a047c54b,false,3,0,1,1
0x788ffbb51a20bfd2b83498fbad278dea5e5f2080,false,3,0,1,1
0x7898831c242af7e0efc8bfa1c7f7920c9bc8f45e,false,3,1,0,1
0x78bb391f67cfc9593a66fa5050ded4dc60ca6f6a,false,3,0,2,2
0x78be1f675f26b77c061fed59965dd652e3f2ed7f,false,3,0,1,1
0x78fe69856b5016817c74da5759f013ef11b23ee7,false,3,0,2,2
0x79056e6ca84b8ccb79571f04006e2570352f5582,false,3,0,1,1
0x7905a7be5aa901fcde2137afc1738392d8b2e944,false,3,1,0,1
0x791ad38bbca90c2eb76c4b3afc065b662218a0a1,false,3,0,15,15
0x791d765f6d6c720f9d8954f1ce6de91e79e2c1b5,false,3,2,0,2
0x792dcfb34e8fb8d47110658992667fde6c861b46,false,3,3,0,3
0x79bd138ba754e03e5f775986fdad6288800cdfc1,false,3,3,0,3
0x79f55619b422a9374548985a444df1dadf21082d,false,3,0,3,3
0x7a124ac874cdc7cb9022edf1512b0d7458dcc5e3,false,3,1,0,1
0x7a30e1c55186f0d04adfd05a30aa412821fb84e4,false,3,0,1,1
0x7a34549fd818df4127e029393802e2cf4cbfdde8,false,3,0,3,3
0x7ad7a05c90ea70b4598093448768d0cf73aac0e0,false,3,2,0,2
0x7af9275c01481ffac0ea130066893698f76ffb79,false,3,1,0,1
0x7b01a31cb70cb0337288acd76466cd3c2a5813ed,false,3,2,0,2
0x7b0f40d7b1293c343357034835b9ef1c50f3f85e,false,3,0,3,3
0x7b22731ae823d1f76552b61f8b65dfa1ab670c93,false,3,2,0,2
0x7b2525f9d43c94e59f82b8c3c3eecde2aa1b5987,false,3,0,1,1
0x7b42824af91fcebc324bcbedab9faabc2cc0ba21,false,3,0,1,1
0x7b5cfcb4f6efd46f3b773b271e468198831d753e,false,3,0,4,4
0x7b5fa07ac0b25163c7a3bb9dd86194db25e0706b,false,3,1,0,1
0x7ba009f8d134e14ac54ed9eaf5fc17d5516411f7,false,3,1,0,1
0x7baadd7c4464d99502700492d90af9f9f2c75cbd,false,3,0,2,2
0x7baf3a379e110b60b9482410f5b15d5fe1360f77,false,3,1,0,1
0x7be014d7d3ecb18bee7c20b34436023e286dbec3,false,3,5,0,5
0x7c0b91c019be7792f9c695ef9cfb32bbdf02ed1a,false,3,0,1,1
0x7c398fc1e6f51d4f330209b66ea83828df38e8b5,false,3,4,0,4
0x7c4dd37cf87aaf57b3d9e853c35783047c421309,false,3,0,2,2
0x7c5df9f3c32c901c4c857e29110eeaa2f0b8ce8c,false,3,4,0,4
0x7c77dd5720b9ac9a6179fbe834b44e20c7dd7f6f,false,3,1,0,1
0x7c78f85d025e593650ca78bb2c8b9d2c75cff88d,false,3,18,0,18
0x7c95a5240388cb8213436940aa1b8888800d869c,false,3,0,2,2
0x7d01107d5983574e791dc9f273089bc8625910e2,false,3,0,1,1
0x7d19853c2607101bf8b5db81ee76a522f8d5a685,false,3,0,1,1
0x7d5a647c402cadb4ead3f46cacc17492c2836f15,false,3,1,0,1
0x7d6cc0b2c4935199d0390be69a1e799f5ffb3172,false,3,0,1,1
0x7d785aebc21b9e7c21008669c8b3447968328e6d,false,3,0,1,1
0x7dbaa8b78df187949e5cdf098d07393177a395a1,false,3,1,0,1
0x7e1fcfcd1b1dad7d142180e2b3e83c5f173e4aaf,false,3,0,1,1
0x7e393ca432fa7e0b8413a73d891babb40eae3f30,false,3,0,1,1
0x7e440ade5e519445dd9876dbf4686f2ce3d1aee4,false,3,5,0,5
0x7e6c008192a45da33128838fd001a2de53d51250,false,3,1,0,1
0x7ec7d17dab3ada6720ac308f6f98609fd69a75d8,false,3,0,1,1
0x7ed95bd1d48ec36466c4bbb09726c6260fefec4f,false,3,0,1,1
0x7efbcbe8024d352dfa0606f648af96f1f2991fa9,false,3,0,2,2
0x7f07e94dd79a6f132ac67ce2296db2f3dd9d1792,false,3,2,0,2
0x7f37131b0ec993da2006cb323d8b54ef2cad082b,false,3,0,1,1
0x7f4958326a84befce1e51b356d7cc9ac7b70af6e,false,3,1,0,1
0x7f4bb9f531594da3c8df7bf9bcda2d364d8f2c1a,false,3,0,1,1
0x7fc066f589fdce35f06e37111ad04bc7b097b92a,false,3,0,1,1
0x7fd557cdb2cbe62c303d5963ef0091f00da53f4a,false,3,0,3,3
0x7ff4f8a754498c68f0c1c1c54dd991edf94b8495,false,3,1,0,1
0x80141146fe3e3337931eea31eafc41169353a7ce,false,3,1,0,1
0x801d6f206a2ea99b7e9d4df1a343f473282ea838,false,3,1,0,1
0x802a3ea76982316edd568c9697ee405c4d2051e2,false,3,0,1,1
0x8032875a3cba17d30111c7a9c3194878f9925163,false,3,0,1,1
0x80b094b41e355bb362fa7575e290824f2c054216,false,3,1,0,1
0x80cf1bf7421e1803e6e2f1cd51f7434948e72aae,false,3,0,2,2
0x80d801f94eef28e1dbcc855e63830f8c254f0872,false,3,0,1,1
0x80e616faec275d7070f08a818e6a0e37dfdb9b13,false,3,0,1,1
0x80f99e056af7552763fa51fbc20c575e1e532461,false,3,0,1,1
0x811a7f898ae4680d26c03354ef44fee241b71a33,false,3,1,0,1
0x813f0caa2c4e434ab6ea6878e1a2bd5384e3ca94,false,3,0,2,2
0x8147831aa62628aabd75513fe5f4637da0021aad,false,3,0,1,1
0x8148df23a58720e6f66b0d8f547656d9eb4dbffe,false,3,2,0,2
0x814be5d5f5d76bf82a7e7296e788ff39b0506062,false,3,0,2,2
0x8160f9cb5efc576825774e3401cbb8d8e013b39e,false,3,0,1,1
0x817ae5a87a8cc38f76734660adc2a6d77af7df39,false,3,0,2,2
0x81ae02aed97d747b6a943caa87667c60457d9614,false,3,0,3,3
0x81cbc0279f31139343bc7084b5fff87ae936e74f,false,3,1,0,1
0x81f79b93c1b5a0da2b5b327590883e077f7543cc,false,3,1,0,1
0x8213dc356b97eaa803db5d8d8843f007fb73d559,false,3,1,0,1
0x823449653b12b92177d14ecc58ffdeb5aa936d54,false,3,0,1,1
0x82465ca3dfbaf5694a99744cfbde62dd5e86c233,false,3,2,0,2
0x8260dd22969a4342968c4589042b145091279373,false,3,1,0,1
0x82633ca0f601c621d33644c5e4277d7b2929e0a2,false,3,2,0,2
0x82a365858b4a82eed80e5473c6f698f93b48617f,false,3,0,287,287
0x82be736120e1f2549e386837078e8b1991f7eef6,false,3,0,1,1
0x82ca6386bbfc704b1bbf5650a32af64f47b44204,false,3,2,0,2
0x830aea7ea699960c5cc3fc8a9b6fd4a95e40dcf9,false,3,0,1,1
0x831997e3154ed6e260599f59f1e26396e9a972bb,false,3,1,0,1
0x835a166c05f5a8f8c3b08753d314a10f6218e400,false,3,0,2,2
0x835e505eeefc2d61347d3d14618bf54408e20ab2,false,3,1,0,1
0x8363e6b9cdd6b1783466f3c597947cffd19e6265,false,3,3,0,3
0x8390203e54b57564ce91a75d6442460be8b7ccab,false,3,1,0,1
0x83a359200c2429e8ccf83ac13f6eb980ec8c3bd5,false,3,0,2,2
0x83a9db8a7c08503bf902c34de54acc4d1abd1499,false,3,1,0,1
0x83b00e04325e4cbbd71958f86ceb5753eb354f1f,false,3,0,4,4
0x83d0cef01db91acb3be4d0e1a4aec2d1bd17be1a,false,3,1,0,1
0x83f94b1138b3977bf791e943ea47be7cddbcb2bb,false,3,1,0,1
0x843891d4ab2695d8e17dc3f168dca6e8b830575f,false,3,0,1,1
0x8445af93a8f3a84362d5efb31e45e232a146d89a,false,3,0,3,3
0x847c529a0f002d0e595b006e1aa4ba805e35573d,false,3,0,1,1
0x849366b226001b0f66b9e10ca3e05ca15f664f72,false,3,1,0,1
0x84aa1f9899b1b958b5a08223f7ec7cb9ade64d4e,false,3,3,0,3
0x84c8b53878dec2b9527a630c98f8df20f5a951cc,false,3,0,2,2
0x84e65a4de8cdb349d864ba129e6be997f95de92d,false,3,1,0,1
0x84ea01c2b0becce33b0de86d9d2c96244c994cf0,false,3,0,1,1
0x84f192de1e9ceab45183dc0e69e7c0b45a158779,false,3,0,2,2
0x85271709053c12625a8b03a663053e3fab6ab1f6,false,3,0,1,1
0x85770a2f84a2d5e836531bc8be1e11dc56a8099e,false,3,0,1,1
0x8582326be432d9daf8d8b9d2c285126948e5c69b,false,3,0,1,1
0x85b21291ad5d1515ceb855d64325a90aaec272ea,false,3,0,6,6
0x85b841e15f06ebfd899b611ec6dce9a1a0e3d8ba,false,3,0,1,1
0x85e2f54f477c2de1c54f945586d0049e1b52c3df,false,3,0,1,1
0x85f6bee35c772cd5d12aabd1dc1e9aa8cdfbbec2,false,3,0,1,1
0x85fa58ed83e2968c52d22ba7719caa23d015a7ee,false,3,2,0,2
0x86124e444f6bab75819a1176c61f8e417d7df349,false,3,1,0,1
0x864d69e84bcbf88dc63c0333501b1db5d3fdbf28,false,3,1,0,1
0x868061b9c944203aa96cc0e84b7f12534ea48d94,false,3,3,0,3
0x868ab0b5731ef54db9770f4b3054fde21c79b8e7,false,3,0,1,1
0x869a07d6b8454d7322f6f80e9ebf9b810ead236a,false,3,0,1,1
0x869a46e692258d92c91ad92bc515dafa95b5d43d,false,3,1,0,1
0x86bab5c19a5f70f7a808f0248417793aef1a7dd1,false,3,2,0,2
0x86bbac9c54aa57c6d91b76ecd9c50f614ccdde4a,false,3,0,1,1
0x86c29d2c60a617f7c54bdf034805f3023d98bd6f,false,3,2,0,2
0x872e9d99369c68751e957b50d488d797f7be37db,false,3,1,0,1
0x873f7288c146a8ce6a5ecc9055a90565c4f3ba87,false,3,1,0,1
0x8782163068c7cd74d2510768a61135c1e4eb07b3,false,3,45,0,45
0x87832ded98a127c95bca0bf0fd160af7d80a3262,false,3,0,3,3
0x8797787d0933381057556d7514b32c7c5b875033,false,3,1,0,1
0x87aed9301ba48388cb747eebabbcb8ccf1e0c423,false,3,1,0,1
0x87d784bec758bae152a256f8dff824334509fabc,false,3,1,0,1
0x88109bdd8056a39804231c897e91570bdd33e99f,false,3,0,1,1
0x88341df3f6e6b226e4cad0ba508d2a211225de3b,false,3,0,1,1
0x883d9a36ec4b6f073e9f3acc05cf004fe65990b5,false,3,0,20,20
0x8872d04775d9d47b469bf223fe906cbfb9ea4a8b,false,3,1,0,1
0x887df2b2426387f6f4fa548b19414da02a8541b8,false,3,0,3,3
0x887e97915fd4d6023b5f199085dae45e44670402,false,3,2,0,2
0x88c30a88f78e1f406f6ea7830d5ebef258c81632,false,3,2,0,2
0x88ededf2fbbb2a910b4ab42d64ec16f0deb1163b,false,3,0,1,1
0x88fc0ee924f31e9b4587d5d9be468f0e0ff2f28c,false,3,0,1,1
0x8901a112acd40b97d60fa9f1a413b1e3b40d8576,false,3,0,2,2
0x89849c698db3086d8c60fbb78ff88699f9dce09d,false,3,1,0,1
0x89d2bfb1bcb0698b8bae4a6b5ddebf0c3514ef7f,false,3,0,3,3
0x8a3cd44b608b756ade7d6576acd105d0c4801457,false,3,0,1,1
0x8a58af76db980b97db1896b89b239b961d5ff311,false,3,0,2,2
0x8a675dfe22e5a7d6ba67073b33e2c39336d395a0,false,3,1,0,1
0x8a8f654e7e3546f6d217363d9c48619a593ba500,false,3,0,1,1
0x8ab1c459915f5ec27efbef4b35f4c256af2bc8e4,false,3,4,0,4
0x8accca8b449e12c225a544d2f71f6921c2f44fa6,false,3,1,0,1
0x8adc35b88521f0eb9a98b5c49ade1f7ded2a22ed,false,3,0,3,3
0x8aeaf4a4e5f05e95a1c62be43ef78799c9a5c700,false,3,0,1,1
0x8af7e5f40dd85ff78639101073e98da1ebd75d4d,false,3,0,1,1
0x8b179c83d6a94379d15d5d9bc54b3b5971fc8c7d,false,3,1,0,1
0x8b3acd9fb120eb146fc635b3409cfffde0005a44,false,3,1,0,1
0x8b4feb2240c1552b123c3b5f1417b951ccf97e1a,false,3,1,0,1
0x8b942110b056973401a35ff79898903df29e61b2,false,3,0,1,1
0x8bb9f2c4cd5b1d37f5e014b09a29f10a11f172ff,false,3,3,0,3
0x8bbbd6c2ba86e13f3c23ae9fa371e3fb1a03d4d4,false,3,0,3,3
0x8bd23b5fa1453c6365489d8cc358ba1ca2589571,false,3,0,1,1
0x8c0977aebb8edf66b3de295bd96f20eadb81d109,false,3,1,0,1
0x8c1ae342ffdaba7fa4fa0f3840cea0425534445f,false,3,1,0,1
0x8c1b20c8ba191fbcd7e4a554a163ddb3832ebd7f,false,3,2,0,2
0x8c278f36d6a24e4c384abb2fdef4ec00467a13a4,false,3,1,0,1
0x8c3b188a8e56aded4816e1e23585a0f4eca6a4d7,false,3,0,2,2
0x8c45f4d8295377d239c63ffedf7ab4c1e9211b45,false,3,1,0,1
0x8c754a1800cb07221b7251564555596339a79cd1,false,3,0,1,1
0x8ca20f4e112769ca5448e296217b712e9069b914,false,3,0,1,1
0x8cbc5122918e5e2ca9997664a4046eee112d1c3f,false,3,0,1,1
0x8cc2ecd1d7c20f36c93331ae571bfc66fdecfa9a,false,3,0,7,7
0x8ce3f9f0bfd73abef3b8ff15025f7199eb332936,false,3,0,3,3
0x8d039c9de233516533039455cf83cc76dfadb85c,false,3,0,5,5
0x8d5690a221d1549c230986605a80934222dd6eac,false,3,1,0,1
0x8d780f049089223c1991ddc33d85cc3fe4c3727e,false,3,1,0,1
0x8da617557b5950f8087d307aa2c9ca71a183d9ed,false,3,0,5,5
0x8db49f26a179553e8d332979b974142bcd6dac4f,false,3,1,0,1
0x8dbb1ef96507cf539f9001b63840b35e628aef8e,false,3,0,1,1
0x8e41f28971378efcc9f5148ea85cbd05e4b938f7,false,3,6,0,6
0x8e74fe17e46553e61bdd3f0d4b67f724eea9d571,false,3,0,6,6
0x8e766a84a627fd4f57a83745b4a62f64a557f9bb,false,3,1,0,1
0x8ead891f1f0c5fff60e06b9282c321b31bf4ffc7,false,3,0,1,1
0x8ec6310f919b9641ff6b0017e4290337dbfe963d,false,3,0,2,2
0x8ee2a694661e85e55e162f42e4ee9f183238b54f,false,3,1,0,1
0x8ef89519acd5e53cac12c6917a3153be57e094fc,false,3,0,1,1
0x8f0347f5e0ee50e0594fc6b2bfa976c02d635da6,false,3,2,0,2
0x8f034ca930315682325b66f8da72d331b07a10f8,false,3,1,0,1
0x8fb279d32a3012ed09c57dbfd671a6fcf55f72e8,false,3,1,0,1
0x8fd0f4a9cee9c560e449f30b958d15347fc8cdf4,false,3,1,0,1
0x8fd938edaeb09ae04a0e8325632ed09e40395eb9,false,3,1,0,1
0x8fe283f012da20e939813b8f09b345e501cf90d8,false,3,0,1,1
0x8fea61d117695ae3c3e833172e1345bc7c902e7f,false,3,0,1,1
0x900d580de09021de3921fa253ec02b2524f58f26,false,3,1,0,1
0x9023500a30d194bf277ffa4cd0c1a1467af484aa,false,3,0,4,4
0x90270f3350946a3d9a39182c4d9ef7ee8c5cb312,false,3,0,2,2
0x90e7c8d67a2336c2fdc591e5e01dfdfd5b15b5f2,false,3,0,16,16
0x910b5fb67a907d72ce052ce3db1a3556fb4cc405,false,3,1,0,1
0x91386a006e51eb96157a50c2645614731c2819bd,false,3,1,0,1
0x9170e87bd2b49801318172349f7a62353ba38754,false,3,8,0,8
0x9181436858a16550759c065e1140e88bd6f9dbf2,false,3,9,0,9
0x9186b0b742013a63320aeb2b1f768e8c3bf3da5e,false,3,2,0,2
0x919eb904921fb76d15258909d7145fe900aca379,false,3,1,0,1
0x91b5cac4513cd41f2b83f61727f6db715e20a1b7,false,3,0,12,12
0x91b708da0ed849402832e3c2324db55cc63554c0,false,3,1,0,1
0x91c7e24a2afd3f072cce66ae1c072b41edc8a1e6,false,3,1,0,1
0x924ce9ec69f186991db44866324b559eef1c3e51,false,3,0,1,1
0x926a4354ef671aac7b63ff1eddb620638e3d8893,false,3,0,4,4
0x926ec3987b6c08f8664108d4d3f0423dbc5a2b4e,false,3,0,1,1
0x92891059add4d781d67059391917c6f94b3f2804,false,3,0,3,3
0x92919a95eaf16dfbf777f7c1d982d99c3893e856,false,3,0,1,1
0x92a5a5ffe81e58f4919f94df0a8a076e8533c1b5,false,3,1,0,1
0x92a8445de9654537b6c8f797e8bf03b5befbc55a,false,3,1,0,1
0x92e4c138f0634e298083fd03f2058a2e5dbe2248,false,3,0,1,1
0x930af12c817a29c01a96522ff6395df401cf11de,false,3,3,0,3
0x930dd83b7d2652a9367c0ac546e921b944d6b6e3,false,3,3,0,3
0x9314901063f2776f08d6a6393c0224724c54880e,false,3,0,1,1
0x932adc9e13e3f26d8e25fec8f0f6a43a48549e4b,false,3,1,0,1
0x932d2aa7cab3740e879730df81f649242ce98e9f,false,3,1,0,1
0x932fc1abe509d5b8eb839912144151dd2d76669d,false,3,1,0,1
0x9335cc61af33fa485906d10007ccd03dad719ae4,false,3,1,0,1
0x935b14f132d40aa2300a13710390e5f4f66d6ac3,false,3,0,2,2
0x937aae29a80ea6ea19014de00a1bf5de2830c4ca,false,3,1,0,1
0x94404a1dcde46013a5eaa736f2937c176c980efc,false,3,1,0,1
0x946d574a558db576977b362616f4bd734aa52bfa,false,3,0,1,1
0x94ae7bc95b5ccb40bcc2cb7bed487503f321332a,false,3,1,0,1
0x94c3d05fc2c8328dad4009950c9c91d532cbf621,false,3,0,2,2
0x94fe5b98cc5556e6f697726d4d8e66020a413172,false,3,0,1,1
0x94ff5d605bcd2ef003d0020753788276710e5334,false,3,2,0,2
0x9510cd7df7344b12711d56d23be583a0756c1b06,false,3,1,0,1
0x9539b9e9253136f7a7ebdeb32fc51393ebc3a0a8,false,3,3,0,3
0x953badf3b2d969c374b7c32e685c0a6488aa6e9f,false,3,1,0,1
0x954054abdbdead4f4bc6d857fb6925fbd744437e,false,3,1,0,1
0x9546e4885c8a4c8bb5aaaea830f2de4ab61de246,false,3,1,0,1
0x9550f4c85ce2c1f26edcd6a7d050f045db6b2561,false,3,33,0,33
0x95bd7e3eda8f389dd8bdfa1247093e9080763df9,false,3,0,1,1
0x95fae9ebc7a42fe9706f226eeaf80cc7f78f85e8,false,3,0,4,4
0x95fb7fcafbdef58faf7290e223380d3a229e4f72,false,3,1,0,1
0x95ff30babb95c1f088a9bcbcc81dd2994c4da25d,false,3,0,5,5
0x963825cc7e09c2781dec65e37933e979a5894f78,false,3,0,2,2
0x9672aeea8825456da9d8da002d2714b12b493707,false,3,0,2,2
0x96890b2c5d9e6c4547b87be72319797bdd8b36c7,false,3,6,0,6
0x968e338f384267ca263677138ba4d44255e57a11,false,3,1,0,1
0x96ba2a6a71f9c5eab148ab8de2f9078b7e6355dc,false,3,2,0,2
0x96e8547125cdf27e8463a3e69e2dc24c5db51ffc,false,3,0,1,1
0x96fd950aa705776fb4c61dfea1b0a3b6cd2f0265,false,3,0,1,1
0x972c4dfa22f6f8305fa944048889f2beb549b5b0,false,3,1,0,1
0x973af49aaa20032e69075704236bcba874761d25,false,3,0,1,1
0x9772db485b028616e85a41b718047de21aef31fe,false,3,3,0,3
0x978579c9c330c8c9f81ff8d31c8c7cc415ef0706,false,3,0,1,1
0x980abfc1b6264664a15bb0743e80fbcbc4ed058b,false,3,0,1,1
0x9868bf8cb9d3c39fa7941fd919dad52385dbb145,false,3,0,1,1
0x9893ffdb06fbb3ec3966cd7a0d66f5291f8ca338,false,3,0,1,1
0x98a83b79fe43f4b0ba971cd2611a6f542de50197,false,3,0,3,3
0x98ca625da19d81e11552a8cd561c18045fd44949,false,3,1,0,1
0x98d891d7aa18c5087657d2a18804a1b833dd417f,false,3,0,1,1
0x98dec145d903f9e832ace95429ba392348a8d128,false,3,7,0,7
0x98e2108f996929f0571b60f7c5a4132535328b18,false,3,1,0,1
0x98eb1f114244df071270cbe45f45a06b036fb6ef,false,3,0,5,5
0x99171adfe0553120c6388fd6c2ee69f8c923a3b8,false,3,0,1,1
0x99335159b3c1218fe341e2ca79d5e2ff626b3a7d,false,3,3,0,3
0x9961ac814599c335e273b2f5da53f6dc73ea2fca,false,3,0,1,1
0x996a17d798490aecc2fe8d6ccd6b2d18bff374c2,false,3,2,0,2
0x999077a1e8d3407ec2d284351a6c0192713216a7,false,3,1,0,1
0x99c76eed12e4f236b902b63c425de952444834bc,false,3,0,2,2
0x99d09dfca008dd5241d3a0078823ce87f69b1521,false,3,0,1,1
0x99d199515f9d20da1719e971d7b4fbc31710e158,false,3,1,0,1
0x99f27b86fbbe49c0abf75317dc3790b9deb208e2,false,3,1,0,1
0x99f53257904ab1e01613dd6f5fddfc4a8b924c2a,false,3,0,1,1
0x99fb7c1907c2b100501f17a04f0f08c8f1d6b4ad,false,3,0,1,1
0x9a17cf3ee22aa40ef917ed16aece88a862b3aa2e,false,3,0,9,9
0x9a197b797efa669bde797379aa8f46d67abafc42,false,3,1,0,1
0x9a1df41ff4e401652035a5a0a17d9ae2f3e8347e,false,3,0,1,1
0x9a28dd94adf2c59a8893daa7ccf4eb715f8d95d2,false,3,1,0,1
0x9a41c7346ae46987c44d5a4570120609148e3b26,false,3,1,0,1
0x9a677608cbee6bbdb3361a835e8fae6cc06d3cd1,false,3,1,0,1
0x9a68d32d2ff2a63451e659f0828b869e905c35e7,false,3,1,0,1
0x9ae9d2138d34dd3d10a3b9eb2ba66f9f5d77581b,false,3,2,0,2
0x9b368bd5ddcaa50523112b29ea79161e67e939e6,false,3,1,0,1
0x9b3da1b152e4962d5eefb5c066154aa5e04b458a,false,3,0,1,1
0x9b47d037a02e2698ee8b234503cc1c59edb24145,false,3,1,0,1
0x9b4d875bde976e0ecc69de8003655b9a437cca86,false,3,2,0,2
0x9b593fec3f2b482268cfed99bb76d142e051bde9,false,3,1,0,1
0x9baefb2eb210669335524bc56eb3098162ac8e02,false,3,17,0,17
0x9bc108823b0e79bce0467a325e5c7dcbf1f2eff8,false,3,0,1,1
0x9bd5ac3a0fadddc38c42b812167ec09f1016c65c,false,3,1,0,1
0x9c229423413ff3409b2229ea09d696ba1cda348d,false,3,0,1,1
0x9c476838b661c8db21340f7218023f9e32f7a4ce,false,3,1,0,1
0x9c4770b5b9f62539fb6124bdd4d4b86ea7996575,false,3,2,0,2
0x9caef75141c437bf1ff8074e38de097c8b614da8,false,3,4,0,4
0x9cb27c99cafc10674833a3506a95faa49b3b4fb4,false,3,1,0,1
0x9cd63f6d2d3c4227d35e6abbd92d02e775e9730a,false,3,0,1,1
0x9ce9c04c6494eeb965052a300b933a58fb403036,false,3,1,0,1
0x9d22fb058aaa718b39a20583f20944e7c6ede976,false,3,0,1,1
0x9d25b9d312428068756af487378b2a04b84067d1,false,3,0,1,1
0x9d2c3fd2e6e082b84b7791bbd58656d387c93ddb,false,3,0,1,1
0x9d3ebaa708984bcc0946f1fefb245fb145d2428d,false,3,1,0,1
0x9d46097b7c3f0b3243d363e2f7cb4d410ed8354a,false,3,1,0,1
0x9d58b92e292de737b68fc3920ad7420b2dc32a8d,false,3,0,1,1
0x9d7feb3b9559f063bdc049a395aa87d22d9b201a,false,3,0,60,60
0x9da090d2742f423b27c33abef3a66e378fb9fd2d,false,3,1,0,1
0x9dbd0497250eee0d6c88af754fc3194b726c70c2,false,3,0,5,5
0x9dc80816f59eba785d43470def3fd90fbf5c863b,false,3,1,0,1
0x9dd27da5fbcc009d9e1c9b3036ebb655fd8c72a1,false,3,1,0,1
0x9de5f704a997ac28d463f4d2280dba5ee68b94a4,false,3,0,3,3
0x9dea888f72e86386ed9e0dfe00bb7324589fcbe1,false,3,0,1,1
0x9dee56ccc5b48a48f0995abbaf0e10da2f10f234,false,3,0,1,1
0x9e1fe663fb953ec6223fd2cbb413353742ba999a,false,3,0,1,1
0x9e31c55425ec8ea5e003659dc53a0022df718d8e,false,3,0,1,1
0x9e394a454298b649660788373370fcf30488db48,false,3,0,3,3
0x9e45c84ae766af95427cb87598cc15520ad7b3e8,false,3,1,0,1
0x9e51e12bc467a632f735b1ab1389937a5bd75c7a,false,3,0,1,1
0x9e7a7a4634a92d301f3a683a89cb085f40f675d4,false,3,0,4,4
0x9eb853522ff33e577c565931901743878a46a5f3,false,3,1,0,1
0x9ec7e0ff253037696040e5196ec8685bda6c249c,false,3,0,2,2
0x9edca87f2e3d3b87492c7bf48701b2a5bc72347b,false,3,1,0,1
0x9eec65e0677dadb7ca1a011748b108e33105bc54,false,3,0,1,1
0x9f2fa8543a0458c5e33c83693f5889237a8fec60,false,3,21,0,21
0x9fe9ebd56cd860085fc4741d064e449f754661f9,false,3,22,0,22
0x9fe9f163c0af6cd034488ddc6ce547b495fbdf0e,false,3,1,0,1
0xa026dd0c1eb8cd7bbae3e4329446723b5526d0bf,false,3,0,2,2
0xa03f95db692e6b796715fc3dc6904d94b28308fb,false,3,0,12,12
0xa0414a6527ed2315ecfe1b588f6cd93bbcd62596,false,3,1,0,1
0xa0536e59b80502f4bdaf7cc2a68cf2d34919c885,false,3,0,1,1
0xa0b540a12e5d3bc3af9b4780fa0b85d3cc2dc8d4,false,3,0,2,2
0xa0d8029bb19a558288f8dd969cf44422bfff55e1,false,3,0,2,2
0xa1023a06b8cc2d4ba01fe2305ce4d77108912a39,false,3,9,0,9
0xa112e8214b35be853a91f275d2ece2ce87dd9264,false,3,1,0,1
0xa132e14b2febe92baa6fb2a77c9967559f6dfab1,false,3,1,0,1
0xa13474740524483e89830bba8eef60fd47ed5b62,false,3,2,0,2
0xa1464df7ca5ae2c0f6b591f53574948196e9d574,false,3,1,0,1
0xa1ab6447e85810b06b7698914846668135dce421,false,3,0,1,1
0xa1b06dd5ca6b0c105a8b77c96357a9928a49c67e,false,3,2,0,2
0xa1b5cf6b7e755f46cde53f5bc60dda34753ad28e,false,3,0,1,1
0xa1ba3baad7116e6bdd97ee01bcdc689d46991d4d,false,3,0,1,1
0xa1ea606ae73212d65a62eeda3a3a3c7893be0a17,false,3,2,0,2
0xa1f114a58f5030841d9270b5d1b12ba0e0dd1fc3,false,3,887,0,887
0xa219e5cb29a99f16084f7d13b122d801bd07d08a,false,3,3,0,3
0xa2206030391935d947b1c0c137ddabf78bf79e02,false,3,0,2,2
0xa22fec6701a2450c7bb89ec44c1dc709978d37c7,false,3,1,0,1
0xa247aea0c85c7976dbbfdb91dbf340c21307408a,false,3,1,0,1
0xa275755e6a35e86e2b7de22589db538b657bb4b5,false,3,0,2,2
0xa2b3ab9413d26a811b6cb17a6caf32c65f51fb19,false,3,0,1,1
0xa2f3b18cc909dcefdc21c29443ba392f57fdacc0,false,3,0,10,10
0xa31caf686767c6fa5cec65855c1f9ca087691d4b,false,3,3,0,3
0xa349f283259ebe1a232bbb79a9c05434e6e7246b,false,3,0,1,1
0xa35ea9dc6fe4a16c072ba2643e4d3f4e784c2419,false,3,1,0,1
0xa37673cffeaa3b6670c39ea6128e52242ff8c5d9,false,3,0,2,2
0xa37cc6570a493daf214682e8c23fb46a052d802a,false,3,1,0,1
0xa392d5db50eb77a5f744c86b1457bd776a93f0e4,false,3,1,0,1
0xa3a0cdebeb1d3f4951f5d246a0601fad24e50f33,false,3,0,1,1
0xa3b91467ddd5a0387aff6647e8316b0f3391ca6b,false,3,15,0,15
0xa3ce8622ec05e4538770919ed23523edc2224fdb,false,3,2,0,2
0xa3f348bc074ab51c769f3d50de640ab044388c09,false,3,0,3,3
0xa3f98e7f96d4c82351c491a296b45c0053eef1ca,false,3,1,0,1
0xa4c2056ed5ca281dd15705ef207525b6e63495b2,false,3,1,0,1
0xa509348acc227ed33b0d8b2504bb7b251ad70f16,false,3,5,0,5
0xa50cae81af829720b2733f1f66c79917369c4dcf,false,3,0,1,1
0xa51100e1efa404e999bfa89db5893fbf5fe0b1cb,false,3,0,1,1
0xa5173ffd6f79609542505bd1c6aeb4b42616ec1c,false,3,1,0,1
0xa530a02fe90d76b80f1c3d1948b39580ce4ac4c0,false,3,1,0,1
0xa55859d553e320bcf9041abe35b13d682dbf7db3,false,3,0,2,2
0xa55b8f95f4875dc2730f075d4173ca10fda573f0,false,3,0,1,1
0xa569b6ebb2549ff8c4038538f39eba49bf82cb57,false,3,0,1,1
0xa56fc013fdd5a4ca66a83751c91899cf83ab0294,false,3,1,0,1
0xa5b3a91792510a87d855c2efba4d8009a73676ca,false,3,0,1,1
0xa5cbcbb83dadcbb55f280b1ee29d16b0e1c3ef58,false,3,0,1,1
0xa5db2d9af846c39c168f423d45a820f2cbf94f90,false,3,0,1,1
0xa6045d7085355e5f6a7a983534db6798a874d476,false,3,0,1,1
0xa61b99532d27a20290435b8a7b1f63cee3a2aa9f,false,3,0,1,1
0xa65be561e6dd17f333f6750e6dc2ecb79c8d525e,false,3,10,0,10
0xa6a775ab11519489f6f4643c231f5b9dfc54d524,false,3,0,1,1
0xa6aa0b95f9e9ee70a9af514067e46754c3b17635,false,3,2,0,2
0xa6ad92043b2cc6d687e8ce75638ecb126a7d7f2f,false,3,0,1,1
0xa6c143a0d61e3ef8f274367c6a8e07adf5348be5,false,3,1,0,1
0xa6c7285f9e8d8dbfecadc28c8d621b0b8c737cef,false,3,0,2,2
0xa6ef055bb69d22cec0114659185c122f02a3358a,false,3,0,1,1
0xa71f718f88def72bd9b65e3bc6a6c5f2eaef8249,false,3,0,2,2
0xa78028886c8274875629adf1bce41105e9daec01,false,3,2,0,2
0xa79ff1339b9a134ea59b1728c2bdf2d4c38b8ee5,false,3,0,3,3
0xa7a83e55bd683a1f72943b230519e3c3571b7e9c,false,3,1,0,1
0xa7bdca453b75e8795796c64dbb93e8a868448dd2,false,3,0,19,19
0xa7d3a622421a58a23edc30058135678253aa5f9c,false,3,2,0,2
0xa7fedad119a6f79a83476a084f3c4c4e6a5c07c3,false,3,3,0,3
0xa80e02faa901e9e1404c7a97d783d66e20259358,false,3,7,0,7
0xa827e4a23389e7c1f63538d960ccd4937e10ef47,false,3,0,2,2
0xa82a3468c8214c4b76a5d25aad691ad7b362c336,false,3,1,0,1
0xa84dec66f5ea8347e6447c6b49cc59592c5fe3d7,false,3,2,0,2
0xa8a1c0e75a1f2f17db161928baaf208130b0371f,false,3,0,1,1
0xa8a86390f65dc99a2459b6c835f2e36212c509ce,false,3,9,0,9
0xa8d296b00743336ec5a212928122bb3c68ba5ec1,false,3,0,1,1
0xa90c2b8300b874ac02bcc41795eac54c8a881e9c,false,3,1,0,1
0xa91e12149d290fa71a929373a7cd06028c173c0a,false,3,1,0,1
0xa93186049db36d0b6b3d7eca29f23189fb1b38c7,false,3,0,1,1
0xa9323a6e9380c8f6b6267ed18d9fd76dd2b7534d,false,3,1,0,1
0xa933824cc4e77732283e48abdcc1cfbe3809a4f8,false,3,4,0,4
0xa9399173886398501431f7a7bc5e5871b5687fe8,false,3,0,1,1
0xa94387a9c687eb1ce3100d571c20ba880da01172,false,3,1,0,1
0xa96bbda2a5b5ee58ff5f339afe05ffbe2ed48834,false,3,13,0,13
0xa974a789aca752787a05a744aaec509a8311ee05,false,3,0,1,1
0xaa0463bb95922b82ae2c01a0348d2ccc48ec47e3,false,3,1,0,1
0xaa2bfce1379413b3c86154522ff2f3bfd6796acd,false,3,1,0,1
0xaa40604192505ef73e3e3e74f338c504579541e7,false,3,0,1,1
0xaa5a26d1530a4fb332c61f0886f85334f6f01b29,false,3,1,0,1
0xaa76eb5c34ba6d11064c5cb1310555cdbd0fc0ef,false,3,1,0,1
0xaae1a6765f90ac92d3129d69a1fc74e02e37dd3a,false,3,1,0,1
0xaaec2ecb5f5a8043bf2a461fa54cf7c416a002e3,false,3,0,1,1
0xaafa798a6353004fb930580532667e99dc41ea15,false,3,0,1,1
0xab34a358a587847e13de521006eec53c14feedeb,false,3,1,0,1
0xab9a2204dbe0e9ca4d8067fbeeada38567d959c9,false,3,1,0,1
0xabba7bef6dffba87d66e6c3d2d612b1a57df2303,false,3,56,0,56
0xabc8057c05f89b74ef66326261ed42c625332eae,false,3,1,0,1
0xabca4cb2dc0832c08dc2704226901986c8fb6a11,false,3,0,3,3
0xac0c85a99075e1608382dc5e0ce3fc2d001db3c5,false,3,1,0,1
0xac2674eab71c5ccba606753a1b6fc048f9c6c064,false,3,0,1,1
0xac330422109df5aa031c666f238499a7773691d3,false,3,1,0,1
0xac5ca7d3ed4faac7d6a363604603f82c4bcc34b4,false,3,1,0,1
0xac73d7cc3db6c2a4c248a45d66718992fc1739a6,false,3,0,1,1
0xac9defdb195910cef3bfd2cac047936348f97d0d,false,3,0,1,1
0xacad09f2cfbc82d02b6f92e260bc1d9c9f503789,false,3,0,1,1
0xacb7e51f671dbd46196db2d844b199c5fd4fbb20,false,3,0,12,12
0xacbfc261ca275bbbd5fe88886d17684556ab0091,false,3,1,0,1
0xacf3c8cc6ee90f23025660222d82414e4165a038,false,3,1,0,1
0xad3845cb942965338e8b810d1775860fb4432eef,false,3,2,0,2
0xad40701d36ba7292084263dabe37ba1f661385a3,false,3,2,0,2
0xad40c24844243fa2c75a86fdcc1c1ac34210eb3f,false,3,1,0,1
0xad477f60dfa496ab24042f46667b19174d3bbe73,false,3,0,1,1
0xad4e11a42aed9215e36d51473e642f511a19ae36,false,3,0,2,2
0xad5126220558f88f493e6fde6eb578753c175128,false,3,2,0,2
0xad733c509eb858e2b0c3452778eee2a884108647,false,3,0,1,1
0xad7929ca80eef0cdc4ecffa55a0e568cb6f6ee18,false,3,0,1,1
0xada7a3b085b0354c56f069b5fc256fa45615703b,false,3,0,3,3
0xadc783421fb3d62361122181787d80f3e22201df,false,3,1,0,1
0xadcd40003da4474321a3e28d5d2f7d0cd9d79683,false,3,0,1,1
0xadd0bde89c4e0bcca080fc1d4bf9ab923f0f3d69,false,3,0,1,1
0xaddca69d56268dc7cbe0caf2b55a338d6519c350,false,3,0,2,2
0xadef90f4f6240f5d6de892a2c55a45e2679741ed,false,3,1,0,1
0xadfacf6f4511657946c4338051edcc98d777cf7c,false,3,1,0,1
0xae0bec05d776ab4b0ca212e45635f9e00cea2bab,false,3,3,0,3
0xaeaa7ff5caf0ecabe986cc4213632985c9b44554,false,3,0,1,1
0xaeab32679b9b42dd60a43fd32cbd35342073902e,false,3,0,1,1
0xaedeb587a0339b4bf1ae88aa5c785a782f4048bb,false,3,0,1,1
0xaedf074ef9354f639f1563d3c222fd9ce4262ecb,false,3,0,1,1
0xaef8541d27f4a599dd4dc6efb382345a4a0b1d9f,false,3,0,2,2
0xaf241ff3d446942fdd8cd3e63ca11116039a7443,false,3,0,5,5
0xaf63db6144971d423185ec8ee7183016a5efb9a8,false,3,1,0,1
0xaf96a283ccaf51dbff5a19174ffa2926fedbf9fa,false,3,6,0,6
0xafb16e07ff6ddeb5e98c9f996a7f32906781dcc0,false,3,0,1,1
0xafe3e7be52b73ecc46ff8ddfee48901a549cd81a,false,3,0,2,2
0xb00c43061ec59e9fa2020d54af62770ca92018a0,false,3,0,6,6
0xb0266ef1bb73545418cf07b5405426fc844bc449,false,3,3,0,3
0xb072534391adf1f97f99ee5226edba63a347241e,false,3,1,0,1
0xb0b13bd08848ba6b376996db7e1af987848f13bd,false,3,0,1,1
0xb121f8bc78259bf389987b5210c985284ac2e7d1,false,3,0,2,2
0xb13221834db9c46a9706cc5b8cf434608b7cfe67,false,3,0,5,5
0xb180647d5ad76abeb6be0d363f6e182bd8df46d1,false,3,51,0,51
0xb1890f190cf5f2560b653a639e81bfb39d904d0b,false,3,0,1,1
0xb19e85d8c7087789c4575079f3d97696c100905f,false,3,1,0,1
0xb1b2d032aa2f52347fbcfd08e5c3cc55216e8404,false,3,280,0,280
0xb1b4a6631ffe206fd0763962e454910e446f65ee,false,3,2,0,2
0xb1d4f4d94cb5ea6e1f929ea340308f2e6435084d,false,3,1,0,1
0xb1f02135131881b91f5d9d5e78c53c237a89a783,false,3,1,0,1
0xb1f1dead0916392744051b8f013f3876dabb018d,false,3,1,0,1
0xb208785cab1e27861336ac9a567dd9afdf48a385,false,3,1,0,1
0xb20f4b85d35a71bdb3ed4e39183c9c4909119528,false,3,1,0,1
0xb21658ed174db3dd7e3eb40906939b8ce3286200,false,3,1,0,1
0xb21ce03395a751cf4f8aadc98171670e83301b34,false,3,1,0,1
0xb21e1be9d357283b69faec4e5cddd73c6b6137f3,false,3,0,4,4
0xb22060ed51d6f6eb96fb36857527f332b4d5ed1e,false,3,0,2,2
0xb22abf3d54a0b3b57f90542d53aa435dee383913,false,3,3,0,3
0xb24b5e6424ca3611cdd06a5f7e5aaf7ee36ed482,false,3,1,0,1
0xb26fcbdf2548ee340e19a62f5eb45b7774a06581,false,3,0,1,1
0xb27cd761c60c84f2d1276a4bd68258e5d16a4e35,false,3,0,1,1
0xb28f74de1731bbf66b0b51b953e89e63c1e443bd,false,3,2,0,2
0xb2e13edeb956b38b84e3dc7ef9b29e7135d127e4,false,3,1,0,1
0xb2fce99e88f9c2a5a9c522d0bb1acf1cddf7e1b9,false,3,0,402,402
0xb3074aa8efb7f9c0d319f57d4bbbf592a25c3b27,false,3,1,0,1
0xb32fc264ebc065818b34134396f25ba973362b80,false,3,4,0,4
0xb33ee0758e571437ba0feeff2097fe39b340a719,false,3,0,1,1
0xb3622c7f850e9035ca6aadd4d57193c17dc16254,false,3,0,1,1
0xb388ecd36d5199a27f2a7fe86943ed920c5c7138,false,3,1,0,1
0xb391fab7d14d0a39c405cb56f2f0ec4f85d7b9a9,false,3,0,3,3
0xb39b1181403a2be38385f023a95d0e019405b773,false,3,0,1,1
0xb3bc8c64583d50838e2b5552ec690b6ddd8ec0c3,false,3,1,0,1
0xb3ccbd808256ab06a4698dca5f464d5ed231fd59,false,3,0,1,1
0xb427d599c6a024694c133ecc84610ad2ac04174a,false,3,0,2,2
0xb433015e449128914824173a7a7a5785eca14133,false,3,0,1,1
0xb46a0f71fded6ceb00b1c9278e0ac7e22c242df5,false,3,31,0,31
0xb4751ca8cd467074fd254adecab4fe4623522a1c,false,3,0,1,1
0xb48181a773df34018d3ab70f8158059e54e7a02d,false,3,0,1,1
0xb49002e229cb4fa98c6ca532747fa69b6565bd0d,false,3,6,0,6
0xb501e299dace63aa0b78023e0db3fe883617f56a,false,3,1,0,1
0xb512243bd06c253a67f166daa2d3adb1cdda4645,false,3,0,1,1
0xb5651713a0e3253b0c4bb10f1252dabba2a0cfc2,false,3,0,2,2
0xb5a8753995904c7b91e08afe082115900455fd33,false,3,0,1,1
0xb5bec32844b41b6a9fa3b998bba4660a5c8658dc,false,3,1,0,1
0xb5d8100bf3e42418d41119df4bde90b0ea0d88fd,false,3,0,2,2
0xb615926d2cf24ff5cbbc9a49ddc7aade653b9e7a,false,3,0,2,2
0xb61e698abc4993c9769cea34d1d4f23034f7c726,false,3,2,0,2
0xb6a8c4aa088b6c4615d3269781c0dfea5558adfc,false,3,0,2,2
0xb7437509fa902f4941d4c846fe9fc8dcc7095b6e,false,3,0,3,3
0xb74954c21449a6659b5b889999781f737a1507ae,false,3,0,2,2
0xb78076eeadf20fdc861d8a8bd5c570b160530711,false,3,1,0,1
0xb78886e4610531dc98d383c54d34284a0e830814,false,3,5,0,5
0xb7e2ef33b3da5f812b5a76db289c21e0cff6a099,false,3,0,1,1
0xb812a877567a0a85753fdc1cc7070a21c6e4ecd1,false,3,0,1,1
0xb823b2a6a734912c151f5b78061dab944ac91ba6,false,3,0,5,5
0xb8462e17fbf682a4948b750b547b1dfa2670c9a5,false,3,0,1,1
0xb872d69fe7f60850c43ef871a1b48579911f1ba6,false,3,7,0,7
0xb897969305a508d7dd00e4b8218827c6742c0635,false,3,1,0,1
0xb8aa08286fbbf69a0bd695a997946e1f10b45920,false,3,1,0,1
0xb8aeb62a0029241ebcc2e1eb476ae54a7bfb00aa,false,3,0,1,1
0xb8b4aba102d4d868f7465cd124260d726e1acca4,false,3,0,2,2
0xb8dd1eaa1a210b1bbd65abdd35f2d903244049b8,false,3,1,0,1
0xb8f54129c97fc623594bbd098c4ec608b83c3b1f,false,3,0,1,1
0xb8fb7483d4f6d68938587c27f5119b2e1f377460,false,3,1,0,1
0xb909bbc85a7f0a30aa3ad6205961120c3a6e03c1,false,3,0,1,1
0xb9124bfc3cc919de28cde7dc3a687b54b6d0e0f5,false,3,1,0,1
0xb915eca7165b83a612c7908fce4f0d66c1910d64,false,3,0,23,23
0xb9189a4cadada9a0dd68ed60de1e486b0bb6409a,false,3,0,1,1
0xb918b838d6b56d3e0f81ddafe8e8d1d50f634243,false,3,1,0,1
0xb9191dcbbf94abf93fc03ded9e5b5c991cb7a130,false,3,0,1,1
0xb93b1460f366eb4094a3d081298e8611abe73e07,false,3,1,0,1
0xb9b5695bc813ff06d15ddfdc9f6739e231b5ef71,false,3,0,1,1
0xb9dc0d98601618bc164273f286079a4cee33641e,false,3,1,0,1
0xba200b3fca833c69e072d24d2b83be3f76ff359b,false,3,0,1,1
0xba7866bf1ff1791b63c2dd9466f18c930b91fbf0,false,3,0,1,1
0xbaa22cc69188178b56146dbc45399dde2283ccb3,false,3,0,1,1
0xbabc8e30900facfc406d26f65faedc785108a610,false,3,1,0,1
0xbad6ad5e1837791da9202567baf273aa8d295b49,false,3,2,0,2
0xbae33ac995cad72a342e0c309a849586effb382c,false,3,2,0,2
0xbb105a6a67fec4f1825c266098bf84aecb5d66ac,false,3,1,0,1
0xbb2c3e40a6504da574fd3d832ce2dbcc4f6804ee,false,3,0,1,1
0xbb2d18e763de79f85907c9728e09e6d96ec6701a,false,3,2,0,2
0xbbab0664a0eaf937c66d19c8f5831c19c08a447e,false,3,1,0,1
0xbbcad74bc43f6235eaa3a2e9155ac698981141d3,false,3,0,3,3
0xbbcdf89e60c8fa6a47ada24a74b5c89e385af62a,false,3,0,1,1
0xbbd3a5485c626b1a773da4ab6538337a5c01a596,false,3,0,1,1
0xbbe4e9f66cd21aa350abe6e62b98e22e7831dd40,false,3,1,0,1
0xbbf34f6099df98c576e5f4dfbe1a65846c5df793,false,3,0,1,1
0xbc1afdfa5c1ad466033e9c8871622bbfa9f631b1,false,3,1,0,1
0xbc1e24ee21033c0f3af6d34273659557db2ee479,false,3,0,2,2
0xbc25a04d38daa2070a1f857eea2d38c8a502f279,false,3,1,0,1
0xbc30afd5a5bd6b4c6a16b5d17b99526bc9bcc5f8,false,3,0,4,4
0xbc45ea3f8955e23b731ef8f8d7ce3543f89a4878,false,3,1,0,1
0xbc6a62cfc40332cdc49d5754db18e919419ba372,false,3,1,0,1
0xbc7d3535628b84e6b1f0e7d63983e03ef083b6d2,false,3,0,2,2
0xbc8063c78aad936b1a4e8d8f459efbf11a95a930,false,3,0,1,1
0xbc95fdc32e56664d12a846aa7eb45c4e416fcc1a,false,3,0,1,1
0xbca852c07436b170e85e5a5f36a00e48e231c708,false,3,1,0,1
0xbcf4050cf75201276ecf424ae6516af339e8277f,false,3,0,3,3
0xbd1cddbb7f028dd99ab6d9133d85e98494afb00c,false,3,0,2,2
0xbd4ded84ff95ca4e40c6d7e1912b67b413d2ca08,false,3,0,25,25
0xbd678429a17c9363de52ae2f39e23612ee58f244,false,3,0,1,1
0xbda1cea7c291e36639dfe277f4a39153cbb21dfa,false,3,0,2,2
0xbde91aeff99e28cb61486a8b0fcdd82e5f1e84ac,false,3,0,1,1
0xbe04d2a2e49151bdeaf24c4254bafc47df08e6e9,false,3,1,0,1
0xbe0734acba07af070d51eba1129b3fdec1a7899e,false,3,0,5,5
0xbe19fefe909a1f3dc2ab30ef480ddbec686ba241,false,3,0,2,2
0xbe36534511480deffbd14c6909ba70bf60fb3285,false,3,0,2,2
0xbe80f6d9f4381650974c5c73ed506e2589e45346,false,3,3,0,3
0xbe8f5fbc1c350523f3c7d3c64ba35734048d2728,false,3,0,2,2
0xbe9494f42472862a2073e8fdb5493256e1fe4d3f,false,3,0,1,1
0xbe9e0ad9bd94e6305ed79e9a9faeee4b16b9e52a,false,3,1,0,1
0xbec68eec8a3589b0c6e1d7458bdcf5b04cb43ed3,false,3,4,0,4
0xbec9d3cfd0db8d39d5ea782890c2134088ff2e01,false,3,0,1,1
0xbeed258f8f166ee213cea8325e869f8c31180bf0,false,3,1,0,1
0xbf16110188ebc726b436e21391e0d3e7e5e3ea46,false,3,1,0,1
0xbf2bb1002c53ed6491f1f1470f56faf75113aaf3,false,3,0,1,1
0xbf3ebf8b94a3950eb6c6a902db38fc7c4c18cb6a,false,3,0,1,1
0xbf5b4c29c47ee19775db7b44af2a72b03a88377c,false,3,1,0,1
0xbf630bf871c7b7e6811e5de9179ac69d58fd2aa4,false,3,2,0,2
0xbf651b4cd562a5f0e68ce4eada38789e5ab13fe0,false,3,3,0,3
0xbf6cfdfc3b69608d33497048307ca8fb14f213a5,false,3,1,0,1
0xbf7845b0b82b3bbc045666e53910ed985262140c,false,3,1,0,1
0xbf87cde6ffa4a9199c6b769e2fb80ee53ca1b492,false,3,1,0,1
0xbf8b387e7644fa5ab56ea6ccc869b89f1572d8dd,false,3,0,1,1
0xc03f1a68f77add2b91adc9c4113c46023eb665f1,false,3,1,0,1
0xc05f969b42653f1f7338517eb9815fd38fe745f9,false,3,6,0,6
0xc068cf8fcc84f2a95b3b9ac910ff7c0a817f6f49,false,3,1,0,1
0xc09a2b73352201c51a2447309d7cdb598e792f9e,false,3,0,2,2
0xc0a24fd8b956633be566c5007b29de3a4f718169,false,3,1,0,1
0xc0ddf7266c7f5664e0f3aaaee5802fc295a4eb11,false,3,0,1,1
0xc0e2cd68b80fda3c740f73b796a70a3916941eb7,false,3,15,0,15
0xc1005fcb04dfdfdc9f98a2d3003f7567c43d6b92,false,3,1,0,1
0xc11c5afb7d5672426fe12e65929c8002fd581120,false,3,1,0,1
0xc18ff056de0ef883539c4148e3660fa0bcda9ad6,false,3,0,1,1
0xc19d7580cdcc0a3b2be7ce181c9b1cdfbf87680d,false,3,0,1,1
0xc1ee41af8de3a7c2cc4b8086f7c4289ac1d67dbb,false,3,0,1,1
0xc230cdd95e620f0893f77743d355ed248d1cece9,false,3,2,0,2
0xc25ac4dbe9b72e8a6ab39d42ab8671265d077754,false,3,1,0,1
0xc26028b3854ec3cf74d5d80db6f872e222431efe,false,3,1,0,1
0xc293fdf2b72267461400e6db9605bdce62a3d0b3,false,3,0,1,1
0xc2cb90b7176cae6cab98a95dde431e7f14a39196,false,3,1,0,1
0xc303d6fcf121bc3725944ba0b1d0cad3693e91b7,false,3,0,1,1
0xc32360525f152035b6dcd00ccdd6a0fc15aa8f3e,false,3,1,0,1
0xc32fccce5fcf9c0a798eb2d87b19f8d9efacc963,false,3,0,1,1
0xc332c8c9071b37c3247e665629266132e75032d9,false,3,0,2,2
0xc33abcb387e5e4c9a5684cb8bf0b74dc72a7a043,false,3,1,0,1
0xc3790ce08071b14031b031424a28d3c5f44d5997,false,3,0,1,1
0xc3a986a3b58482290b1160a4b59c4cc4da4f12c8,false,3,1,0,1
0xc3b42d62fff94d7485f7f55c63af8777e7060769,false,3,0,2,2
0xc3c2e9cc3db4a1061342dafe0dcc342c5f2d8861,false,3,0,1,1
0xc3e23d25e57c19639cc0afffcdaa123e36f01de6,false,3,0,1,1
0xc3f5deab4352eccd34a54a63a368b48486fa46f1,false,3,0,1,1
0xc3f70da1f8c8d4b8f3bc8a0152d0cf957362acb1,false,3,1,0,1
0xc458a71e8da66e13a17b4224a5c6085a20f39389,false,3,2,0,2
0xc49d5307792733f1e363629e360bf6499383f2d2,false,3,1,0,1
0xc4b7de4b742f8dabe996e55d52cd323aeb17729b,false,3,0,2,2
0xc4cf479f4adae672773cb514c5d724ec1fa03f4e,false,3,1,0,1
0xc4cfb06de673f3c2d6da67e5eec617ef04b1d89b,false,3,0,3,3
0xc4d21072a1897184d419e20547e00a706925eea6,false,3,0,1,1
0xc5782042ae75a4aab980ebb1e7f1a01c29e2f4f9,false,3,1,0,1
0xc5887c590c2efb9b6475f1f142e95dc7252ed38e,false,3,6,0,6
0xc5a4d6b5f684585d90914c949409e4efe75ef603,false,3,0,6,6
0xc5b038e896a89a33dd79e0a9547bd0c175af7e68,false,3,0,1,1
0xc5d3cf9420947e867791dbf8907c2fd4cb9ec86d,false,3,0,1,1
0xc5f04b7b745149d625e81a6c1543feb08242e4b3,false,3,13,0,13
0xc62c59df550a121f62adb19cf7335cb6e28452cc,false,3,0,1,1
0xc64c2a7c42469744c1914e6f999f5909fbbe5f41,false,3,1,0,1
0xc66b942cd820226428069bbdfab965f2d0474b54,false,3,2,0,2
0xc6990f0afdf616b150914ee9c68857b1abc32943,false,3,2,0,2
0xc6d75c8e664847443b46ab23799b5cb793996cb0,false,3,1,0,1
0xc6f349b5649127f0a5a9a3f5dc98256522c9075a,false,3,0,1,1
0xc6fbbe7fd15be6c2c6e9447b7716f05600280821,false,3,1,0,1
0xc76c3320f6759d97367d3b69290848cc4ced2370,false,3,1,0,1
0xc78dba77f16611672cbbe69cfb2d4890d1665b16,false,3,0,1,1
0xc7ce658ebff23eddc948a844b684d84942a16db2,false,3,1,0,1
0xc7d3f8b7e796736909fa94b139c1dc2bce486613,false,3,0,1,1
0xc7e8168e2ad5e5d2598a902aace20991ecbbf708,false,3,1,0,1
0xc7ef467008738464dc287181e15cd1d068b9bdba,false,3,1,0,1
0xc8043e5cad31806fb6aebd496800d9651694807c,false,3,0,2,2
0xc80a0c137fef9f4103e7ce81f82397ab1532a6c3,false,3,0,1,1
0xc828dd5ef8df31999185657be55ca27bdaee6c5f,false,3,1,0,1
0xc85025ad61fde3df2c593ed70597d3c7f8b9c0b0,false,3,0,2,2
0xc852922b95b6b19850046d42db28ac09a1cfde70,false,3,7,0,7
0xc8a7561d7eceaa6b3d91357e63cd654c34a0cffa,false,3,4,0,4
0xc8ab9ef1c6cdce3ce689a8d1a11fa37dacbabfe2,false,3,0,1,1
0xc8dbb78777abc3da2eeeffce7a672f06f733a8b9,false,3,0,1,1
0xc92979f6d2d7ada7a1057f4e289a7f578a3aa143,false,3,3,0,3
0xc933c5794e034db5d663cbb37a0d3ba4b982fbcc,false,3,0,1,1
0xc9683c2667082a0aea9f611ceaa3497d59250724,false,3,0,4,4
0xc999789bb3e047bcfe796afea6605b071e4a68f1,false,3,1,0,1
0xc9a302da2197c184c5f0fd0ad485e9b3d9446eba,false,3,0,1,1
0xc9a9ca58da3f657a5833a52815aed9b4ff631f96,false,3,1,0,1
0xc9b700449cdae4a8674b7db50955e7de3fd346a9,false,3,0,1,1
0xc9c03e07f401ccf69299ae8be09240d329dcd3e3,false,3,0,2,2
0xc9c6d25935ae73d1e53784c18a383d550c1ad6f0,false,3,2,0,2
0xc9dfb45265ba3e312d4fbb7ee6effafcc85ddad3,false,3,0,56,56
0xc9eb6f9b5e6def49f8e3ae3a18dcb8a78176495e,false,3,0,2,2
0xca1f79d07e4d498841c3ba1d7d3cab874f29bf72,false,3,0,4,4
0xcaaf1f3b336c1297ac84ca370bea3617b1d3456c,false,3,0,1,1
0xcab6aa4ea7f5ffdc71a419b8aaf251e2642c3cfb,false,3,2,0,2
0xcb19e0e3b4d8b6d8d57b877f4bdeafcf9a397487,false,3,0,2,2
0xcb72504621756aa140b8183a83724df14cbd3106,false,3,1,0,1
0xcb9c4718a0c8b02661e5b4c88d145da80736eb0c,false,3,0,1,1
0xcbba357f862e6e0f4e5d16011877498520ac82d6,false,3,0,2,2
0xcbca5af3f38060f4c5f47418f2d064970d5dd798,false,3,0,1,1
0xcbd6ac3193b11f862efcee742bce89b747000b3a,false,3,0,1,1
0xcbe7e44b3cc3aeb3306813bc312a0dc3a3260bf1,false,3,0,1,1
0xcbe884e98d877b6b3273fa1648e33a39f5d9d13a,false,3,1,0,1
0xcc62ddfe90704f5be06fb447970824e263a9c527,false,3,1,0,1
0xcc65bf807c9629d8467e39e115d9deefb759b8b9,false,3,0,4,4
0xcc84b3570c1f1c1a1bb4b29e93cd12c93ff98acc,false,3,0,1,1
0xcca37f1ca295a5475fe10feb39a19600901c3d61,false,3,0,1,1
0xccf8cb301d03e80c1a577652394e2b26f4f40e73,false,3,0,8,8
0xccfea8653df8b7b1818652caf97535ff68e9d17a,false,3,2,0,2
0xcd116f90113027719333accbb853f69a09335b9f,false,3,1,0,1
0xcd16e90deca956419711ccac89aae0f453f1a2cc,false,3,4,0,4
0xcd21eac6a7c95a2b98dee9a0592e4dd84f89b4a4,false,3,1,0,1
0xcdb5af4901641fa0080031a839a3b75dbcfe6e1d,false,3,5,0,5
0xcddd48030fa718ffe1747fc90938b98430007f5d,false,3,0,7,7
0xce1621236cbff521dda1064ddb2fb580cf0b383a,false,3,0,1,1
0xce176486884ab4606ebc903a17c588b7d292ec1f,false,3,2,0,2
0xce6846a1abaec4aa56784f3c7565edfce51ef3a6,false,3,1,0,1
0xce797b86dee92ddf270e0d8a710fdf556ef9f05c,false,3,0,1,1
0xce92d370fff81f38e79997b3d0bd27b8bd79d271,false,3,0,2,2
0xceb8f815a2ba63ada3e0e5acc1b8f9900af8bb52,false,3,0,2,2
0xcebd226952cc126821f6d2e1da48ad0744a8d187,false,3,0,1,1
0xcec6f2da25158296cbc26a14de02f7c73481fd32,false,3,1,0,1
0xcefc1bbb65097bfe1a58bcd1b69d8c4234edd400,false,3,0,2,2
0xcf030788fb21e29a827f13558c804e00a1bcd1f0,false,3,1,0,1
0xcf36819597c2bd943bde10e6ae010b39c034aece,false,3,0,2,2
0xcf4e8ad58451bd253fcd2a347cea16af89c3a9b2,false,3,1,0,1
0xcf9d80d442dd8eb8e8a8979530892b2adc81a3f0,false,3,0,1,1
0xcfd811a29d5fdf763910e67845709b38e43a57f9,false,3,1,0,1
0xcff4cfdc7e0e2e4b1f02d80b66d0458a64582281,false,3,1,0,1
0xd03a1255bdd0a99353c5fdff6f5ac9a29688428c,false,3,0,2,2
0xd06f0b9fc37527d8cb9f4b469fbc3a0dd4bd0346,false,3,1,0,1
0xd0745b30324a479d5d7853e18b571faa94779e19,false,3,1,0,1
0xd081f786c0da7edc105bc5166a50bd78671a89b3,false,3,0,56,56
0xd09c60b28a689cad68e9278a9fc07f880c8c795d,false,3,5,0,5
0xd0ae4d9c7d46ab537d260b265167e950dfb27ca4,false,3,3,0,3
0xd0be95848b9c761d3080f95d8601d07147222521,false,3,0,3,3
0xd0f41ac7f88560beba18cc48bbe38846624d1f8e,false,3,0,2,2
0xd104efe0fb5f6b0a01e8ff5e9b16437d67aaadab,false,3,2,0,2
0xd1273ce48d18e264984264a43573d3095a5db577,false,3,3,0,3
0xd155ae99d26ca7edb866297f9e887472ecc3a549,false,3,0,2,2
0xd180428da6987a3690f29e322e0c202797832bff,false,3,0,1,1
0xd1865eeb84e2b3735b5f6fdd132d0186840aef4f,false,3,6,0,6
0xd19d57f1e5070267fde7870e80bb42a4eaed7da7,false,3,0,1,1
0xd19f86c52d71503658f4aa7aec2751e758c3990f,false,3,2,0,2
0xd1a7e42989b1f59b0197aea4980768367b1cb446,false,3,0,1,1
0xd206e135e66eabb1e162a875246f2a44848618b2,false,3,4,0,4
0xd208beac45f6be48aa582ec53b97f0386ad4716c,false,3,1,0,1
0xd2270751900db9ec5c15583710693d814163de3e,false,3,0,2,2
0xd240af9a0c788a0ad8f35488405e28749c86484b,false,3,1,0,1
0xd247638c4f930b5a4b4476afc85903d7a27c5281,false,3,1,0,1
0xd2705ace19e8631df5952bce5b15fd33f4cb5c39,false,3,1,0,1
0xd28cb8b49aa8b7002976e0d90bdb26df49b16291,false,3,0,1,1
0xd2c318adea19a2512f3ee4bfa57fc45c7cab76b6,false,3,0,1,1
0xd2c4470ea92cab643aba9c6834895066d4a871cb,false,3,0,13,13
0xd3339092fa754c4804589e51edf38966c55ce2e0,false,3,0,1,1
0xd35ebad46bb1ff4c9cf7c8eb3e87bfacde756a7e,false,3,2,0,2
0xd3686946e13e8f646ea98fd6e2cec08b1e494a95,false,3,0,1,1
0xd38b32dd8e55426389593944161cc7f5306f1774,false,3,3,0,3
0xd3ca37027f48774863e06a2bf8cb348a29a6811b,false,3,1,0,1
0xd3f6c08bf7a95913bc9b9824714a44f00f4d6af8,false,3,0,2,2
0xd402da19801d39a91557045d6fbb402300810e8d,false,3,0,2,2
0xd40bf1c47f3618655a061e45918c3972d86d0605,false,3,1,0,1
0xd40e4de616c422f4fc2c6edb7473650c0d7c4341,false,3,1,0,1
0xd43026d10d7746988ccd91c7f3b1f416cd7e7cc5,false,3,1,0,1
0xd44d8522a6eb69694836411cbb6788f4c9f0312e,false,3,0,3,3
0xd4782489614e7db92d5a9823771e6e6de06ab414,false,3,1,0,1
0xd4791d30057ee93645c9cd222f49ea128caeaa82,false,3,0,1,1
0xd48b5fe4c57c5e7997de6d9c9f04842cbe2a55ed,false,3,0,1,1
0xd49a66af5c25317fd4f1da1d4aa5ad5baca63455,false,3,0,1,1
0xd4b0f42372f1eb7cc14f6c96a83c9e202db65351,false,3,0,4,4
0xd4de8af6c1e37f7012f73adf729210b64f5c176b,false,3,0,1,1
0xd52e1fd8fe80c1948fb2d08ca178c3a30b2d049f,false,3,1,0,1
0xd5642a27cc5ed73ca149b1ecc84f35f0305d8e84,false,3,1,0,1
0xd56ed26efb54f9352267fc83955149db60cfa017,false,3,0,1,1
0xd571c8853f10dfe6adf2280f6288d75e91d9a069,false,3,1,0,1
0xd580c69e5c8884cf24bb583cc2fbcbe3cfe3e481,false,3,0,1,1
0xd5ab2f687a931ece2356d7eb8c8172ab611f1203,false,3,0,4,4
0xd60b111ec0f6cde32d1a255637cdef8cb0048af6,false,3,0,7,7
0xd63e02925075cb9d7b3ec34e78e15de168cccc1a,false,3,1,0,1
0xd68699d3b4f5ca850348ab31b8a4ae4cba86c356,false,3,1,0,1
0xd691c039633ac0c4fe2d9be5ff52786091105918,false,3,1,0,1
0xd6c6ad916be75e346b3906548992b3b5b57b63c8,false,3,2,0,2
0xd7266b7ae59ab827d9529f37c14978c080871499,false,3,17,0,17
0xd7655c7f87971f6a3bbaa375f17a3b0087330218,false,3,0,1,1
0xd7855998ee92cd7213fa4f2d9fe9309e257cca77,false,3,0,1,1
0xd7890bfb27abbcb060e5ae6708cf3b93b6212f4a,false,3,0,3,3
0xd78c7c49587f39f3fb408fb778bba1ff3a65937a,false,3,0,1,1
0xd78f7ef7fcc6b7e4796de3284a2b388b46ea4d54,false,3,0,2,2
0xd7c575498207b656d712e5280b81a9046789a0e9,false,3,1,0,1
0xd7c765bd61ed44b995a3b542e22401b5edc76bac,false,3,3,0,3
0xd80a913871af482771f576bfdef93522cce63a8a,false,3,0,1,1
0xd82986cd53f986b7bf7c4843b222d16c1ecab07a,false,3,0,4,4
0xd83a2525c19783ccac058b7231d9d2524e3d6bde,false,3,1,0,1
0xd862cdcfeb856c32b3c4f7563f4811d8ddfd42e2,false,3,946,0,946
0xd87e1cf9c783826974d199e73b884774affc27f2,false,3,0,1,1
0xd884c3008f75efb6cf60f4ad83aa6d0631d11a7d,false,3,0,3,3
0xd88c5ad553ffe0bbf05336a5d3cf2a892a6a2bbd,false,3,219,0,219
0xd898e3bfa606b8a8c3c3415d40fb393e6385d25b,false,3,3,0,3
0xd89f87846abdedb90a4dc878875650e05a6ad260,false,3,1,0,1
0xd8b5d1acc10719e6af9cc2a58f9a92d6dc809326,false,3,0,1,1
0xd8cd0866a104ae33d3a443aa2fbf106dd6d8be73,false,3,1,0,1
0xd8f4006928eaf86f23752c63fedaa32939044873,false,3,2,0,2
0xd9343296d365c347a840f9a7533cf2efbee5699e,false,3,3,0,3
0xd99ae4962ef6a1c59d3d1f09677f793769fc5f24,false,3,0,3,3
0xd9b7c964b99ce374b16c24176edba5397e611dae,false,3,0,2,2
0xd9e0b617e5e36993582077a6c7ba5573b0720b3f,false,3,0,1,1
0xd9ee035a9875ce73fc3e0eb97d043a72f94c8747,false,3,0,1,1
0xda06bd372f19d0317c0c12a47db751207e85e502,false,3,1,0,1
0xda0ebf0838a26d8c0dc28876a64bd38a3ad96670,false,3,0,4,4
0xda13480f0be5ca19a226b8475f5b432ca5f289d3,false,3,1,0,1
0xda35debbd025098dd32c75f4f7c0de431fa4cf71,false,3,0,1,1
0xda757fd62e43e8fe6b5c13c5d466dbf27e7ef36a,false,3,1,0,1
0xda807472f42d707c25658328570c0024110e7f76,false,3,1,0,1
0xdadca35564a2a2dfa9a3c992f135c03179450768,false,3,4,0,4
0xdade8d1cbc3e1db899bc172e2706cca0b7543eb2,false,3,0,1,1
0xdaf62f9e006ecc5247f307bd2aa5b36a3f164516,false,3,1,0,1
0xdb31b35d457d26c5b57d84a6cf295d41e1dde861,false,3,0,1,1
0xdb33f151fc6b5fe1a194877bd667b23a7246de4b,false,3,1,0,1
0xdb36029b6b5d0158412c683dd618959723e1fa59,false,3,0,1,1
0xdb78e3f176f315cd6b57ee1b895b056cda725d86,false,3,0,2,2
0xdbea20b91a9983905d16cb8b4806e55fb7062967,false,3,1,0,1
0xdc3b436a1d138023c155ddc2726abbbde5c75193,false,3,3,0,3
0xdc4af870f6a7d9626bc3992bb214620d741383d5,false,3,1,0,1
0xdc4cb65d2df3482b6ea34f6467390bcbd8929320,false,3,0,15,15
0xdc7e27d12e8aa1447af482ac86fcc5e3eecbee43,false,3,0,1,1
0xdd2348c72dfc09018ae0263ed84f9a6aa568ba20,false,3,0,1,1
0xdd29c3b82e7fcaf437acaed99105c1176432516a,false,3,0,3,3
0xdd384cd8680296acb5b7da5c3d196c4922b1a3ac,false,3,0,2,2
0xdd4edd69cea2768862c43b53745223ae59e74ad3,false,3,1,0,1
0xdd5c38c191307bb4fbebe1439274cf2c3ede0f0c,false,3,0,1,1
0xdd9a9c69344c2e765ccb9200c6ed3f4df159ad4f,false,3,0,1,1
0xddec35e4f675cccc6dbd5825d1dc4d58105f1f52,false,3,1,0,1
0xde2a8da52103d45a2087febba4c4f60c7c96bcea,false,3,1,0,1
0xde415f75e1e7c91a628e21c4a65a87cea572eaac,false,3,1,0,1
0xde468cda0c3665559c9edb42b04fe49831b65d78,false,3,1,0,1
0xde537ab80a26eafb48eceaab023fd33774e49ca0,false,3,0,1,1
0xde6fb8593b65a3aa6107ff4548d6710af4fe6a3b,false,3,1,0,1
0xde85b415e6fd140762d1ffa6112ccdc788c0ad1e,false,3,9,0,9
0xdecc4e42098bef060045639d2d337590a96825af,false,3,4,0,4
0xded0be4b6705b843e21c4572b671f63eeb153fd9,false,3,1,0,1
0xdf35994dff63b4de63841604f7a6c5c6c19c07a8,false,3,11,0,11
0xdf3e4c3df2ad87bfe578c22c1b54d9aac1fd51d1,false,3,3,0,3
0xdf56be7ec19c6eab632899d8d170aa1c85eeb26c,false,3,1,0,1
0xdf6612b1f84cb7953016a06a8ce06b689049617f,false,3,1,0,1
0xdf7a7e2f92e9524d118ea460c9aefdbc6c484bd4,false,3,0,1,1
0xdfaeb0c4dfb60f4a971a0ce525036e49062987ee,false,3,1,0,1
0xdff00345360904a02528a3a7199bfe7bbd22e262,false,3,6,0,6
0xdff0cf4c754911521e0ac6f9cd1350057049d391,false,3,0,3,3
0xdff99823d26428adabc39a993b8a2f44873d325d,false,3,0,3,3
0xe03e4c5b7213ad5caf691778f0aabef0a7bd6a17,false,3,1,0,1
0xe041ab22f6e373373e8223114f81bfc131f314b3,false,3,0,1,1
0xe05a35c0ea59095aa53e0a695d9909c614e11450,false,3,0,1,1
0xe06cc1d0eabd67ee0d860341d62232aceed7e1b1,false,3,1,0,1
0xe08224e544c1d761a67f9e5ace57ddf9a2eefc4d,false,3,1,0,1
0xe0ddea3bba113760f7a5b58dc2b17469e5cf8aa9,false,3,1,0,1
0xe0f21f48aa2804032f2f0bcc0cd9e7d2b5b18d28,false,3,1,0,1
0xe12e4f2bf6d3001b631f7da301806d6556aadcb3,false,3,0,1,1
0xe14eafd63a7c4e6e81e3374698587b83b45a32cc,false,3,1,0,1
0xe17446bd28e5946415725357ed6eedab4fe51a67,false,3,1,0,1
0xe181fe6255ad96466872499e21a5107ec36122a5,false,3,0,2,2
0xe1a3f275b1c78194261ebe38cb9e85cf157557c7,false,3,0,3,3
0xe1b8a6ea358724496aed559a05df9e0fd45fbe2e,false,3,2,0,2
0xe1c32634440acab142c71c22094d2c5fc9feda61,false,3,4,0,4
0xe1c33647b5daca29d1009577bc4f3239542ccc27,false,3,0,1,1
0xe1da15e6c6451924e6b44ec6fbe371ae928ddd69,false,3,0,1,1
0xe1e10153629fd4b1cb14644d517107bd1a432e22,false,3,0,3,3
0xe1ec7c649630c26bd9f9fe149a513f68d700ac33,false,3,0,1,1
0xe1fff86dda92d3c116ced061fcda24c628de2346,false,3,0,3,3
0xe20e3d17be2eaf07e634d0ffb1b11a2b373b23f2,false,3,2,0,2
0xe20f7ea325c688647cf56a1632dda914313cd451,false,3,1,0,1
0xe21777b25f3b2a49a961363b501c0d8fcbd150ae,false,3,3,0,3
0xe2263bd427269c25bf00f50ef7da568f6fe15c64,false,3,2,0,2
0xe22a0f3cf0a85ca89e898e74935572253482448e,false,3,2,0,2
0xe24172275be4f0146e62e0d185421eae0a862be2,false,3,0,1,1
0xe2486201f4999d044d195bb3a0a05ba745cb1584,false,3,1,0,1
0xe25e7d2266d4ac710acff632b8eef1725f20ca00,false,3,1,0,1
0xe26d5ac1156c6c3ee52aa71f1f3cb8a5d5e2e3d1,false,3,1,0,1
0xe29e3e87a6b73a7121271103daf30d6123f15575,false,3,8,0,8
0xe2a9f3b05543bcb99edccf1d4b8fc036a55997d8,false,3,1,0,1
0xe2aed718851bb4e62d99b43900efa40b895b68cf,false,3,18,0,18
0xe2d24075d3db34fc1334ab43204a6bafa11e5279,false,3,0,1,1
0xe2f38e6983a1e2cf9a9e2f9cb2f14d7b3ac1465a,false,3,14,0,14
0xe308c1f0d43f1e46f22aad2c913b64cf5cffdff5,false,3,0,14,14
0xe3b49afd90ab60adeb131acbcab57fcc92c9708f,false,3,0,2,2
0xe3caba7e922dfd6b5276be88a0ca896374ac8d11,false,3,0,2,2
0xe41df397538449a6608c77541d66b22e5dfaa3a2,false,3,3,0,3
0xe47b31ace06157d6cc2228b26644ed1a542f0de5,false,3,1,0,1
0xe48ba43dc20795b835b70648a1ba86f5fe1fc612,false,3,1,0,1
0xe48ebd633200108085ab7413d38af7ac894bcb65,false,3,0,135,135
0xe4caa2597662af2a8faacc03bb62055647a9b174,false,3,1,0,1
0xe505345ce51ef18c4b7eccd848b86af6591c6feb,false,3,0,2,2
0xe571b7721ca76ec7bb5c15b04b3e094f9be73086,false,3,4,0,4
0xe5748dbf630bb2aaf70293173ec5cb5b20e71c1a,false,3,0,1,1
0xe5836abb77dfaa84b15a0a7ab38f7b099e1eb233,false,3,0,2,2
0xe59c7bd2c00f3c16e9eb9ca0fb73e67b2305eeb8,false,3,0,1,1
0xe5dc88fb08568e112ffe9201583bed2d438a7f57,false,3,0,1,1
0xe5eca7722411e692cf365b69d1770fcd3f6abc21,false,3,1,0,1
0xe5f5d14477679ec62e30315a67d9b9e27bd5721b,false,3,1,0,1
0xe5fa207feea7a07309bc9b230d7efaf36f52a871,false,3,1,0,1
0xe620f4d4245a64e208c3b538c656baaf49ec48ca,false,3,5,0,5
0xe6349b5965079246230d0ac222875addbd52a58d,false,3,0,1,1
0xe65453b9262bc293a4f60931b07ba70201358ad6,false,3,0,1,1
0xe6689fe2b98317e5f8df0f67c674e18911ef7815,false,3,1,0,1
0xe67bb8b8cf53511fa036ae53fcf1bf03df22dbb5,false,3,0,9,9
0xe696b805933d78780fd733e195f835aa74146bd4,false,3,0,1,1
0xe6be74a0e96756b1dd0fe28dc9d5e88abb04087c,false,3,1,0,1
0xe6d7aeb477edd026af88e571ae549b710c6b210d,false,3,1,0,1
0xe70043c0d6c68b88972e668fdd1ccff834587907,false,3,1,0,1
0xe74f03ce03df56f9ae583e2c5fa94322d515c9ad,false,3,0,1,1
0xe751cd4f85de55cdd2a2160f80a683848e2d2919,false,3,0,2,2
0xe7559f4d54a2248cc2300dfb916cf46921ec1483,false,3,0,1,1
0xe77f89f1248ef950ee284ab35fa696ad98272700,false,3,1,0,1
0xe77fd666a44f9689cf2dfdda0c62ee5f2f6f827c,false,3,2,0,2
0xe78be316586f9759cd20f855997a80af54221435,false,3,0,1,1
0xe7b338958243c8d206c53f0918a3f37cb5e554b0,false,3,0,2,2
0xe7c3d252e40f2d7bb32fa1a9506659306a15b082,false,3,3,0,3
0xe7e398fe3f06d6bfabe4ef8ec4c5ec2e17d5c99b,false,3,0,2,2
0xe80275c82c999b7d442d180f14a0234a8924645c,false,3,0,1,1
0xe82324db7a29c9c85a0ff82ec6976e6918e61627,false,3,1,0,1
0xe83bc1b38ce6f102d1a1a468ad303485a761b30a,false,3,0,1,1
0xe8652fa35f316142b3a78aa55b8b35b91600946e,false,3,0,1,1
0xe87d71612d08002c790fc03e3be3ec64514e0cd0,false,3,1,0,1
0xe8805765a776ccab12694ae4d4372f63693f5ccf,false,3,1,0,1
0xe89d4839d89baeea73337a723083c5b9a06a10fa,false,3,0,8,8
0xe8beec951f6f60ff950f9aaaebb600a65a8b275c,false,3,2,0,2
0xe8d22e2ca5758c22a50b4e9ccf67989eec4c0135,false,3,2,0,2
0xe8ea39b0c49581a139130f3f78eaf1c0227fa78e,false,3,0,1,1
0xe92e65049b3c2ca12806e9567b08895118c5a03f,false,3,12,0,12
0xe937239c5478547bf0d9cd1576200fcbc7424986,false,3,0,1,1
0xe958aed9fe575a5a733663c11ad4637237a068b4,false,3,0,15,15
0xe964ee4f00a8acc81a7819a744daecb903246e03,false,3,2,0,2
0xe993bca66dedc30bcfaeb1883a615bc57fbca9b6,false,3,0,1,1
0xe9941882efcd18d23efc89eadc0890952aaec9bf,false,3,1,0,1
0xe99f605693510e02b5fefd621b9a78432c884ab3,false,3,1,0,1
0xe9b925788d316d19b4f4a0bafdcb7df2522a6a45,false,3,0,1,1
0xe9cdc8b0c866dcc4a421685145bb3b9a44f999b0,false,3,0,2,2
0xe9f506fe33528897d91f957999130b9ca38d9f55,false,3,1,0,1
0xe9fe66649b225137663a58c420f916a3478ec9bb,false,3,0,1,1
0xea1923bd40ab995bb866f9b50ac330be914a2583,false,3,0,1,1
0xea1fa07778479055718859a6661b8574d0fcda0a,false,3,1,0,1
0xea4ffca4fbc445359160785d7c4f1c6b46d3128c,false,3,0,1,1
0xeaab996ba4bd463c02510b0453a0f416485d7797,false,3,2,0,2
0xead3862188e21508dea454fec32ec34d2930c771,false,3,0,1,1
0xeaf7b96b0572e57306f1626f73346a7e782f6f7b,false,3,1,0,1
0xeafdb29e060ded64d4384c1834acfca3ebce4388,false,3,1,0,1
0xeb0effae826affa38c82170a6b2a0c18700f9232,false,3,3,0,3
0xeb1e67bfc4bf60569713a09de7841cbd28df7b4b,false,3,0,7,7
0xeb31a65bab2acbbaf3d1ec4c40493ff2852dbd0d,false,3,1,0,1
0xeb3b2598d66ecf5271a300941a9adfad4a896fbb,false,3,1,0,1
0xeb43714149563797581fb589f5d8c8a325dfa0d2,false,3,1,0,1
0xeb478b4cd09b0354e53fe88a9b4c91bede471d84,false,3,0,1,1
0xeb5d365ce1c5aa644cd5b25ffdbe7e296410adde,false,3,2,0,2
0xeb61e99629b891a3cb4bbfa655efbd714de7f855,false,3,22,0,22
0xeb62c8fba8aa6be767f1f43fb12e7b94798aff5b,false,3,11,0,11
0xeb82d232f33c38a23e60af12bdaf47ff4a36656e,false,3,1,0,1
0xebb6d76d0ef208095938e992ce3fae9aab1830bf,false,3,0,4,4
0xebb8f0f4fe81ebb7b7651ebc54f9db0590d6c778,false,3,0,12,12
0xebc761837d4efbdaf0a9176a67c250f8306b6da0,false,3,1,0,1
0xebce5511a8f280d2498df12c8e8c5e1b78f40895,false,3,1,0,1
0xebcfc5f15668506a46b17529b1092b940be628fa,false,3,0,1,1
0xebeecd828b72d2763ccdbe13eeaea256ba722867,false,3,1,0,1
0xec4af5bc17e01b3b0c4a49e6cff3deddca2423a2,false,3,0,1,1
0xec848659806f94071146a30fa0bbf31a65448a8b,false,3,0,1,1
0xecbb255741bc035be6f3aeed888e6bdff36a2f85,false,3,0,1,1
0xed50a8789e916b659b7fbcd587392b7fc763aa29,false,3,1,0,1
0xed5a51e713449222e9a2ef596c3dd78553064732,false,3,0,5,5
0xed6a93e092c75e6d11b8e0a749420f9b44b01b3c,false,3,2,0,2
0xed99469345426065ea799f429da21ed8fde6a6af,false,3,0,1,1
0xedbb9cf0cab3d3a6e18c8db886ff5e0b156531f3,false,3,1,0,1
0xedd7175d74cb024d9ee43de711eee4260edebc6c,false,3,1,0,1
0xeddc6f3bab3277a8b6e61f03b19e5e01f8b51424,false,3,5,0,5
0xedf5c12258ac60ac1748d181aec52fe92adf6629,false,3,17,0,17
0xee0cfba6129eafde31988f2723b4cb2eba68137c,false,3,0,1,1
0xee3b2aa993a826471d8e14dc9957764b939302df,false,3,3,0,3
0xee7aa1e13579c5eeab6975ac5ab20f300128f801,false,3,0,2,2
0xee7d677f3b8b242f8ad2462f852d6d217fdf6c1b,false,3,0,1,1
0xee845948e6806d12e966137caa07d49bbe632fe3,false,3,36,0,36
0xeeb17328fa2f354ac15dfddf4a0df3fd3f692ac8,false,3,1,0,1
0xeeb9b676ce140b1f8a75a2ef79101c57e902cebd,false,3,0,2,2
0xeec797f9419093a10df4f64deb60e0f29f8c4b8f,false,3,0,2,2
0xeedc0cfb8270ae864dd7a7a52eaa50909212260c,false,3,0,2,2
0xef1ffe5b30f78094e94114f9c42a9e0e6923a47b,false,3,2,0,2
0xef24001d01a062c8a1661fb505aa8e72c29c249a,false,3,1,0,1
0xef2bfdded1e92a3f1700bf9939a6d3e426525957,false,3,0,2,2
0xef3d4cd7521633d11da8b111423b6f255651870a,false,3,0,2,2
0xef8f118a302acef11a540002d7d897b43f5675b1,false,3,0,4,4
0xefb2ab95b7ef8f52876bed0215a99a2116ef7fc0,false,3,0,8,8
0xefb4fc060d40ae9233f59a70e0bb35214c176afb,false,3,4,0,4
0xefd19465a0aef9525e3ebcb0c4b92fd253b2606a,false,3,3,0,3
0xefd639661184d799a1e853521e481ecbe22fdc8d,false,3,1,0,1
0xefdc00cebd8d806212ad95a00e60ef24c86d793d,false,3,1,0,1
0xf021e3fc746396165e7322c88e00e9706cef0a0d,false,3,1,0,1
0xf031bbcd68a9d0c2f32d2399a5894bb3ccc3e263,false,3,0,3,3
0xf045f614e2c62766b3af9e1a13127ebd52338162,false,3,0,2,2
0xf04e91443c271989f674ff23855e38fae2359653,false,3,7,0,7
0xf06aa97e0460b44b282e3705bc9777ffecc55e4b,false,3,1,0,1
0xf09d93bbc1219bd1f0961d9cae4b1d1ea96affe2,false,3,0,2,2
0xf0a86ea10595d06d86905350772d57c95bec1c44,false,3,1,0,1
0xf0abb8a3a94d48c7173cf35824ccf87a160422f1,false,3,1,0,1
0xf0b368ba4ef6caabd05aa65a15550f765a0690e9,false,3,1,0,1
0xf0b69fb909b6f8d734f0233b1fd916196d6bfc07,false,3,0,1,1
0xf0d2a86fe3fb29512669bc4f013aec98270fcaf0,false,3,0,1,1
0xf0e11b399831f8b66fe4307e375b75e4976a9be0,false,3,0,2,2
0xf0ef3f02eba135336880f91b4e6f43827253c741,false,3,1,0,1
0xf0f913edef981ff495aba0292bbd5328dadbf9b4,false,3,3,0,3
0xf10e5d9b5ad1317950501e0d9109f28f4e45622d,false,3,3,0,3
0xf1266bffbd76acd8882f5689cc163351c63f9751,false,3,1,0,1
0xf13403372648db8d4effe7a4017e6f6753fdaddc,false,3,0,2,2
0xf13f28dd7b7b953c27fe286d54530c2fe34f5057,false,3,2,0,2
0xf156af4bad5aba18ace590748563687a270fab3c,false,3,0,1,1
0xf162091bde4231adaf3a1010f3e5b268c302f06f,false,3,0,5,5
0xf181cc19086ad026798a8a7475a57681937df024,false,3,2,0,2
0xf19036d5b0c1e3997dd6f72c772ea495cf60e47c,false,3,0,1,1
0xf1a3e8fa44077436d9b5d7eef2813e976e0509a0,false,3,1,0,1
0xf1a5595ed25fc44dfd0699a62e75f9a3ea77177b,false,3,3,0,3
0xf1c49d9625b1b9705695e84a99ea39233701a3e9,false,3,0,3,3
0xf1e38937a4cdcefab971aaaa691590351a671c77,false,3,3,0,3
0xf1fe75449b1e4aa34dd89b9a69f10feebb7e8134,false,3,0,1,1
0xf22152e5248a301e834d4eebc563d9eb5e9b27e3,false,3,0,1,1
0xf26a3b30acee32cd62cc87a205b37dc6dde272df,false,3,0,1,1
0xf2a25afc3b0d947bc492cefb64d61b906395ea5f,false,3,1,0,1
0xf2a7fc32ac510c570b52ecb0b2390c11c8f7c1fb,false,3,0,2,2
0xf2ad7174d7abdf04418fd321e59dcce048757274,false,3,0,2,2
0xf2bf915c69f346877961d5fe19a59c30fb856165,false,3,0,6,6
0xf2e7829877126b9055e7a0cf8f1cd7f7d779b5fb,false,3,0,1,1
0xf31fce0721532567d993cdb77bcbb382a34d23f2,false,3,0,1,1
0xf34f065522a30ab9491882308676980ccce5969f,false,3,0,1,1
0xf3551d4a9e895ab4f243c826b9e9b63bb224fa8d,false,3,0,1,1
0xf3895f9f2798671e1e7694e575c0d78dfa82cca5,false,3,2,0,2
0xf39ef6616f0ccd10575160906abbaba1277adc76,false,3,0,1,1
0xf3a28936172bd2e8c73c477e0bbd4a34488e8672,false,3,0,1,1
0xf3ab5fc22314b006d94df39d665ec04c8a32dafc,false,3,1,0,1
0xf3b17fc4405a501db90cd25c98e2e2d853db4ff5,false,3,0,1,1
0xf3ea6f5af5c64544a5d007e4dccdc2d0db8107a1,false,3,120,0,120
0xf44be78513f8b28e155ba7321a60d78417934caf,false,3,0,1,1
0xf46f0f6fc5baef745fd6cf2509b04121a8effe18,false,3,0,1,1
0xf47ea7f55588a6b3c113550aa1dedaf9dc5a4ead,false,3,0,5,5
0xf4802c1ad82a4e81271e00704fee6ca87f8a265f,false,3,1,0,1
0xf4f26bb38a6663d0218ec8783f594d17f045c458,false,3,0,1,1
0xf569161282a7a2a6aa68da5536515e2133b2f852,false,3,0,1,1
0xf591da380c911c7be9ba48bd14c451bf784886f7,false,3,1,0,1
0xf5a3e99b3619e57f617903fead56bbfa565eb48f,false,3,1,0,1
0xf5a9819c823cb157d62ff08003313c6d6ad58e23,false,3,1,0,1
0xf5c8c7ca002f234296f1bf6a7fa291f465fc16b3,false,3,2,0,2
0xf5cba4fa55dccb14d3471042ea735a82de69106b,false,3,1,0,1
0xf5d22efbfb1d4a9bd488fcaca983f9a50f2794b4,false,3,0,1,1
0xf5dbbd62b4a5b43c27c6f5759efc5d020a286317,false,3,0,1,1
0xf5e814d1e5478daaa6acbe9aea10730c39632635,false,3,0,1,1
0xf5f871a26035c29bda1bdf8e00b151144660630c,false,3,1,0,1
0xf61a30978ecb7cccb30eb97f9ba94b8b35675034,false,3,0,45,45
0xf6283fcfff08d95bb8cc6aa6b9313bc178583b31,false,3,0,2,2
0xf6371dc4ca7513060ba8aa9becd4e80d6beb5f6b,false,3,0,2,2
0xf666fb2da5f5aa81b7eeb6da86c948e51af6f228,false,3,0,2,2
0xf67920f8d36904bfb79e77d1d3952bd062ab5946,false,3,1,0,1
0xf6877587995c2e68f37849e9b196ff995a5c8644,false,3,1,0,1
0xf693dcfa8eac2a6ce1a4d4e57dd34e27e5a38fca,false,3,1,0,1
0xf6c570ea1787e24cf5366ad8d8ca54b82ee2dd69,false,3,1,0,1
0xf6ecbe7381e43fb202c8acec4cd50fd22e9f1072,false,3,4,0,4
0xf6fe7140201d496651c40a53c765e9f1e4c4f8cc,false,3,0,2,2
0xf75fa1c796e9aca51d8637fc50dcc7ef76387054,false,3,0,4,4
0xf7744aeccd05dea845f172b06935ce5b44ca459f,false,3,0,3,3
0xf7946d091a8d7b00261b9d1527b372f381738ebe,false,3,3,0,3
0xf7c8dd25c864b7b7a39d9486fab498176f478552,false,3,0,1,1
0xf7e931350341b0be634bf0fc3cde3f11e8fa0cd2,false,3,2,0,2
0xf7f0375fe03a85d28564d30c6dafa39587b8b4e3,false,3,0,2,2
0xf803a9144542f3c88625551caf5877e759a0f84f,false,3,4,0,4
0xf80c9a64430aeb108d232108918dddc6cadf1cc5,false,3,0,3,3
0xf82afda8873c2dc056c16b7acc0b45bf3669e101,false,3,1,0,1
0xf83e2ca39d2d9e4e4ff2b612518a8c1b383ce6f6,false,3,0,2,2
0xf8eddd591d2091710c4cd10758275e4f0010ac26,false,3,0,1,1
0xf8f15b05801495b17d2964c1c859aea10cacd36a,false,3,0,2,2
0xf906512d91523aab612005dc317aaf00fa88a0b2,false,3,0,1,1
0xf90675749214b6aa3b8ccdb9729e5cebb69eb5e8,false,3,1,0,1
0xf916669c2dc7470c464b6b56ca8be9fdfb27a903,false,3,0,2,2
0xf925acee53e8f35f76801a9e13d01a67ae92c087,false,3,1,0,1
0xf931bb3070bfbe0fc298572b540a487a26caae39,false,3,0,1,1
0xf940f10ee6635914ccc0598f168b746f0d76b33f,false,3,0,1,1
0xf976a8b35a395bf08683bb63cd7a71c1f5f5ed9a,false,3,0,1,1
0xf997a0af56400bbbb4e5daa3c5e842be8455efa8,false,3,0,1,1
0xf9defff34a8852937c85b976bd090c0c7b20c9f3,false,3,1,0,1
0xf9ef360127322ab13f47096ff482d4e808c8b64b,false,3,1,0,1
0xfa0258ed9b65c734aa04bd06ff051e4567bb086d,false,3,0,2,2
0xfa1c0be2397016c19fe650ddc0b185397a7ca0b6,false,3,0,1,1
0xfa22a9c868873bac210b4795dd76e1b6b98ad948,false,3,0,1,1
0xfa3c3b398bcc7e92aba8892674ad645d7d480408,false,3,0,1,1
0xfa4e39d181976afff693ed14f0f6d1f1f78ee6b9,false,3,3,0,3
0xfa8112cb5598f2aa341204c9ddf6c628ae1a28b0,false,3,23,0,23
0xfa8eb596703ba9d6c4001646e7c9866ab416a67c,false,3,13,0,13
0xfad7fcaed18511706029b7f2df8ccff70552bc55,false,3,3,0,3
0xfb5228fd5f2475067ade6377efa374ca9ba73022,false,3,1,0,1
0xfb564193481bb8aaec1da5ed9740f9836554ef2c,false,3,0,1,1
0xfb73efcb8cb4921288644dc75ceeb1a9f063a8ce,false,3,0,1,1
0xfb76e36338889553838ecb992455f30e0a4d2a3c,false,3,0,3,3
0xfb7bf4f952125180c9c768009d3102c6ccf4a70b,false,3,1,0,1
0xfb91e65a52a31c8fe3378d528f4bd4c56eaf7092,false,3,1,0,1
0xfbc80fae740156631864611ddb8b1302eb780df1,false,3,14,0,14
0xfbd6253417aa9dc46c075b22860f2e0574a03ccd,false,3,0,2,2
0xfbea2a448293c44f74ab2bc57fac7eaf784c626c,false,3,0,1,1
0xfc3799103b8d3ca013268fbfec68ca861567d784,false,3,1,0,1
0xfc8f7dee5754caae2d7e6b53b8b2496895f2a3c8,false,3,1,0,1
0xfcad7591dff1476a0b70fba533f415273152485e,false,3,0,1,1
0xfceae091c7e5f1fab6dc0cd43d17354d574eff1f,false,3,1,0,1
0xfd020281384a07e65b833a2f93cd73022c0a0a9a,false,3,0,1,1
0xfd07d1f8208e3ae6bd6cda3e213de1862d02e0fe,false,3,1,0,1
0xfd18e839ab17ccc4f2716cd86447838eebba0e66,false,3,0,2,2
0xfd67c334aa9917c1d9a6ce309821467a1c67814b,false,3,1,0,1
0xfdb0df1ced8823f91b2436d046d925a0573c1366,false,3,8,0,8
0xfe122830118292633a2388eeea5d5fd1452bffd1,false,3,0,1,1
0xfe3e4e1cd3ac3fe894aae690ce7d87878c2a83d3,false,3,0,3,3
0xfe7876b3e61f4b980c675fc8204dafe7958180f6,false,3,0,1,1
0xfea33122c23637070177db6e6cae4ec88b061094,false,3,0,2,2
0xfea76df2587ab3c6cb0de24d75e3ad86660725a4,false,3,0,2,2
0xff1a053c36674c6a7f620bba83f5ef5781be8b72,false,3,0,7,7
0xff2628153882d3532626dceda8391b77f6c24100,false,3,1,0,1
0xff31d93323acfad82361fba959e4663ca7e3752c,false,3,0,4,4
0xff54b41ed3dc557cc071b19851f353ebdc28d397,false,3,2,0,2
0xff8579fa13c41f2afc361e61bba39f2d436cd2b2,false,3,3,0,3
0xffa606a848b925c7038be00823690d29dff26c18,false,3,0,4,4
0xffbddfae497f625c61252eda87bb37ca9bbb0519,false,3,0,1,1
0xffd9bcf1010932a4d047cc2628b1605c69c2d090,false,3,1,0,1
0xffef23217e2584bc76b758266b9e83de9ee00c38,false,3,0,3,3
0xfff86d8589542154c0d31a7a0ba16e192b4219cf,false,3,0,1,1
0xfffc73b74487c994a1e62e052bc9396019320864,false,3,2,0,2
