block_number,from_address,to_address,transaction_id,exchange_rate
24938951,0x43403583e889ada1c951a94e9996af3a5ccf7b46,0xe3d41d19564922c9952f692c5dd0563030f5f2ef,0xabd2afd8aed287995a4b9dbbce19951852c96d451bdcfac2396d41f1c5932823,2374.3922037401318821708955720104443938662586621032
24938951,0x7f54f05635d15cde17a49502fedb9d1803a3be8a,0xe0554a476a092703abdb3ef35c80e0d76d32939f,0xb4c88dd8ae42d46b05e6ad337cb7ef085eefaacc87e12326314054a7027f417a,2374.2651727253928536537271658790804080966964219935
24938951,0x01989c93890aed05a63d179b03424997075b6acf,0xe0554a476a092703abdb3ef35c80e0d76d32939f,0x4fae9be6171507c004871e9c3cb3d4a345b63eedbceb019777f0c784f153402a,2375.1479462481698703612238483933360021987093447846
24938951,0x88e6a0c2ddd26feeb64f039a2c41296fcb3f5640,0x4313c378cc91ea583c91387b9216e2c03096b27f,0xa845fe4ce29410e7634b713437204dd33e9b8bf5e66a95cb2b6b649b45d1f3aa,2373.6223787878787878787878787878787878787878787879
24938951,0x0000000aa232009084bd71a5797d089aa4edfad4,0x000000000004444c5dc75cb358380d2e3de08a90,0x876e50959634e5197d5560c0b74dabdf81b536e0c97ba13f00dc9da666b34da3,1547.0961910850712265251322244226944467774790847445
24938952,0x0000000aa232009084bd71a5797d089aa4edfad4,0x000000000004444c5dc75cb358380d2e3de08a90,0xf4630fe9ab3f58f9bb269e1b8715c981e3c0f2243ded9b0835d10b89c4984dc9,2376.4636384330167507561279485517389771423533569722
24938952,0x66a9893cc07d91d95644aedd05d03f95e1dba8af,0xe0554a476a092703abdb3ef35c80e0d76d32939f,0xa012794da108b0b8e44393b82cb0e752649d4f0c20b9242f670faa2dea2e12e5,2376.3635351763325482761584140020701223515903666597
24938952,0xe0554a476a092703abdb3ef35c80e0d76d32939f,0x51c72848c68a965f66fa7a88855f9f7784502a7f,0x9d03b9fe534321a0d1f38f9d614bd09b3c11dad215a143248864081f8207674b,2375.6026470992203391402942339969359737347504352855
24938952,0x66a9893cc07d91d95644aedd05d03f95e1dba8af,0x88e6a0c2ddd26feeb64f039a2c41296fcb3f5640,0x56233f6b79db086e3a6690f9d1d957d76cdabf4e06ad22423dd911b835cc686c,2375.9703865115023481654806267116668042569889113234
24938952,0x2e8135be71230c6b1b4045696d41c09db0414226,0x5e1f62dac767b0491e3ce72469c217365d5b48cc,0xa908db415d71c524543ff4a183574b88581f33bf84a3af7c629efb27fe68b602,2376.0552349128095368682259641815504854624918544475
24938953,0x000000000004444c5dc75cb358380d2e3de08a90,0x0000000aa232009084bd71a5797d089aa4edfad4,0x14ef276f00a2298af015ae3d00a67f249407695d5f0ca66d94bbebd2a48dbaf9,2375.768137925534274944079675940477011964362898255
24938953,0x0000000aa232009084bd71a5797d089aa4edfad4,0x73d53553ee552c1f2a9722e6407d43e41e19593f,0x14ef276f00a2298af015ae3d00a67f249407695d5f0ca66d94bbebd2a48dbaf9,2375.1496860968928151418629936557694851494725937806
24938953,0xe0554a476a092703abdb3ef35c80e0d76d32939f,0x51c72848c68a965f66fa7a88855f9f7784502a7f,0x69823b9bf067af6b55d01d91956f89ac2c145ffa1b7467b2cf22b10460937876,2374.5249425257630086108285479125154242906056050859
24938953,0xe0554a476a092703abdb3ef35c80e0d76d32939f,0x7f54f05635d15cde17a49502fedb9d1803a3be8a,0x0149f654f43d50746d56c9a3af567e109d62678aff322c8fe232a2efc8ab79f1,2373.3126561670580479708878119064396022049693950088
24938953,0xe0554a476a092703abdb3ef35c80e0d76d32939f,0x7f54f05635d15cde17a49502fedb9d1803a3be8a,0x54b3004bce6768187de170c68da0129722902506154ae1eba56da8a0d8b08503,2372.712073468096718899819052095525948050439462046
24938953,0xbdb3ba9ffe392549e1f8658dd2630c141fdf47b6,0xe0554a476a092703abdb3ef35c80e0d76d32939f,0xcc6225d34743685fe01abe47649c6cff0e2175f8f941fb33d46d74a4a6a89274,2373.5600091467296985370285326399378572789819667159
24938953,0x1ac1a8feaaea1900c4166deeed0c11cc10669d36,0xba4c928807450c57e4f5aa18cd507987840847bf,0x1a0d38d4e0b7d6ed109a264e4c367fa80962a46e92d5dbd832307d8a3ec69a79,2375.567939601058760931746616765801552539700392195
24938953,0x88e6a0c2ddd26feeb64f039a2c41296fcb3f5640,0x4c3ccc98c01103be72bcfd29e1d2454c98d1a6e3,0x3c96c9dc09b083881d86516402798491aec838fbcc2d61b1a4bde8bc7baaa558,2373.4727563381106409823137349361909014286988407248
24938953,0xe0554a476a092703abdb3ef35c80e0d76d32939f,0xa5f91e598668040055dc861a7316e677a5b730b0,0xffca7c92566b799d01b64380ab9a81b230cc53cbb956a1bc56b1efbe060865ae,2373.2922951824355393927391848029519143710791605437
24938954,0x000000000004444c5dc75cb358380d2e3de08a90,0x0000000aa232009084bd71a5797d089aa4edfad4,0x3f9d43914de93f20d231e91266491dd7462d082ecedfdca6fd0248c38ac07567,1033.3828991159247550418405598505760448916142878631
24938954,0x0000000aa232009084bd71a5797d089aa4edfad4,0x73d53553ee552c1f2a9722e6407d43e41e19593f,0x3f9d43914de93f20d231e91266491dd7462d082ecedfdca6fd0248c38ac07567,2374.1533978823074578403183197831076830591446030746
24938954,0x88e6a0c2ddd26feeb64f039a2c41296fcb3f5640,0x51c72848c68a965f66fa7a88855f9f7784502a7f,0x77409f079db9d5d4ae42ca6957cf1c8a7ae7d9b8e36a6e1b3d1e2ae1e46cd240,2372.8309999843871554499337365489607065368641995487
24938954,0x8ad599c3a0ff1de082011efddc58f1908eb6e6d8,0x51c72848c68a965f66fa7a88855f9f7784502a7f,0xbddd7ac1edeb8dcdea15f9b0525cf7f7173b077af5ad236d45739fb60d3fbd06,2372.990900076319532969336619186270360796667100457
24938954,0xb4e16d0168e52d35cacd2c6185b44281ec28c9dc,0x51c72848c68a965f66fa7a88855f9f7784502a7f,0x98da0f916fed83c214c4d2c9aaf1c3c359169efc24767b9f6e4a104e8a2a51e7,2372.9766157580219623437729836565456024808475377804
24938954,0xe0554a476a092703abdb3ef35c80e0d76d32939f,0x51c72848c68a965f66fa7a88855f9f7784502a7f,0x38cd42cdb7872c188972b360098936dc0b73637504ed0f8098aeea5f9c2e36af,2372.7206573247764002673214104437543069370460529526
24938954,0x1445f32d1a74872ba41f3d8cf4022e9996120b31,0x51c72848c68a965f66fa7a88855f9f7784502a7f,0x8be1d245edf0f1a853a41f81b793fd75437e398bcd800536ed4e6141f6ca8ada,2373.7366010413576197735181654880577372888350502955
24938954,0x7f86bf177dd4f3494b841a37e810a34dd56c829b,0x51c72848c68a965f66fa7a88855f9f7784502a7f,0xec2480be7a14ea07ad155e7cc20d92eb682699fdbcb16a1658d1572b2382bcca,2372.968490019658451778589354609174942275111788019
24938954,0x7f54f05635d15cde17a49502fedb9d1803a3be8a,0xe0554a476a092703abdb3ef35c80e0d76d32939f,0x7beb38aeb210a1d47dcb63514e3f7d18b4cf404be84bd42e670cef6cb9f7316c,2373.0097109124958049432519456366898385611489161268
24938954,0x7f54f05635d15cde17a49502fedb9d1803a3be8a,0x88e6a0c2ddd26feeb64f039a2c41296fcb3f5640,0xc4caff93383561e9905826fde16c2444b123df7eac2bf693dc7dec4dc3e6a4fd,2374.8845981103258891809954605010767877723966871428
24938954,0x88e6a0c2ddd26feeb64f039a2c41296fcb3f5640,0xbdb3ba9ffe392549e1f8658dd2630c141fdf47b6,0xc5857e6524d6e7c15518ec00375780ec12adc318f3c3db7ff58bc7de9db9daba,2371.9294292247384235666220859240509593851975775849
24938954,0xa5f91e598668040055dc861a7316e677a5b730b0,0xe0554a476a092703abdb3ef35c80e0d76d32939f,0x56f0e86a66a1754a1bcbc3e99468283f8df15329018caf29ac46820c0b731309,2373.226231536872956140345347255062335557771225677
24938954,0x06cff7088619c7178f5e14f0b119458d08d2f5ef,0xe2cd94c812aed174b2e09750ff146f45d845d668,0x1b4178ea4debd593d898edcd4c93aca03eef5c572e39de1c6e9b2d5849c536ef,2376.2086889571985611936866727381456288176214394322
24938954,0x4313c378cc91ea583c91387b9216e2c03096b27f,0x88e6a0c2ddd26feeb64f039a2c41296fcb3f5640,0xea6765b942a1cabbbb95f6382440dd089eb6598be9bc59c297be9b12e66e5af6,2373.5354781849684565134039513865438107964482546668
24938954,0x763d3b7296e7c9718ad5b058ac2692a19e5b3638,0x51c72848c68a965f66fa7a88855f9f7784502a7f,0x090ef35e6f56b569e8032825cc70274bfd2f4b34e54b722b4d0311f0b930a808,2372.8025145267229439673178702964772571113625663473
24938954,0xe0554a476a092703abdb3ef35c80e0d76d32939f,0xbdb3ba9ffe392549e1f8658dd2630c141fdf47b6,0x06601cf7f38b296a585f7f5fc387d23d0d88fb8e4ec173cb5e16130b9bf5c49a,2372.4082690855329658729279874629064259423616035098
24938955,0x1f2f10d1c40777ae1da742455c65828ff36df387,0xe0554a476a092703abdb3ef35c80e0d76d32939f,0x8982f300ecebbc7e3cea3013202d65345a40d8f27467379e920dfbbdf95f456c,2378.1424946988313456908075173296260628966377101146
24938955,0xe0554a476a092703abdb3ef35c80e0d76d32939f,0x1f2f10d1c40777ae1da742455c65828ff36df387,0x61fe87efcaee8ab98e43bb4662d80504b1f84e722caab8e8fa240cffbe82b20b,2378.3240366527695477358560483842019861204923999104
24938955,0x1ac1a8feaaea1900c4166deeed0c11cc10669d36,0x1f2f10d1c40777ae1da742455c65828ff36df387,0x61fe87efcaee8ab98e43bb4662d80504b1f84e722caab8e8fa240cffbe82b20b,2374.1955529556440236045220444076763794790192630291
24938955,0xba12222222228d8ba445958a75a0704d566bf2c8,0x1f2f10d1c40777ae1da742455c65828ff36df387,0x61fe87efcaee8ab98e43bb4662d80504b1f84e722caab8e8fa240cffbe82b20b,2375.3379366037516377707850076752163655800282136818
24938955,0x5426178799ee0a0181a89b4f57efddfab49941ec,0x1f2f10d1c40777ae1da742455c65828ff36df387,0x61fe87efcaee8ab98e43bb4662d80504b1f84e722caab8e8fa240cffbe82b20b,2376.5662873732172638671030866350001581419960352712
24938955,0x80a64c6d7f12c47b7c66c5b4e20e72bc1fcd5d9e,0xe0554a476a092703abdb3ef35c80e0d76d32939f,0x122286f97db56466d475872e7695f2c2c75e8597114bcba166e52ebb16cbf8d9,2372.9547331973029662292894744371982393418196445047
24938955,0xe0554a476a092703abdb3ef35c80e0d76d32939f,0x3d810cfbdf51a2176b4eadba019bb42e3ea86358,0xcd443beb4db1234d47acabc016489f9f995be90739eab7c517687d60447c29f2,2372.5371957186843464790363899841137662684496253629
24938955,0x3d810cfbdf51a2176b4eadba019bb42e3ea86358,0x88e6a0c2ddd26feeb64f039a2c41296fcb3f5640,0xcd443beb4db1234d47acabc016489f9f995be90739eab7c517687d60447c29f2,2373.5734536501144797217052463814411579648007314645
24938955,0x619b572edc47ef3d0c41d0f92d1361df71f5e3c5,0xb60d994ad55807cde18a228a513741c17bf0d5c8,0xc3d294067dda4fa0511adee22664782baadbfaee5f46473e95fbb063a2e62a61,2374.776116
24938955,0xb60d994ad55807cde18a228a513741c17bf0d5c8,0xe343524119112cd3e1f6140010f9b2917a03c0d0,0xc3d294067dda4fa0511adee22664782baadbfaee5f46473e95fbb063a2e62a61,2373.1314349673197011447014700087875956295736856224
24938955,0xe343524119112cd3e1f6140010f9b2917a03c0d0,0xe0554a476a092703abdb3ef35c80e0d76d32939f,0xc3d294067dda4fa0511adee22664782baadbfaee5f46473e95fbb063a2e62a61,2373.1314349673197011447014700087875956295736856224
24938955,0x8e1e19fd5440048292242c942bed7d1bc8857fad,0xe0554a476a092703abdb3ef35c80e0d76d32939f,0x0ad0d899510d94a7f392797e604a0164a2f8620aa82dc98013dfce9a292a8652,2373.2673420861860453833033967320662738267143202191
24938955,0x6e1fbeeaba87bae1100d95f8340dc27ad7c8427b,0x045d21b97747686c4b4f8d70e6feeadcb3f6d345,0xaef2413d52fcc041ea41921b7ce07600a93ea107f48d641b28fc8622bed6dfaf,2377.9870934530956060951385947770562855097148626064
24938955,0x20e95253e54490d8d30ea41574b24f741ee70201,0x045d21b97747686c4b4f8d70e6feeadcb3f6d345,0xaef2413d52fcc041ea41921b7ce07600a93ea107f48d641b28fc8622bed6dfaf,2377.995037789895317129274077261865947817864812631
24938955,0x35644fb61afbc458bf92b15add6abc1996be5014,0x045d21b97747686c4b4f8d70e6feeadcb3f6d345,0xaef2413d52fcc041ea41921b7ce07600a93ea107f48d641b28fc8622bed6dfaf,2378.0032192707210761475666385391398695342663063743
24938955,0x980e6b4378318895efc44b911dbd8fd97dc12f38,0x045d21b97747686c4b4f8d70e6feeadcb3f6d345,0xaef2413d52fcc041ea41921b7ce07600a93ea107f48d641b28fc8622bed6dfaf,2377.8268387281973430983707415988021153287284202382
24938955,0xaaaaaaaaa24eeeb8d57d431224f73832bc34f688,0x045d21b97747686c4b4f8d70e6feeadcb3f6d345,0xaef2413d52fcc041ea41921b7ce07600a93ea107f48d641b28fc8622bed6dfaf,2378.130361168924121663212216985929041903591942522
24938955,0x831bf48183b999fde45294b14b55199072f0801b,0x045d21b97747686c4b4f8d70e6feeadcb3f6d345,0xaef2413d52fcc041ea41921b7ce07600a93ea107f48d641b28fc8622bed6dfaf,2377.2414793938507534739370973494734792225330470317
24938955,0x19ac5f80ec17497d0e585b953100e6d18c330040,0x045d21b97747686c4b4f8d70e6feeadcb3f6d345,0xaef2413d52fcc041ea41921b7ce07600a93ea107f48d641b28fc8622bed6dfaf,2378.1508635873332415052166611923074946163318136817
24938955,0x000000000004444c5dc75cb358380d2e3de08a90,0x0000000aa232009084bd71a5797d089aa4edfad4,0xc12295adf31eb1e0bb2b8e616540428e35171c03d6d143c7baefa2fef23204c8,1967.5030938175956395719514054358976884883235983074
24938955,0x0000000aa232009084bd71a5797d089aa4edfad4,0x73d53553ee552c1f2a9722e6407d43e41e19593f,0xc12295adf31eb1e0bb2b8e616540428e35171c03d6d143c7baefa2fef23204c8,2373.4352850003864507618608035722830664020025450667
24938955,0x7f54f05635d15cde17a49502fedb9d1803a3be8a,0xe0554a476a092703abdb3ef35c80e0d76d32939f,0xf7d1e4ff493022b50b4a90c3ba34718c777b3d1ced8fdbce0b14c5d46659c989,2373.4513174218108845210324062185862384840950993378
24938956,0x000000000004444c5dc75cb358380d2e3de08a90,0x0000000aa232009084bd71a5797d089aa4edfad4,0xbab1f82b006c363a6044262429fa3a9bc0a278cea37e6c44a3c45ee9fc42a5ab,998.64985957956801469554567288255149382831184649063
24938956,0x8ad599c3a0ff1de082011efddc58f1908eb6e6d8,0x51c72848c68a965f66fa7a88855f9f7784502a7f,0x080cfdbfd0be85ecb331562f2936bc90b77f48273f914cc0bebe0d84e5d41ed3,2371.7453093471487850300380606764015051267481715843
24938956,0xe0554a476a092703abdb3ef35c80e0d76d32939f,0x51c72848c68a965f66fa7a88855f9f7784502a7f,0x2c26bc68d8b6653e5b7f469c966248441cbbcff2f04536ef0d769d1c3a68f8ba,2372.0693798132395192862881559907489970776016566956
24938956,0xb4e16d0168e52d35cacd2c6185b44281ec28c9dc,0x51c72848c68a965f66fa7a88855f9f7784502a7f,0xff3cfd069b4069c2c4aeb65741cf7f033394bf668fa0cf973dfdffdd724e16e3,2371.7395763408227301950297825585818616878152580513
24938956,0x7f86bf177dd4f3494b841a37e810a34dd56c829b,0x51c72848c68a965f66fa7a88855f9f7784502a7f,0x1f1ae5111c0d12112d237ad2c2dbf80a5b7af57255d62252563b7676e47c15ba,2371.7275601394132851284296506035214834012606669506
24938956,0x763d3b7296e7c9718ad5b058ac2692a19e5b3638,0x51c72848c68a965f66fa7a88855f9f7784502a7f,0x10136002788d8bd115eac3267b8721f0537312c46123f6722d55bba899a67dcb,2371.7453073880437387056357979995921906137060531103
24938956,0x66a9893cc07d91d95644aedd05d03f95e1dba8af,0xe0554a476a092703abdb3ef35c80e0d76d32939f,0xc552ce24e77eceb79ade93de604ae93a3e2fb2c5afce509f8bb5a83b96a42fc0,2371.7891238098473606468213998676295056639715292003
24938956,0x7f54f05635d15cde17a49502fedb9d1803a3be8a,0xe0523b85fad2015c0b6ae78e8c71ece5edbe5a67,0x24f62662ad79b56f5d6cd6952976b29186c1e3df3f7933878f8a9c63fb45f62e,2372.9504410251083884995096251062778245475125161902
24938956,0xd226997439ecfbeff8e110c8c78c8a7eefd19f89,0xe0554a476a092703abdb3ef35c80e0d76d32939f,0x39374c0bb5b2364e7803d8035c68f064ed8103e4025087eff3ac61ab41cb873d,2371.9086751784912459480593341710481653706225250655
24938957,0x7f54f05635d15cde17a49502fedb9d1803a3be8a,0xe0554a476a092703abdb3ef35c80e0d76d32939f,0x36837e92bc561d667c5601df5b6380d04b720da729ce22e62edf81c1783ec8be,2371.93212797613730526431788559877821638911790945
24938957,0x7bea39867e4169dbe237d55c8242a8f2fcdcc387,0xbdb3ba9ffe392549e1f8658dd2630c141fdf47b6,0xb21a3aa49b1c7f857291cf5290bf0f2c4f925321b04b794dbe74bfaa9b2e95a8,2372.3419786604107477063095263585996849889192952524
24938957,0x3aa370aacf4cb08c7e1e7aa8e8ff9418d73c7e0f,0xbdb3ba9ffe392549e1f8658dd2630c141fdf47b6,0xe42a6bb61a83f384fb37b00323242cecca41b0aa93a22d948583d3ca7a0a71a0,2373.2323350910287967671139641517535004759415748454
24938957,0x1445f32d1a74872ba41f3d8cf4022e9996120b31,0xbdb3ba9ffe392549e1f8658dd2630c141fdf47b6,0x88e3cc9a0c7131b8f9cafa5dfed8d6d8b5e4e071251d2aa78a9aff332cf62b1e,2371.5095191516458357557054145264511473013430381699
24938958,0x88e6a0c2ddd26feeb64f039a2c41296fcb3f5640,0xbdb3ba9ffe392549e1f8658dd2630c141fdf47b6,0x05054fac40b94ac2faf960b6c4f51a45830020b3622e268ab5eecc960012b13a,2370.6128505025285028807055170117966511888110536086
24938958,0x8ad599c3a0ff1de082011efddc58f1908eb6e6d8,0x5050e08626c499411b5d0e0b5af0e83d3fd82edf,0xef04291eaa7571de64f3efee7e0a24a5feee068c2d0683e461badf8232f0575f,2370.6512711937341734814288115876943032566131040593
24938958,0xe0554a476a092703abdb3ef35c80e0d76d32939f,0xbdb3ba9ffe392549e1f8658dd2630c141fdf47b6,0xbd6f2d812676cdafa0aa577aab29322381c376d0a8e908542293d457249a37be,2370.7586973781420746814982691046998219907895654879
24938958,0xb4e16d0168e52d35cacd2c6185b44281ec28c9dc,0x5050e08626c499411b5d0e0b5af0e83d3fd82edf,0xe52c0a296b9280ff81f42082a36817fc9d333f039ddef94115c64995188b66fc,2370.3988541683534854828810263969584313656020439773
24938958,0x397ff1542f962076d0bfe58ea045ffa2d347aca0,0x7f54f05635d15cde17a49502fedb9d1803a3be8a,0xac91ed1a331e8e909fd2326ce7c9ae30a9200704e08c811b8ee99d76dcfa6794,2368.7194179830060527863068086393473688927896193007
24938958,0x763d3b7296e7c9718ad5b058ac2692a19e5b3638,0x51c72848c68a965f66fa7a88855f9f7784502a7f,0xa953b725bde5dabf19caf8856c2c1ff466d7c4b65d10101b95e825c2c941d50c,2370.5651928923323672227831133912291746048959351603
24938958,0x000000000004444c5dc75cb358380d2e3de08a90,0x0000000aa232009084bd71a5797d089aa4edfad4,0x296b230a317925239b5d86bd1ae173c2e4379f30e236710997768dab01a2a6d5,1263.3197490437042619512981547863302905496836181836
24938958,0x7f86bf177dd4f3494b841a37e810a34dd56c829b,0x51c72848c68a965f66fa7a88855f9f7784502a7f,0x6d1c50ca9630574dceef532b38b2a92a35fa54d1e27721ebc5f369e1726ab4eb,2370.5440131324948776283042131627028566057729848642
24938959,0x000000000004444c5dc75cb358380d2e3de08a90,0x0000000aa232009084bd71a5797d089aa4edfad4,0xa5583e4ecfd3b3dfa9ec6949fbb7bf777dd3b7924b0cb85f0e95b4e74f05f1e0,2099.070258295778042065651137591086979304413605438
24938959,0x0000000aa232009084bd71a5797d089aa4edfad4,0x73d53553ee552c1f2a9722e6407d43e41e19593f,0xa5583e4ecfd3b3dfa9ec6949fbb7bf777dd3b7924b0cb85f0e95b4e74f05f1e0,2369.9382075970140224103372559485417017524482117155
24938959,0x88e6a0c2ddd26feeb64f039a2c41296fcb3f5640,0x51c72848c68a965f66fa7a88855f9f7784502a7f,0xddceef6bdba3b7cbf4f1e2f56f074592b3c74ac82bf40d75b242a00e485e495f,2369.2622369445196477944734436442456345050030702363
24938959,0x8ad599c3a0ff1de082011efddc58f1908eb6e6d8,0x51c72848c68a965f66fa7a88855f9f7784502a7f,0x01b86c3912cbe47f63c55a3e4e73362ed920f7cdf6d67368266cf717d5468e06,2369.3159471333446515889691385547575604165447936622
24938959,0xe0554a476a092703abdb3ef35c80e0d76d32939f,0x51c72848c68a965f66fa7a88855f9f7784502a7f,0x9a1ba4a5669cb6b295450c921d4553eab78451283de6a47ae24135b555afe159,2369.2641111677614398939755692951337768345988778954
24938959,0x7f86bf177dd4f3494b841a37e810a34dd56c829b,0x51c72848c68a965f66fa7a88855f9f7784502a7f,0x9b5c76cde6fb428f937ca2931a316330e6efc0da43d0cc12afcc55deae5c8059,2369.2083545170700774857265752919362722629605347412
24938959,0xb4e16d0168e52d35cacd2c6185b44281ec28c9dc,0x51c72848c68a965f66fa7a88855f9f7784502a7f,0x0cf9e2b35063b888351c5d648ebdb7df4c2d47c5a56ec3a6e8105b110fb38eb1,2369.0590607385979480987190735409923168893710573676
24938959,0x763d3b7296e7c9718ad5b058ac2692a19e5b3638,0x51c72848c68a965f66fa7a88855f9f7784502a7f,0x7f4e8bfd3c0f652f236b505af6290fdbdb197fc805c88bb6728afb0256166323,2369.2299179492332682103370056432969349811177620393
24938959,0x1445f32d1a74872ba41f3d8cf4022e9996120b31,0x51c72848c68a965f66fa7a88855f9f7784502a7f,0x1d4778d9297f85b33ac1d7eb64d6c44c6f29ca7582f9794ca800bd95b57cb761,2369.7547924115045934264118263500303708983790414839
24938959,0xdf31b012c035ff60be20ded74cf82c20729907ee,0xe0554a476a092703abdb3ef35c80e0d76d32939f,0xf024507c85f323002ec30a802e57d0ead817a06c162415c4e70f4b73299d5519,2369.0362279656046218062452740764571921474144561477
24938959,0x960ef75428761935dea2afeea2f61fc852b9d46d,0xe0554a476a092703abdb3ef35c80e0d76d32939f,0xe6f9ab2fe7f913a62b344097fe86629c44d5487e29a5d761647887b89531ff54,2369.13410136791848073234336189910577146832180613
24938960,0x8ad599c3a0ff1de082011efddc58f1908eb6e6d8,0xd8c1c596e9d381e335d136f2e65a403d652dd366,0xe4122bae586516699c6221fb679eb5f91993b8bfc8426f34c6bbf53aa14894df,2368.1934417819727612443663683130723518629999513015
24938960,0x9008d19f58aabd9ed0d60971565aa8510560ab41,0x67336cec42645f55059eff241cb02ea5cc52ff86,0x4d17862de38bb2893b2f5de8e3ec81cbed7e90e1ecffab39b6b373c2362067ea,2369.6975303090779756643344287282250011339783535969
24938960,0x88e6a0c2ddd26feeb64f039a2c41296fcb3f5640,0x51c72848c68a965f66fa7a88855f9f7784502a7f,0xfb330cbd9e7da0ce24bc17eb75b9c4170c39b3981b47648efc5c3b6071404417,2368.204710529344099607073598074375470881456503202
24938960,0x7bea39867e4169dbe237d55c8242a8f2fcdcc387,0x5050e08626c499411b5d0e0b5af0e83d3fd82edf,0x1a97e464604d0b81e3c519b9c64e7c6cf53aa9aa5fbf558880bfab0d95af7bb0,2369.9181528051041265227352200748700936049424899295
24938960,0xe0554a476a092703abdb3ef35c80e0d76d32939f,0x51c72848c68a965f66fa7a88855f9f7784502a7f,0x29a95053f69ceac45f906e7f8ade3d406e9036dcbb1b7aa8b5905799641ac110,2368.5474992351210083138344671554498308326229490325
24938960,0x4313c378cc91ea583c91387b9216e2c03096b27f,0x88e6a0c2ddd26feeb64f039a2c41296fcb3f5640,0x29703e21dbbe78062c2ae5cff42a028afcd4b573ec95ea73711960083c924b2e,2370.2811800309093140229112752055763843878449019197
24938960,0xb4e16d0168e52d35cacd2c6185b44281ec28c9dc,0x5050e08626c499411b5d0e0b5af0e83d3fd82edf,0xa3f76e57d23c8b38215baa8c10a1e560325e612e3ade8708dbafa80d2bb79755,2368.1788533015032901399355227283643370293987823866
24938960,0x6487986a78b126538746937fbd25516971129b3a,0x709de0b97e369661c99ad54f2b858139897d3dba,0x3166fbf8ba72d5eac4478c49a6b595b8edb35aafa2c564dd41759ba2666a4811,2361.2394152987369317375467146033397984767491366668
24938960,0xe0554a476a092703abdb3ef35c80e0d76d32939f,0x6487986a78b126538746937fbd25516971129b3a,0x3166fbf8ba72d5eac4478c49a6b595b8edb35aafa2c564dd41759ba2666a4811,2368.3442925398552438620559156062254600501442830787
24938960,0x000000000004444c5dc75cb358380d2e3de08a90,0x0000000aa232009084bd71a5797d089aa4edfad4,0x06df4b904ad26093ee663b4d55a13b7241a537e3ee6a52d9d65c08e89fb8ddbc,0.048886116643421090801296216343280868543800578163094
24938960,0x0000000aa232009084bd71a5797d089aa4edfad4,0x000000000004444c5dc75cb358380d2e3de08a90,0x06df4b904ad26093ee663b4d55a13b7241a537e3ee6a52d9d65c08e89fb8ddbc,2368.9498481283461273402816274461108258213418320021
24938961,0x000000000004444c5dc75cb358380d2e3de08a90,0x0000000aa232009084bd71a5797d089aa4edfad4,0x8193a819b715499554e434fc97c8b3f30b27a12814bf3c3ff47f5712c0a3f745,1130.7177626585030099607946531895438622608415179226
24938961,0x88e6a0c2ddd26feeb64f039a2c41296fcb3f5640,0x51c72848c68a965f66fa7a88855f9f7784502a7f,0x6a3f9cab623a716c06dc36228e6c0ed15011adba9f78c27e3ed7917779f25e6e,2367.3632981446852479444973771776456249792250548882
24938961,0x8ad599c3a0ff1de082011efddc58f1908eb6e6d8,0x51c72848c68a965f66fa7a88855f9f7784502a7f,0xfd8a245f3553f6cf059a9033e30ce3f063a31865f00350b6cd3364edac4cfe7a,2367.3521680122074120946656736900983925802853138228
24938961,0xe0554a476a092703abdb3ef35c80e0d76d32939f,0x51c72848c68a965f66fa7a88855f9f7784502a7f,0x0589d28b0d7645e6d2a2729b9c763b8918801ffdd75323ee19e36393d61d5dd7,2367.6016370372980056203824371113446094036268557318
24938961,0x7f86bf177dd4f3494b841a37e810a34dd56c829b,0x51c72848c68a965f66fa7a88855f9f7784502a7f,0x912de582e1d13c76ddb8ccdc2f2733b0b2aa07dc147e88f4d5cd82c4e7b7fae0,2367.6409739954140501842469582053711261260595231194
24938961,0x763d3b7296e7c9718ad5b058ac2692a19e5b3638,0x51c72848c68a965f66fa7a88855f9f7784502a7f,0xdae1aa54bc50293d3391b55d8dd91d8fae2b474a4ac8352478e6b7007419cf42,2367.6569788907283315646153364087342918746020951937
24938961,0x1445f32d1a74872ba41f3d8cf4022e9996120b31,0x51c72848c68a965f66fa7a88855f9f7784502a7f,0x716ecd5d837376dbf4a4522f6ac8a38b2d4c8fb379095252b23215a537f100b0,2368.4557208652348091989198906563460008207652825887
24938961,0xb4e16d0168e52d35cacd2c6185b44281ec28c9dc,0x51c72848c68a965f66fa7a88855f9f7784502a7f,0xe10911396f7b7407a754ca623237deee94f117944baa6d853fadb10a1ad5f648,2367.3328066181991683955557939509000798224549074782
24938961,0xd226997439ecfbeff8e110c8c78c8a7eefd19f89,0xe0554a476a092703abdb3ef35c80e0d76d32939f,0x683f9c92bebd1824a428ba1ca8f63fbf08f8ac57c80dea5df30dcaec3fe4213a,2367.330759884993786025903237475598918427106640731
24938961,0xd226997439ecfbeff8e110c8c78c8a7eefd19f89,0xe0554a476a092703abdb3ef35c80e0d76d32939f,0x7db2a2e10dd6184844ebdefd003ba16e208419cc2260650fe3ac08a61e44df35,2367.4058581895820754074576738461188987785738957905
24938961,0xd226997439ecfbeff8e110c8c78c8a7eefd19f89,0xe0554a476a092703abdb3ef35c80e0d76d32939f,0xa07a779cf8f879fbd36d3912a4f36a753e1c99a5f1404b9e1ee270ade621f006,2367.5274594982938020488111793330862045072017134487
24938961,0xd226997439ecfbeff8e110c8c78c8a7eefd19f89,0xe0554a476a092703abdb3ef35c80e0d76d32939f,0x0c7efefa745295b3b296fed2e06564ecb19121e3292ca55b2f01ee5836d22256,2367.649061536379360778699841291249587818995153525
24938961,0x1ac1a8feaaea1900c4166deeed0c11cc10669d36,0xbdb3ba9ffe392549e1f8658dd2630c141fdf47b6,0x9e22c3b6d76b56fb4d3125454e5fbe235e3be4c43c04e4da60eb9393e522d949,2369.5955884885599298930809432259610711453910126586
24938961,0xe0554a476a092703abdb3ef35c80e0d76d32939f,0xbdb3ba9ffe392549e1f8658dd2630c141fdf47b6,0xe1284d81c5b496f8eea2e6a798bf101eede98bcf36c96811d9a03f0b11a74035,2367.0220336603778545512057418411959824635820271626
24938961,0x1f2f10d1c40777ae1da742455c65828ff36df387,0xe0554a476a092703abdb3ef35c80e0d76d32939f,0x02131a2558d12ea0855cd47e08412b736c8580a038b3a1106a14c303bbddbe31,2367.3021901959395756787235335416413382736340365445
24938961,0x000000000004444c5dc75cb358380d2e3de08a90,0xf74c2bbfd2e10a2e71b8550cd1edae9fd08de55a,0xea220a5a8f3c3ea90aea03247dd5b7420990c92f7e90d1372c7af1f6d82076c0,2370.6028084757893783737595144876731026811054890126
24938961,0xf74c2bbfd2e10a2e71b8550cd1edae9fd08de55a,0xbdb3ba9ffe392549e1f8658dd2630c141fdf47b6,0xea220a5a8f3c3ea90aea03247dd5b7420990c92f7e90d1372c7af1f6d82076c0,2370.6028084757893783737595144876731026811054890126
24938962,0x000000000004444c5dc75cb358380d2e3de08a90,0x0000000aa232009084bd71a5797d089aa4edfad4,0x222eac6066729a2e189a0ab4596a7f329087b40aca1be8206be6706ceee0f276,2352.3400084495833443180213488850283634532557360232
24938962,0x0000000aa232009084bd71a5797d089aa4edfad4,0x73d53553ee552c1f2a9722e6407d43e41e19593f,0x222eac6066729a2e189a0ab4596a7f329087b40aca1be8206be6706ceee0f276,2368.3264324455062474449202567917558516691116112992
24938962,0x4c3ccc98c01103be72bcfd29e1d2454c98d1a6e3,0xe3d41d19564922c9952f692c5dd0563030f5f2ef,0x414a725bbe3b89cca45c60506f8dde1c304a86be0004f8d6b7edd5bc8873c1a8,2366.9074018830780785031540439837976725847229144958
24938962,0x88e6a0c2ddd26feeb64f039a2c41296fcb3f5640,0xbdb3ba9ffe392549e1f8658dd2630c141fdf47b6,0x4f907fe19abef46b73eabbe2cb7f444d1539642f951b05c00871c21b1fbd3409,2366.6149123705031258598715898165370780692140095041
24938962,0x1d27ad3613e84e201bc87929590f95e75454cdc0,0xe3d41d19564922c9952f692c5dd0563030f5f2ef,0xf556a2ab495c1dbeb26dc5fa2cc2ce1341f3e6c5e29d8024ab1e38599b5a2d1b,2367.919544214884316985275883740861217823773639093
24938962,0x06cff7088619c7178f5e14f0b119458d08d2f5ef,0xe0554a476a092703abdb3ef35c80e0d76d32939f,0x30e2432b2f3afdb752af9e23dd1dd3a4ac1e08bb56d86d029bcca42a3f68a048,2367.4554640334144027149432202841568672059001230393
24938962,0x2e8135be71230c6b1b4045696d41c09db0414226,0xeff6cb8b614999d130e537751ee99724d01aa167,0x7c54c45e41749d721636199afb29083393ade5d795fbbed854ea2a203b19656d,2371.3566060767269184092681007302820274684449584365
24938962,0xe2cd94c812aed174b2e09750ff146f45d845d668,0xd3a7d065102c40d217093a502e8a6edda68797e6,0xac22556eac30c4726fa8005066b6b05cdc939adb9b86551659f77a02b85f19ff,2368.1426462977624381527160528061920473648065663704
24938962,0xd3a7d065102c40d217093a502e8a6edda68797e6,0xbdb3ba9ffe392549e1f8658dd2630c141fdf47b6,0xac22556eac30c4726fa8005066b6b05cdc939adb9b86551659f77a02b85f19ff,2368.1426462977624381527160528061920473648065663704
24938962,0x7f54f05635d15cde17a49502fedb9d1803a3be8a,0x9ba0cf1588e1dfa905ec948f7fe5104dd40eda31,0x4c000bd7ff7c95963009f5f5d635fedbc8f368b229618cc195b87740c33af3c6,2368.402099495649455435809502799801310023237348968
24938962,0x5e1f62dac767b0491e3ce72469c217365d5b48cc,0x1d27ad3613e84e201bc87929590f95e75454cdc0,0xf0eb483929092415eb7e4d24a0499b604ad2a38888f73af72a5b53b5c9d7dea4,2368.0767351884293788186959202647785449700553487453
24938962,0x1d27ad3613e84e201bc87929590f95e75454cdc0,0xe3d41d19564922c9952f692c5dd0563030f5f2ef,0xf0eb483929092415eb7e4d24a0499b604ad2a38888f73af72a5b53b5c9d7dea4,2368.0767351884293788186959202647785449700553487453
24938962,0x4645e287ba6057f8dde942b3f640803e7728e5a9,0xbdb3ba9ffe392549e1f8658dd2630c141fdf47b6,0x66db2ae2efc7d3db3e08c64b8fa724d1f74d7c948a11b43cca0ead2c1bccb85c,2367.6318728805514507174961192240381559225149931406
24938962,0x8cfdb276645244d3b4707ad6a47c99b54dc444c7,0xbdb3ba9ffe392549e1f8658dd2630c141fdf47b6,0x625d9ec6eff3f22182972c1c992ccbe3d59b3cde175b3e1acfa763fe66152d8f,2366.4774952237242857829269340993111307451841522675
24938962,0xe0554a476a092703abdb3ef35c80e0d76d32939f,0xbdb3ba9ffe392549e1f8658dd2630c141fdf47b6,0x02e814e608b24ea4aaf3b03a5c7f27edf01b46c65bbb80175f705e8fb7924220,2366.8053340500838630404902023490130735031980185513
24938963,0xe0554a476a092703abdb3ef35c80e0d76d32939f,0x66a9893cc07d91d95644aedd05d03f95e1dba8af,0xb6e487523643537c42845d28da78c5284f01e6bf0b6321a8187ea08532e79eeb,2366.0926741645244215938303341902313624678663239075
24938963,0x1f2f10d1c40777ae1da742455c65828ff36df387,0xe0554a476a092703abdb3ef35c80e0d76d32939f,0x7733dfaaf6fe347ba17300954b096d961c3b8fe72f05e5bcc59dead1e5e2962b,2366.403127584230993259445584138420539682637247007
24938963,0x9008d19f58aabd9ed0d60971565aa8510560ab41,0x67336cec42645f55059eff241cb02ea5cc52ff86,0x98d0da620b43703ac5b3259828ff9f13094b9583a35725a0ad160985dc3d1d62,2367.4309611782244740505418934195748500252244440615
24938963,0x01989c93890aed05a63d179b03424997075b6acf,0xe0554a476a092703abdb3ef35c80e0d76d32939f,0xda9ba227ce1048d57232ae0091aa88dbab7b10ceeecd34e0151542f0ac185d95,2367.078668615745027332865092674447651901571836438
24938963,0xfcc92310a0587f5af26d99331b334cc5345469c2,0xe0554a476a092703abdb3ef35c80e0d76d32939f,0xe5c293c2a98309f4b7116340094f919f276aa78b3e6f40f2cc5840b436837df4,2367.5884120320107960717236729732532423658229098183
24938963,0x43403583e889ada1c951a94e9996af3a5ccf7b46,0xe3d41d19564922c9952f692c5dd0563030f5f2ef,0xf358ec12b5ef1ab01fea8104403b86454ed57f718c6fd93a612a9bf776ea2eef,2366.9046940342508722874794211451102736661587602159
24938963,0x43403583e889ada1c951a94e9996af3a5ccf7b46,0xe3d41d19564922c9952f692c5dd0563030f5f2ef,0x375e58a58a46211203a583373a6a585e9e09d072833c110cc07398f90777c5b8,2366.8936848163306642169476276021518393196757139255
24938963,0x2c242c8da2c5b25191bb6d2d88b8703446d28fc6,0x1445f32d1a74872ba41f3d8cf4022e9996120b31,0xc5442dd2a1bfaafc1dcd5ef9b546a54e385b6a7e8e7164ed4bf0afdeacc75d02,2367.6340084138467871419089245494428201984850032115
24938963,0x000000000004444c5dc75cb358380d2e3de08a90,0x0000000aa232009084bd71a5797d089aa4edfad4,0xb87aba7f31be90f893907839f1e63d666156ae2646402993d154e2461ac7fd42,2275.9541038755622352586322049662971249584929854768
24938963,0x0000000aa232009084bd71a5797d089aa4edfad4,0x73d53553ee552c1f2a9722e6407d43e41e19593f,0xb87aba7f31be90f893907839f1e63d666156ae2646402993d154e2461ac7fd42,2367.5499662216856974709183293938435585516049254963
24938963,0x3aa370aacf4cb08c7e1e7aa8e8ff9418d73c7e0f,0xbdb3ba9ffe392549e1f8658dd2630c141fdf47b6,0x982e9ae631a18f7490d2317d5b4f7c83b16398c37b5d369787fe0858be1a5448,2369.53720075057888579930318694113553996884680669
24938964,0x8ad599c3a0ff1de082011efddc58f1908eb6e6d8,0x51c72848c68a965f66fa7a88855f9f7784502a7f,0x9c409331ebe3c1d26da0adbec16634f418b3a40fa0e2aae25597da1ea5b23667,2366.5089370551508914210311159884336787542441160123
24938964,0xe0554a476a092703abdb3ef35c80e0d76d32939f,0x51c72848c68a965f66fa7a88855f9f7784502a7f,0xcda6abb56a017b9f9db0e7c306740b2df43bc27bb5bec077a97fb90a3e534661,2366.6948832666132571874562502390511775503939702119
24938964,0x88e6a0c2ddd26feeb64f039a2c41296fcb3f5640,0x51c72848c68a965f66fa7a88855f9f7784502a7f,0x20e52cbddad0ca61234047d720b29b3fe859115c8c4c0f902b1bf7ff3f741ced,2366.3132383333744848993211768294839789745940700679
24938964,0xb4e16d0168e52d35cacd2c6185b44281ec28c9dc,0x51c72848c68a965f66fa7a88855f9f7784502a7f,0x14015c7df0af4f140d3593f151fdb4087c374cc6c25bbde2b5ddd64d1950b65a,2366.5034223815716567583952201631490600117102769806
24938965,0xbdb3ba9ffe392549e1f8658dd2630c141fdf47b6,0xe0554a476a092703abdb3ef35c80e0d76d32939f,0x325adb483d3169b3e9d266193b1fb825f3d1100af7ce7ebfaeaa4da115f74a5e,2367.1592259259555299668923649893875399632735971027
24938965,0x1d27ad3613e84e201bc87929590f95e75454cdc0,0xe3d41d19564922c9952f692c5dd0563030f5f2ef,0x20eb8483ffef13a09dfbd0efed3f765d508071d00ce7797a0062a572e4fcf8f6,2366.492933178428068776050110238758969819425944958
24938965,0xba12222222228d8ba445958a75a0704d566bf2c8,0x42e213a3ad048e899b89ea8cb11d21bc97b84748,0x0fb1a6bc253e6bffba5e2d3f7f7c9943ccea33bc232fd09d78d5d0bdfcf6fa73,2371.6826441061401468621410467517136750441716694208
24938965,0x4ff51a652315541f8636ccc169a908ab249ac5e4,0x42e213a3ad048e899b89ea8cb11d21bc97b84748,0x0fb1a6bc253e6bffba5e2d3f7f7c9943ccea33bc232fd09d78d5d0bdfcf6fa73,2378.0763742007022481107239812576199037050813134131
24938965,0x4313c378cc91ea583c91387b9216e2c03096b27f,0x88e6a0c2ddd26feeb64f039a2c41296fcb3f5640,0xa204d4e99330f744f69564174a05c98155a41af7186dda744f11a88c10528815,2368.6175712672495013206840034886018474086621819623
24938965,0xc3ba641e5ee7441c4d60b76d04e6e3876973dd14,0x3d90f66b534dd8482b181e24655a9e8265316be9,0x47ac03d8fab2df2e3bc3056dc8cd825458c9c1317d9ed35065f99441aacaf0e3,2119.2964756475719472235903249373768457902580701084
24938966,0x7bea39867e4169dbe237d55c8242a8f2fcdcc387,0xeff6cb8b614999d130e537751ee99724d01aa167,0x2adae7feb379d1e9fa028e5fe4836f63224e7e348cb03ac32d0bf23d43d3e9a4,2366.7678308957864495966009298328900202358569647686
24938966,0x88e6a0c2ddd26feeb64f039a2c41296fcb3f5640,0xeff6cb8b614999d130e537751ee99724d01aa167,0xb88be53b57c81ccb0aa30f9900ea74c3282012a05ac3a466c11e29ded174b00e,2365.9911282001921472240109849389951963377039585371
24938966,0x763d3b7296e7c9718ad5b058ac2692a19e5b3638,0xeff6cb8b614999d130e537751ee99724d01aa167,0xac4724c9eebe8c00ee8316b308eea49e768e1b0198bfb916ae40174af397ec34,2365.9219079764525675953253132628212813655139798466
24938966,0x8ad599c3a0ff1de082011efddc58f1908eb6e6d8,0xeff6cb8b614999d130e537751ee99724d01aa167,0x15ad1a3b3b16e5cba2d39d6caf9078013b2e5a45e57e74605a66a1bb0c0e67ed,2365.8417166184957755844467974908175011855052378845
24938966,0x1445f32d1a74872ba41f3d8cf4022e9996120b31,0xeff6cb8b614999d130e537751ee99724d01aa167,0xcedf9a2907f7de0189e14a5c0473d71963c8a22f319f132520889a44c55e08c6,2366.1835086875004855929474299563430238094847751207
24938966,0xb4e16d0168e52d35cacd2c6185b44281ec28c9dc,0xeff6cb8b614999d130e537751ee99724d01aa167,0x80b511f3ef084d70b27de95e01517a57dfa02231725a62aa7d74b4097d952b0e,2365.6216982524425548719772420931747987201784674797
24938966,0xe0554a476a092703abdb3ef35c80e0d76d32939f,0xeff6cb8b614999d130e537751ee99724d01aa167,0x91a42dca38273723aae97f14c4fbb456173f84fa21f7f0ee4426e2af2d59cb24,2366.267582033484793726600171691457101936144623652
24938966,0x9008d19f58aabd9ed0d60971565aa8510560ab41,0x9ba0cf1588e1dfa905ec948f7fe5104dd40eda31,0xe97bbb0bc3ea5273226816ce682b5a1fb0f8c240f6fc134ea9f2a905c49f7118,2367.4317107960497610951013051963491840125252859245
24938966,0x7f86bf177dd4f3494b841a37e810a34dd56c829b,0x51c72848c68a965f66fa7a88855f9f7784502a7f,0xf6492fa312505475120976c68bd239a4b0146dda3b65404699f672c8f998d815,2365.7754306328403709489637958276639847899569805494
24938966,0xc10ee9031f2a0b84766a86b55a8d90f357910fb4,0x000000000004444c5dc75cb358380d2e3de08a90,0x9cca808a898b77f87450a6e42877165c556ea0ecb54b13386d7eaf1ad12ef519,2369.1026601272552810736029820106944561760023545547
24938966,0x000000000004444c5dc75cb358380d2e3de08a90,0x0000000aa232009084bd71a5797d089aa4edfad4,0x0f68460a5410ae2a753bf3d092699b99969863210bd5e534cc7e631bb2fadcce,1359.9646318847609046031923448260073468074194105901
24938966,0x0000000aa232009084bd71a5797d089aa4edfad4,0x73d53553ee552c1f2a9722e6407d43e41e19593f,0x0f68460a5410ae2a753bf3d092699b99969863210bd5e534cc7e631bb2fadcce,2365.2495911301137854701790792656294991202891258035
24938967,0x88e6a0c2ddd26feeb64f039a2c41296fcb3f5640,0x66a9893cc07d91d95644aedd05d03f95e1dba8af,0xe8fcde1a077eac64e5d21460d52f9371a836777b6a899d00b8fee17a820053dc,2365.113391
24938967,0x8ad599c3a0ff1de082011efddc58f1908eb6e6d8,0x66a9893cc07d91d95644aedd05d03f95e1dba8af,0xe8fcde1a077eac64e5d21460d52f9371a836777b6a899d00b8fee17a820053dc,2364.9429412
24938967,0xe0554a476a092703abdb3ef35c80e0d76d32939f,0x66a9893cc07d91d95644aedd05d03f95e1dba8af,0xb0192321545507c9fb7945659728e3b5edce82c864261466030f5c4c6c052f93,2365.7537305224909353179587244471045587810875140817
24938968,0x000000000004444c5dc75cb358380d2e3de08a90,0x0000000aa232009084bd71a5797d089aa4edfad4,0xec74a72f7a16ed6da3d9857ca139efdf5d3843d5bacddc569d812a0d8bea7c2c,0.359946869229994119571120766895146028186600430806
24938968,0x0000000aa232009084bd71a5797d089aa4edfad4,0x000000000004444c5dc75cb358380d2e3de08a90,0xec74a72f7a16ed6da3d9857ca139efdf5d3843d5bacddc569d812a0d8bea7c2c,2365.8110184502925767841388496906665818733728793857
24938968,0x88e6a0c2ddd26feeb64f039a2c41296fcb3f5640,0x51c72848c68a965f66fa7a88855f9f7784502a7f,0xbf4d657924c7323dc6baa28c8d476df6b23b3c128b9a64ce521ea54c7bcfabd3,2364.3583932420080607941404593240824838948780020149
24938968,0xe0554a476a092703abdb3ef35c80e0d76d32939f,0x51c72848c68a965f66fa7a88855f9f7784502a7f,0xe06cf2948fa6cbfacd800494da44faafe0ab92d9ffd9f64bc646fc8f2fe07b53,2364.6189737854682615558803520597802663011979561172
24938968,0xb4e16d0168e52d35cacd2c6185b44281ec28c9dc,0x51c72848c68a965f66fa7a88855f9f7784502a7f,0x2b0d4ac8012e3bd4532cba7ec66a0214e7495255ad90bccd9f82378419b4ecbd,2364.5903129510308002530304743487730038825794223612
24938968,0x66a9893cc07d91d95644aedd05d03f95e1dba8af,0xe0554a476a092703abdb3ef35c80e0d76d32939f,0x5de054f499ac247000c0d9813ccf44166ab034d2b707caee05b0e3bf7c82e087,2364.8802115351454943879400457331432872813627423351
24938968,0x66a9893cc07d91d95644aedd05d03f95e1dba8af,0x88e6a0c2ddd26feeb64f039a2c41296fcb3f5640,0x5de054f499ac247000c0d9813ccf44166ab034d2b707caee05b0e3bf7c82e087,2366.5540749140547700582523133842684168857605255502
24938968,0x00000000009e50a7ddb7a7b0e2ee6604fd120e49,0xe0554a476a092703abdb3ef35c80e0d76d32939f,0x47705ab83f2a5fe51843b497db2492f27b55d64f75d5f3ea4bdcec8795c4d753,2366.1113490495112936029221300192338179783789874469
24938968,0x8cbc94da105d989830eb7135f6f2be9940fb57a2,0xe0554a476a092703abdb3ef35c80e0d76d32939f,0x111d22427a7cc2c8f16dbd060a85f422db44cb956cbb9c4ea2a0810e6a8fbc8f,2365.5368716358111604251317043775332480173893692986
24938968,0x43403583e889ada1c951a94e9996af3a5ccf7b46,0xe3d41d19564922c9952f692c5dd0563030f5f2ef,0x511d1e4eab0689af7af6b772870a5b2e0e8aae0c32f2d9bac06461fd81fe6662,2365.2824809593929046808976819720967004364776140525
24938968,0x8cfdb276645244d3b4707ad6a47c99b54dc444c7,0xbdb3ba9ffe392549e1f8658dd2630c141fdf47b6,0x2468d7ff64d19c868288b631c6fdc98d7a794d086843d3fbfb9002897cad33bf,2364.5920073633135569932316613521708434735237638946
24938968,0xe0554a476a092703abdb3ef35c80e0d76d32939f,0x01989c93890aed05a63d179b03424997075b6acf,0x910b0b00f3f1c0f689a2c14408acfd9a8305c746a578b739ed846d7c8e27f90e,2364.9682779403065521053450230050089159063439860515
24938968,0x3aa370aacf4cb08c7e1e7aa8e8ff9418d73c7e0f,0xbdb3ba9ffe392549e1f8658dd2630c141fdf47b6,0x50790afc21dc550fa00b518866f862bdb5cddd4ffebbb22e091e57d884055d4b,2365.9982325625081410082693584505305415564019418244
24938968,0xe2cd94c812aed174b2e09750ff146f45d845d668,0xd3a7d065102c40d217093a502e8a6edda68797e6,0xb5e26343f50634abf52ec562b78c9a1caae1bdeeb9802589d90db1f027353ec0,2365.5411533134529259960897680112770539884674320055
24938968,0xd3a7d065102c40d217093a502e8a6edda68797e6,0xbdb3ba9ffe392549e1f8658dd2630c141fdf47b6,0xb5e26343f50634abf52ec562b78c9a1caae1bdeeb9802589d90db1f027353ec0,2365.5411533134529259960897680112770539884674320055
24938969,0x000000000004444c5dc75cb358380d2e3de08a90,0x0000000aa232009084bd71a5797d089aa4edfad4,0x54608c0735436bceddeb8eba65867785023d2e77d96528268e0d6f8ea702ec6a,912.05896008301101599224253371124209836867777757406
24938969,0x0000000aa232009084bd71a5797d089aa4edfad4,0x73d53553ee552c1f2a9722e6407d43e41e19593f,0x54608c0735436bceddeb8eba65867785023d2e77d96528268e0d6f8ea702ec6a,911.88262560862618856173697306601721416172965063315
24938969,0xe0554a476a092703abdb3ef35c80e0d76d32939f,0xbdb3ba9ffe392549e1f8658dd2630c141fdf47b6,0x7b1619f33bfe8e59d3fb245733fb15c12d40daed2abc3abe35bbeef827ee48a0,2364.5766521835799234400270194854828872250441226652
24938969,0x2e8135be71230c6b1b4045696d41c09db0414226,0xba4c928807450c57e4f5aa18cd507987840847bf,0xc8d073008f37fa18c5fa5ab0edb484586119be16da50002b673464ec1d8683e4,2367.0292348141060946601807473416523128561644995776
24938969,0x6487986a78b126538746937fbd25516971129b3a,0xe0554a476a092703abdb3ef35c80e0d76d32939f,0x5b3afec800d78336d63b972cebab9d74717e26f39d82aa86cb4c7aec1f90760b,2364.8002022747335873414510304648918253795099065561
24938970,0xe0554a476a092703abdb3ef35c80e0d76d32939f,0x1f2f10d1c40777ae1da742455c65828ff36df387,0x76dca47ef0659f3635573fbaff76958d1f05b127c6083fc3df2b3f58d8b2b2e8,2364.4662131174104395948805001134044000907235200726
24938970,0x8f10b468b06c6fd214b65f87778827f7d113f996,0xe0554a476a092703abdb3ef35c80e0d76d32939f,0x103fd43d7927c1bb4d5da1f82c23a7808a932b2128edd832caab8ee337cd64d9,2365.4445199145802955247057853149754156341839273971
24938970,0xe0554a476a092703abdb3ef35c80e0d76d32939f,0x828ae1566824a9835acb6f565e1e9ea22bfb883a,0x1706dcd0eab9d433f3399458f9758bf4a7910d30f5073df5ebd9cda05c361941,2365.2527505694823247631969395486581655759228638463
24938970,0x7f54f05635d15cde17a49502fedb9d1803a3be8a,0xe0554a476a092703abdb3ef35c80e0d76d32939f,0x51f70d18aa647f7d12fd8ffc33e8aad472287c1dd420ef753bbf6edfaae677ba,2365.8163391108640222836585838000448663207377241891
24938970,0xe0554a476a092703abdb3ef35c80e0d76d32939f,0xaf682de1f2e6f710731121a05a44cb3c1b511f7d,0x878f8a9962007de46fceea77d305708daaca5a6049d5c13fb75206b47820e54e,2365.6111892198677688103755541911114949873013716401
24938970,0x0000000aa232009084bd71a5797d089aa4edfad4,0x000000000004444c5dc75cb358380d2e3de08a90,0x9d9d8ebea0795d136216b4d1f8dabdccc3ae0ef7e58b1de2a6f9fe9fdcfb4ac2,1028.0694975671511048413926707047101416504734559699
24938971,0x000000000004444c5dc75cb358380d2e3de08a90,0x0000000aa232009084bd71a5797d089aa4edfad4,0x0a13401323c9f322eca5055e1d496df06d8cede977b81e1e712532de91d0f50d,1147.5432073559354403603007094463633904557047399095
24938971,0x0000000aa232009084bd71a5797d089aa4edfad4,0x73d53553ee552c1f2a9722e6407d43e41e19593f,0x0a13401323c9f322eca5055e1d496df06d8cede977b81e1e712532de91d0f50d,2364.9256238516739961120968531264383439444636368134
24938971,0x88e6a0c2ddd26feeb64f039a2c41296fcb3f5640,0x51c72848c68a965f66fa7a88855f9f7784502a7f,0x16469402839ee9816a55bd1185d10e3e9f270c364617516fcafa48d7eacd6d42,2363.7883183199144433803322942522354846031658906145
24938971,0xe0554a476a092703abdb3ef35c80e0d76d32939f,0x51c72848c68a965f66fa7a88855f9f7784502a7f,0x88057cf5d2e304a20565ec0349e7118e3981da9dd571b05bf453a645005ca7f5,2364.3839555292845960980389185580319755816992110995
24938971,0x8ad599c3a0ff1de082011efddc58f1908eb6e6d8,0x51c72848c68a965f66fa7a88855f9f7784502a7f,0xe23077e752ff4e568f43391461591f9e4cb108307b7b574589071cc62e039199,2363.8887427763029244265694719012000446189570759044
24938971,0x7f86bf177dd4f3494b841a37e810a34dd56c829b,0x51c72848c68a965f66fa7a88855f9f7784502a7f,0x9ece49e229cc36fc248cc38ea4bd5d8a73f11232c8a01be09dc293c4faa48754,2364.0639747718369226425427062744241391262077895956
24938971,0x763d3b7296e7c9718ad5b058ac2692a19e5b3638,0x51c72848c68a965f66fa7a88855f9f7784502a7f,0xf089afa1b11a8da0f75d76b814b9f63801d31376584261846a92bd30c6ab55df,2364.2021336908550497714352843711971424828618311697
24938971,0xb4e16d0168e52d35cacd2c6185b44281ec28c9dc,0x51c72848c68a965f66fa7a88855f9f7784502a7f,0xada960ef41ac14329c9f1200f5ecc59a405042a35172ffe10150291eaa294110,2363.7558532972567638709247574913573646380959757342
24938971,0x8cfdb276645244d3b4707ad6a47c99b54dc444c7,0xbdb3ba9ffe392549e1f8658dd2630c141fdf47b6,0x27032be3adb83c99217ca64e2fffd091140376b40550705c8534669a5a85450b,2363.8934281954067597719139286026837540009887109023
24938971,0x397ff1542f962076d0bfe58ea045ffa2d347aca0,0xc10ee9031f2a0b84766a86b55a8d90f357910fb4,0xbe7450556679be80e89583d14fc75306db3417a00849d7e3afd398fad2c0de3a,2365.552093241493844664712516629939969724451620035
24938972,0x000000000004444c5dc75cb358380d2e3de08a90,0x0000000aa232009084bd71a5797d089aa4edfad4,0xa75d6457aaf10bceffa664e89d921c3b1f1123d71880c31301166c04c4a4fdc2,668.12722649292995350217699116831360187059748566749
24938972,0x88e6a0c2ddd26feeb64f039a2c41296fcb3f5640,0x51c72848c68a965f66fa7a88855f9f7784502a7f,0xc90ad09e8040fd0b738e1f83349aae62b589f31b33a7beaef0d6f7300cda8d90,2362.5315729617428317863700569396613183636624192625
24938972,0x8ad599c3a0ff1de082011efddc58f1908eb6e6d8,0x51c72848c68a965f66fa7a88855f9f7784502a7f,0x4db4f2d907844786a3ea19cda451ae8079b19c622ce2e9661e6639466c9848ce,2362.53157282809210925689285455625477759309296183
24938972,0xe0554a476a092703abdb3ef35c80e0d76d32939f,0x51c72848c68a965f66fa7a88855f9f7784502a7f,0x38c14a595ca7ad1f3c7a446c2149bfb597eec718084d5d02516686a59f5e9a60,2362.5315726504781185763385806895120059995799416488
24938972,0xb4e16d0168e52d35cacd2c6185b44281ec28c9dc,0x51c72848c68a965f66fa7a88855f9f7784502a7f,0x1ac0d4cff0dc4fbebcf5efd2f5c4a4136493638ef866260c68a9221e434c3499,2362.5262678706517904059049507430104002978489070233
24938972,0x7f86bf177dd4f3494b841a37e810a34dd56c829b,0x51c72848c68a965f66fa7a88855f9f7784502a7f,0x484f5ed9ac7c4457773a4b675276e9266ffaed485bf28d23a49603d91770262e,2362.5392365397013594296339320178592240979891072093
24938972,0x1445f32d1a74872ba41f3d8cf4022e9996120b31,0x51c72848c68a965f66fa7a88855f9f7784502a7f,0x991dac50df92dd71c3afd004b06c15cd499140a1ff7c903469014971c365ab6c,2363.3331703879361335550630177336998660335655242422
24938972,0x763d3b7296e7c9718ad5b058ac2692a19e5b3638,0x51c72848c68a965f66fa7a88855f9f7784502a7f,0x23d2384eacb5185832f1d7f788fdb6aa10183f57944aac41bf4b909b2bcb244a,2362.5315728588744366306430222836838037598634988256
24938972,0x7bea39867e4169dbe237d55c8242a8f2fcdcc387,0x51c72848c68a965f66fa7a88855f9f7784502a7f,0x70e66efecbcfc749031f3eaa902c3b20d2720162f5934385eaec84a949ef988c,2363.3601810711199573717973722162155967280318772336
24938972,0x8162acffb3b20eb4f07a701b266ea3449e3e2eb4,0xd315a9c38ec871068fec378e4ce78af528c76293,0xf7d4d3a8ab300fd5261772aa1f49d6774edfe5c28658c28bf7582e2200064c4a,2362.1411952053129430825398853075446485829114513116
24938972,0x4de4fccc14eab1d69890a49471a9d57b96dd725f,0xe0554a476a092703abdb3ef35c80e0d76d32939f,0x3caab9f98d4029989e1d0fc2c2ae58046d2c42da3f9f9630c7669a5ac902d6f3,1620.1148018463621444815891888730182909023531869795
24938972,0x2c0552e5dcb79b064fd23e358a86810bc5994244,0xe8736af1926e9d8f5a6602fbbb0893b26436d710,0x87593a05664e1184aa515c65f3059def502235d8d50157bbe6919fe92d01faa2,2364.6288766211845800630433665974879202527893197638
24938972,0x2c0552e5dcb79b064fd23e358a86810bc5994244,0x51c72848c68a965f66fa7a88855f9f7784502a7f,0x87593a05664e1184aa515c65f3059def502235d8d50157bbe6919fe92d01faa2,2365.0383692466900439883612736666142272371939522216
24938972,0xe2cd94c812aed174b2e09750ff146f45d845d668,0xd3a7d065102c40d217093a502e8a6edda68797e6,0xa2947b1e4d33426f7218de1a04f982867bdb081fb809a86c4b4aa0204ce9f8b5,2363.1992647780255792019499166221190595105246602823
24938972,0xd3a7d065102c40d217093a502e8a6edda68797e6,0xbdb3ba9ffe392549e1f8658dd2630c141fdf47b6,0xa2947b1e4d33426f7218de1a04f982867bdb081fb809a86c4b4aa0204ce9f8b5,2363.1992647780255792019499166221190595105246602823
24938973,0x000000000004444c5dc75cb358380d2e3de08a90,0x0000000aa232009084bd71a5797d089aa4edfad4,0xda695886c5d6e8327497afd19476a71ff309e1c6fd4a0218cb53912f8bd59ae4,2364.079163592454311712837609268933572864793595029
24938973,0x84cc5f0bc0aa4bf47f3f60628c51cb1ab2745572,0xe0554a476a092703abdb3ef35c80e0d76d32939f,0xc2b843f4b9b13fea318405aa22685684e6f15f31245d0490d25ff9432a231cb1,2364.1504609160241729324953361373595032850354336031
24938973,0x9008d19f58aabd9ed0d60971565aa8510560ab41,0xe0554a476a092703abdb3ef35c80e0d76d32939f,0x4b1e1737734f4856b4800e94d415aa1b68942ab73f4caa0c28d114da55ce9bb0,2364.475754061911784630744270904424677745969906062
24938973,0xe0554a476a092703abdb3ef35c80e0d76d32939f,0xbdb3ba9ffe392549e1f8658dd2630c141fdf47b6,0x16a19bf25cfcfdb4772069af7a6d5c1c1225c3055d76d849d392f49e86cd012b,2363.3132439436328128347598254563535991759266213725
24938973,0x1f2f10d1c40777ae1da742455c65828ff36df387,0x1445f32d1a74872ba41f3d8cf4022e9996120b31,0x0497ab2f049360fa3dbd9de234c0bdc01d0e34be259054ac5ce3cffda8a892cb,2362.6890783249860570539085270992083071067379579675
24938973,0x646240365c8c11832de4de8c5ee6e4af9180b6ca,0xe0554a476a092703abdb3ef35c80e0d76d32939f,0xbd7e64f24efbabb6109a3543890e3e0c48a9e756a232d022d6c48b61570101ec,2363.1250404912062001909489922906876561187414352404
24938973,0x646240365c8c11832de4de8c5ee6e4af9180b6ca,0xe0554a476a092703abdb3ef35c80e0d76d32939f,0x2e5acd6092e7d5f5ec3258f0125f158e281321b32cff8cdbbb0ebabaabc13f25,2363.2743022635653750971271561635960957202656913452
24938973,0x1d27ad3613e84e201bc87929590f95e75454cdc0,0xe3d41d19564922c9952f692c5dd0563030f5f2ef,0x4ca1e744353575bcec43f0d74b0aa993e3df80dce22eade645c1d25d5a947860,2362.7250561583298013263069404197308057561659621599
24938974,0x01989c93890aed05a63d179b03424997075b6acf,0xe0554a476a092703abdb3ef35c80e0d76d32939f,0xca22a304246feb999b06df26abef9256cf89c3fc22758ee41e595deac4f9fd98,2363.8824420240507403429754403883339808444288596421
24938974,0x4c3ccc98c01103be72bcfd29e1d2454c98d1a6e3,0xd315a9c38ec871068fec378e4ce78af528c76293,0xc4d00e39484769b0e78dd235f15afe63000edcc0b67bbeee0aca908c16ba2411,2363.7384584387485718796835682877832381079915412282
24938974,0xe0554a476a092703abdb3ef35c80e0d76d32939f,0x7f54f05635d15cde17a49502fedb9d1803a3be8a,0x0865bc3a7b07bf90dbbd93d2c791507c67823ff7f282d9765cd17a85c44f235b,2363.4262830492783582192649625346600134676891736556
24938974,0x01989c93890aed05a63d179b03424997075b6acf,0x88e6a0c2ddd26feeb64f039a2c41296fcb3f5640,0x4b8c160bee7156eaa8efbd8110384bcac63a3acdceb76ec9a5f113d11e96a7f6,2364.2445740679681671535997219064857542451728320306
24938974,0x5050e08626c499411b5d0e0b5af0e83d3fd82edf,0xe0554a476a092703abdb3ef35c80e0d76d32939f,0xbcd624baac27441b43cfdbdaa7117bab8347c7aec0da91b7f58c34b5671efa1b,2363.727867326968073824649555208400365413163300531
24938974,0x86199f2cfa9ff7bddff8c629cb66e3ef6745abff,0xb4e16d0168e52d35cacd2c6185b44281ec28c9dc,0xc6973a3f4d54ab84e63dff98d136de229ba0402e205fbf851c65a3e7e9647ae8,2375.9221332519023389756765380490442321243103343088
24938974,0xe0554a476a092703abdb3ef35c80e0d76d32939f,0x66a9893cc07d91d95644aedd05d03f95e1dba8af,0x1f7b8fb4d29779b6d6e716c82a46f2212d7cfbd9ddaaa5f08acdb43ed6353907,2363.6972817470089547946016945079495931035868118769
24938974,0x0000000aa232009084bd71a5797d089aa4edfad4,0x000000000004444c5dc75cb358380d2e3de08a90,0x840f067bf6e8997a3273819f24edee2820379e8d45b86e30462f85073fc71ebe,769.72086766517716916335151286790011714975603735193
24938975,0xe0554a476a092703abdb3ef35c80e0d76d32939f,0x7f54f05635d15cde17a49502fedb9d1803a3be8a,0x04b404d6e384573a9c8b163132fcb8c3d0ae8b6705273bf7aa691cb5f1a55091,2363.5417194029850746268656716417910447761194029851
24938975,0x5c7bcd6e7de5423a257d81b442095a1a6ced35c5,0xc186fa914353c44b2e33ebe05f21846f1048beda,0xd809d06c8480f088ea41d30edb1c6d861b06e16a49dfe8695101ae7153daa1d4,822.8400045422859761404393857468353576016172352983
24938976,0x000000000004444c5dc75cb358380d2e3de08a90,0x0000000aa232009084bd71a5797d089aa4edfad4,0x3feaae60b4f7c1daba9899593b7200c53c8d6660ed95657b49d1754f3d275dff,681.06894451577625553741239846473757931374060579917
24938976,0xe0554a476a092703abdb3ef35c80e0d76d32939f,0x51c72848c68a965f66fa7a88855f9f7784502a7f,0x485d18e0a04ee339a406728a94737024a9851e6fd370c46999228471ca586283,2362.7621089620976796063913163500775084878637823688
24938976,0x2257aaac34bcb27900291f7b84ee2565a6cbac57,0x1f2f10d1c40777ae1da742455c65828ff36df387,0x386c6fe019fa3b882d1afd50b21c9edc230ae16f9f5bc8e809de5841946726ae,2370.2213950119488865521420298097631798971459690744
24938976,0x1321228815fcf38b75356760db800c7becc7731f,0x1f2f10d1c40777ae1da742455c65828ff36df387,0x386c6fe019fa3b882d1afd50b21c9edc230ae16f9f5bc8e809de5841946726ae,2375.8079389860535749325264689921196744324198790163
24938976,0x8a649274e4d777ffc6851f13d23a86bbfa2f2fbf,0x1f2f10d1c40777ae1da742455c65828ff36df387,0x386c6fe019fa3b882d1afd50b21c9edc230ae16f9f5bc8e809de5841946726ae,2370.0625697601307075560726756887323512802528201597
24938976,0x6e1fbeeaba87bae1100d95f8340dc27ad7c8427b,0x1f2f10d1c40777ae1da742455c65828ff36df387,0x386c6fe019fa3b882d1afd50b21c9edc230ae16f9f5bc8e809de5841946726ae,2372.4889734477067269108437392706308255684068809825
24938976,0x4d6c17259332b3a1229bc4938894a7d295f90aeb,0x1f2f10d1c40777ae1da742455c65828ff36df387,0x386c6fe019fa3b882d1afd50b21c9edc230ae16f9f5bc8e809de5841946726ae,2374.0754342686074955109953249873192190393723401802
24938976,0x07414ebdb97460b1ef24214804a22bf86db9faae,0x1f2f10d1c40777ae1da742455c65828ff36df387,0x386c6fe019fa3b882d1afd50b21c9edc230ae16f9f5bc8e809de5841946726ae,2370.6425861267600140085942801818623080324832819714
24938976,0xe0554a476a092703abdb3ef35c80e0d76d32939f,0x2c0552e5dcb79b064fd23e358a86810bc5994244,0x354708231d8c055b588b6d67d4de383adbafd54e08453a5a17b18777e5c848d7,2361.6754260696983474061277004587842400486594891627
24938976,0x1d27ad3613e84e201bc87929590f95e75454cdc0,0xe3d41d19564922c9952f692c5dd0563030f5f2ef,0x188c828d4577c0531edd8058626e3f182e8d8b6fb9d61a944877ea863f22d051,2362.4625636973378994890435971358227193762263946744
24938977,0x0000000aa232009084bd71a5797d089aa4edfad4,0x000000000004444c5dc75cb358380d2e3de08a90,0xd20af885db86969deaf1d9e919bb4e439a49e53dd32a90cff4b06dd69256b44a,735.58710474216596238361498576211135438162235146468
24938977,0x51c72848c68a965f66fa7a88855f9f7784502a7f,0xe0554a476a092703abdb3ef35c80e0d76d32939f,0x16198e5a9c11b77124df41f624add78f4fbbc71335279204eb738e7973ca6521,2362.4357003431112326516364771864903624135090759666
24938977,0x9008d19f58aabd9ed0d60971565aa8510560ab41,0x67336cec42645f55059eff241cb02ea5cc52ff86,0x1269e76477148fdc11b8e9f490f9d3c4d602d1f998d5af94c603dd293c2d19a8,2362.9224483004798505095536452109228746612087668452
24938977,0x3611b82c7b13e72b26eb0e9be0613bee7a45ac7c,0x76d7c24374aef4a36ee9a3a8c49339ccc84d0743,0x886a87bea21034e93b9ab8e89ab17f507b9d3bed2d0293b3bf7007138370da8f,2363.4129842779499347720941536984481788328015404879
24938977,0x43403583e889ada1c951a94e9996af3a5ccf7b46,0xe3d41d19564922c9952f692c5dd0563030f5f2ef,0x21716b487c933f38445757f7ef8814c2a240935066abf2a58a2221b92c449ae2,2362.8682301124382087930324310468253601108833578994
24938977,0x1d27ad3613e84e201bc87929590f95e75454cdc0,0xe3d41d19564922c9952f692c5dd0563030f5f2ef,0xeea15f477117edfc7915eaf6e1485c5ad96841ff1b2046ec6c4cf2604a562f18,2363.1351237821747709762593361291846090844345642611
24938978,0x88e6a0c2ddd26feeb64f039a2c41296fcb3f5640,0xbdb3ba9ffe392549e1f8658dd2630c141fdf47b6,0x825edde0fe3ab53d23e2b265a006ca63aec6ba314b38868671db9f9873d224b2,2361.7733918915330758415031398829890241989629863583
24938978,0x88e6a0c2ddd26feeb64f039a2c41296fcb3f5640,0x2c0552e5dcb79b064fd23e358a86810bc5994244,0x274b52f69ebca61afbbe22196acb90ca20a85c6961d6229545e141552f2e7a0a,2361.5370214818753847969997667530738036034766450868
24938978,0xe0554a476a092703abdb3ef35c80e0d76d32939f,0xbdb3ba9ffe392549e1f8658dd2630c141fdf47b6,0x3a5674aab78d9bd2d67ad6bb534100d8fa16a26a6bbea7c284bb8d25a7fb5b17,2362.462125353366133368734275442353372862521497953
24938978,0x1a8a409704f7f2a85ab21d0372b150be0ce1f3c9,0xe0554a476a092703abdb3ef35c80e0d76d32939f,0xeb200c8e7c2194bca495e68f5b2879d1475531460de2ea7c4ae31b2d325abb96,2363.0357948363414667282179324878816115851078363775
24938978,0x000000000004444c5dc75cb358380d2e3de08a90,0x0000000aa232009084bd71a5797d089aa4edfad4,0x242632ed612f4b3246eb25ce7feb1d63b018682ef0686afe797812de82e98ca2,1834.7509281009198387659054405209166434691966063192
24938978,0x0000000aa232009084bd71a5797d089aa4edfad4,0x73d53553ee552c1f2a9722e6407d43e41e19593f,0x242632ed612f4b3246eb25ce7feb1d63b018682ef0686afe797812de82e98ca2,2363.6463852191330666358269978546652649562106662093
24938978,0xc10ee9031f2a0b84766a86b55a8d90f357910fb4,0x000000000004444c5dc75cb358380d2e3de08a90,0x1694f04a313126592b2ea5fa51cf114af17027e3f65e458af606336a7d703cfc,2365.5815576249304516294880893640157596308983265505
24938979,0xe0554a476a092703abdb3ef35c80e0d76d32939f,0x1f2f10d1c40777ae1da742455c65828ff36df387,0x77533767ef7104f45205bbd0e95dc035ebac88dc66628933cb97c3ba51255c7e,2356.9545849788895001402418205641374186825374912287
24938979,0xe0554a476a092703abdb3ef35c80e0d76d32939f,0x2fcbd7ae7f2e84e7b69618d069625c957309daa1,0xca2341458f95224de81115259cc1f6935a8b8ec02f21f98f02b200a1aa97670d,2350.5706882694195269935503644910430801528900383665
24938979,0x1f2f10d1c40777ae1da742455c65828ff36df387,0xe0554a476a092703abdb3ef35c80e0d76d32939f,0x5f09b040080eda1953559e72a8bb264ba83c005ba34bafd651dc755bfb76523d,2333.9184451540863657778164040973613156822292334365
24938979,0xe0554a476a092703abdb3ef35c80e0d76d32939f,0x5050e08626c499411b5d0e0b5af0e83d3fd82edf,0x47d0f23c63252cfbd861e0f4c7a833314e09b8d7300499dabce06ac43c5620ae,2362.1198290624004183448653970685236166692028589013
24938979,0x8f10b468b06c6fd214b65f87778827f7d113f996,0xe3d41d19564922c9952f692c5dd0563030f5f2ef,0xb58efcc973cb70df2f4b75964d323a08232526c2c83161f596779bf391342ec2,2363.5772560176984755663241004150598593380453083665
24938979,0x000000000004444c5dc75cb358380d2e3de08a90,0x0000000aa232009084bd71a5797d089aa4edfad4,0x7b7372798821983dcd0665a2a78c9cd947aea3aece03c0bccad1f0879dc80894,567.00932939559446525377665241596091403458369263646
24938980,0xe0554a476a092703abdb3ef35c80e0d76d32939f,0x1f2f10d1c40777ae1da742455c65828ff36df387,0x0828562ef60aed50fae24e838e2deb9112b29417b8b8d36018d9d64e1a9a3c84,2361.8456531566599126565835223627279466820018270718
24938980,0x000000000004444c5dc75cb358380d2e3de08a90,0x1f2f10d1c40777ae1da742455c65828ff36df387,0x0828562ef60aed50fae24e838e2deb9112b29417b8b8d36018d9d64e1a9a3c84,2364.5837561137206334553203465728394822157763565903
24938980,0xba12222222228d8ba445958a75a0704d566bf2c8,0x1f2f10d1c40777ae1da742455c65828ff36df387,0x0828562ef60aed50fae24e838e2deb9112b29417b8b8d36018d9d64e1a9a3c84,2364.1180276273492513634599596163828786524360860579
24938980,0x2e8135be71230c6b1b4045696d41c09db0414226,0x1f2f10d1c40777ae1da742455c65828ff36df387,0x0828562ef60aed50fae24e838e2deb9112b29417b8b8d36018d9d64e1a9a3c84,2364.182750713064619812838426845720985126683228892
24938980,0x69d460e01070a7ba1bc363885bc8f4f0daa19bf5,0x1f2f10d1c40777ae1da742455c65828ff36df387,0x0828562ef60aed50fae24e838e2deb9112b29417b8b8d36018d9d64e1a9a3c84,2364.0000116281610118101764905315412253708493982797
24938980,0x1ac1a8feaaea1900c4166deeed0c11cc10669d36,0x1f2f10d1c40777ae1da742455c65828ff36df387,0x0828562ef60aed50fae24e838e2deb9112b29417b8b8d36018d9d64e1a9a3c84,2363.1538074643445688830688173942749572412586208242
24938980,0x2e8135be71230c6b1b4045696d41c09db0414226,0x7f54f05635d15cde17a49502fedb9d1803a3be8a,0xae04b8cf1443a2b6c2e58ba9831017820782b5b4044f3dc4c88ffc86837975f5,2361.59441787449321201688150833037589765004652576
24938980,0x9008d19f58aabd9ed0d60971565aa8510560ab41,0x67336cec42645f55059eff241cb02ea5cc52ff86,0xa2257f2c7bd6d75728babbdd93758f87653340a449b420e124b795050e4e42b3,2362.5613564316279491927411898727878649375637815931
24938980,0xe0554a476a092703abdb3ef35c80e0d76d32939f,0x8f10b468b06c6fd214b65f87778827f7d113f996,0xcdf7c7bbe43d4b012229798696006baf296b408fbc7456c4674a289542f45675,2361.4048837540917386248779000054352627913438246749
24938980,0x8ad599c3a0ff1de082011efddc58f1908eb6e6d8,0xbdb3ba9ffe392549e1f8658dd2630c141fdf47b6,0xc23c850431e7180c0dd0c091a596649af77ee254cd9246ecccaad05e96e70571,2361.5193005863719878555901928335521422079545524439
24938980,0x88e6a0c2ddd26feeb64f039a2c41296fcb3f5640,0xbdb3ba9ffe392549e1f8658dd2630c141fdf47b6,0xb7d63f13ceae56ed97c46d95b0a46827ba16128ad8e87a29a329c9b38e13af13,2361.3953322293745460598689690510363833705094402115
24938980,0x2c0552e5dcb79b064fd23e358a86810bc5994244,0x9008d19f58aabd9ed0d60971565aa8510560ab41,0xc505bb9d61e0933668394d73da86226ac88cbe240a7ed7c60049b7603f96f4a5,2366.0775350216622265978332007603983738910649496734
24938980,0x1ac1a8feaaea1900c4166deeed0c11cc10669d36,0x3611b82c7b13e72b26eb0e9be0613bee7a45ac7c,0x64321904a4a733a7f6398402d80fc10196e12d617aeaec292e0e18f159e8e019,2360.5731055276381909547738693467336683417085427136
24938980,0x1d27ad3613e84e201bc87929590f95e75454cdc0,0xe3d41d19564922c9952f692c5dd0563030f5f2ef,0x823de3b1a2b31ec3f8baf171b6caf122aede1f02c30949a9b67ccad4dae8bcc4,2362.4796873663205852909004924590990291508483714038
24938980,0x0000000aa232009084bd71a5797d089aa4edfad4,0x000000000004444c5dc75cb358380d2e3de08a90,0xe6f2ffcfd925b803a97aa279e0fb9373c1baa9764baeb5deab76e4af5ea339a6,1103.5855540937084859971270667740221870443489099678
24938981,0x88e6a0c2ddd26feeb64f039a2c41296fcb3f5640,0x66a9893cc07d91d95644aedd05d03f95e1dba8af,0xb701858b7d79443c4f3a44491c2db5060f7652d520fb75a08e8ef461d60a345a,2361.1571503401360544217687074829931972789115646259
24938981,0x8ad599c3a0ff1de082011efddc58f1908eb6e6d8,0x66a9893cc07d91d95644aedd05d03f95e1dba8af,0xb701858b7d79443c4f3a44491c2db5060f7652d520fb75a08e8ef461d60a345a,2361.2078678571428571428571428571428571428571428571
24938982,0x0000000aa232009084bd71a5797d089aa4edfad4,0x000000000004444c5dc75cb358380d2e3de08a90,0x604de21dd0bbf7d0d02fb9454b2903cdb1873df9f51162bd15d618b650fe33d1,1144.2125389446823710104251710270261972623427643154
24938982,0x51c72848c68a965f66fa7a88855f9f7784502a7f,0xe0554a476a092703abdb3ef35c80e0d76d32939f,0xcad8266a93dded4d93625b4e3b91ad1a71902adb216912cc5f3126d0f9f180d3,2362.0541454384194700171098879963345717793202240718
24938982,0x55d03bb57f44d74fe6afdc0fe33d925916486f06,0xe0554a476a092703abdb3ef35c80e0d76d32939f,0x66db6b0c9f510d9434d6058fdbf73863cba8772e3d8e2164982de565959b5398,2363.71471469972319756030011961871075105155863837
24938982,0xe803b10027980ca4c24d88a2c5de807465472f3f,0x88e6a0c2ddd26feeb64f039a2c41296fcb3f5640,0x86e57370033882f3830fa06318604e23240ab0daa4f56c31d1e72e47a74c233d,2363.4435862488456762447231364172988497316970339328
24938982,0xe0554a476a092703abdb3ef35c80e0d76d32939f,0x8e1e19fd5440048292242c942bed7d1bc8857fad,0x2ccc14199b875d08ae263e72cc37e38309439c70f0a24dd4164f1627bf114473,2364.012024780289817018538685724930337791691841618
24938982,0x81463b0f960f247f704377661ec81c1fd65b5128,0x000000000004444c5dc75cb358380d2e3de08a90,0x54d6bcf17ec0d5816f904b4ba5b5efa551a4d2ffcd26d78d736e6e6c7d0a9ed4,2361.4478550136012512810039597911725888705423397383
24938983,0x66a9893cc07d91d95644aedd05d03f95e1dba8af,0xe0554a476a092703abdb3ef35c80e0d76d32939f,0x386efa73ee3bc4ed54a671d8d7c6bb0bfed9733c3396266ba1acaab12af0c94f,2364.3033155106309694870396976671480524291009256057
24938983,0x66a9893cc07d91d95644aedd05d03f95e1dba8af,0x88e6a0c2ddd26feeb64f039a2c41296fcb3f5640,0x386efa73ee3bc4ed54a671d8d7c6bb0bfed9733c3396266ba1acaab12af0c94f,2363.5404975672991841988983703447100959159090632625
24938983,0xe0554a476a092703abdb3ef35c80e0d76d32939f,0x51c72848c68a965f66fa7a88855f9f7784502a7f,0x812c689b2e32815f40c4b312b4e21b77e32c0b7e93d9c4f48c050fd9396d5c96,2363.5583430105717546479110630627842697693549490666
24938983,0x000000000004444c5dc75cb358380d2e3de08a90,0x0000000aa232009084bd71a5797d089aa4edfad4,0x461a4ea28727651dabd7107dd90ef8867e04ca278845df348d44b6138bb04337,999.8714115566756677390668855216698694482701663373
24938983,0x0000000aa232009084bd71a5797d089aa4edfad4,0x73d53553ee552c1f2a9722e6407d43e41e19593f,0x461a4ea28727651dabd7107dd90ef8867e04ca278845df348d44b6138bb04337,999.79862484930248684700364184005094581616949736333
24938984,0x1f2f10d1c40777ae1da742455c65828ff36df387,0x1ac1a8feaaea1900c4166deeed0c11cc10669d36,0x0abca3e2f19d836e6402923af75f72cb070b872f3110ad721b90f2b03099e736,2362.1329089886448741877458314873890908297924045423
24938984,0x9b208194acc0a8ccb2a8dcafeacfbb7dcc093f81,0x1f2f10d1c40777ae1da742455c65828ff36df387,0x7fc86ec702ea3e3d3249aa8d2a6e6cb1de633fa6569c65c85373986d4df69081,2366.682727255053030065331043557219381600972607647
24938984,0x1f2f10d1c40777ae1da742455c65828ff36df387,0x1445f32d1a74872ba41f3d8cf4022e9996120b31,0x7fc86ec702ea3e3d3249aa8d2a6e6cb1de633fa6569c65c85373986d4df69081,2362.6219787717115420362702653693620742808019676575
24938984,0x1f2f10d1c40777ae1da742455c65828ff36df387,0x69d460e01070a7ba1bc363885bc8f4f0daa19bf5,0x7fc86ec702ea3e3d3249aa8d2a6e6cb1de633fa6569c65c85373986d4df69081,2361.291754331894365963773127715998278300741143924
24938984,0xe0554a476a092703abdb3ef35c80e0d76d32939f,0xbdb3ba9ffe392549e1f8658dd2630c141fdf47b6,0xb13e03706cde22e6a92beead91d320ac0b62e1a32456aba337bc00d109fb10bf,2363.0382477748956773962063520204076242010416295045
24938984,0x000000000004444c5dc75cb358380d2e3de08a90,0x0000000aa232009084bd71a5797d089aa4edfad4,0xf85e2035c0badbda6cb1c830a0c05331b15c99bbe0407665fd3950b4028649c0,2363.6888548875711349772288925061416335201893367866
24938984,0x0000000aa232009084bd71a5797d089aa4edfad4,0x73d53553ee552c1f2a9722e6407d43e41e19593f,0xf85e2035c0badbda6cb1c830a0c05331b15c99bbe0407665fd3950b4028649c0,2363.44516964360955739926447126306327985258388815
24938985,0x0000000aa232009084bd71a5797d089aa4edfad4,0x000000000004444c5dc75cb358380d2e3de08a90,0x240daefd6bf39d476f2aacac9d4deafbde45b127e9899d78a3f7dce486805825,1642.8575480596001555277612473372008529264482257082
24938985,0xe0554a476a092703abdb3ef35c80e0d76d32939f,0x51c72848c68a965f66fa7a88855f9f7784502a7f,0x5e292a5f6fa2fc4e602acb1e2e0b92c8d76e805a2b88da24b822ee9b7f4a5fe9,2362.2320971531467600149353142784839592578634096455
24938985,0x66a9893cc07d91d95644aedd05d03f95e1dba8af,0x88e6a0c2ddd26feeb64f039a2c41296fcb3f5640,0x44ec51b38589c887784bd64b3a440ebadcfcc52355cafd1f64c997c9cb253b49,2363.589637614795233396688366853652323166488605696
24938985,0x66a9893cc07d91d95644aedd05d03f95e1dba8af,0xe0554a476a092703abdb3ef35c80e0d76d32939f,0x44ec51b38589c887784bd64b3a440ebadcfcc52355cafd1f64c997c9cb253b49,2362.2251129785589971352866366210892261247901625412
24938985,0xe0554a476a092703abdb3ef35c80e0d76d32939f,0x66a9893cc07d91d95644aedd05d03f95e1dba8af,0xb4ed3a70ea2fb418aec1fa2050c38fd9046e4574bb9f7306661f519a598ab2e7,2361.799213717733962644201572093207710131638479563
24938985,0x000000000004444c5dc75cb358380d2e3de08a90,0x66a9893cc07d91d95644aedd05d03f95e1dba8af,0xb4ed3a70ea2fb418aec1fa2050c38fd9046e4574bb9f7306661f519a598ab2e7,2354.5183999749663892648282946464076130979589611191
24938985,0xba4c928807450c57e4f5aa18cd507987840847bf,0x000000000004444c5dc75cb358380d2e3de08a90,0xdd928eaafef308808a6601eb548fcba8c54ffd38ab6b7e4805b9d296ffb7919e,2356.9082998276173187074128542986972014304487436074
24938985,0x1445f32d1a74872ba41f3d8cf4022e9996120b31,0xbdb3ba9ffe392549e1f8658dd2630c141fdf47b6,0xac5da31bbde2ee858f861942ccc50250c8a20ffd53d7df7937b44382bfe144e8,2363.2274052603870140232820327669821955674707498561
24938986,0x86199f2cfa9ff7bddff8c629cb66e3ef6745abff,0x51c72848c68a965f66fa7a88855f9f7784502a7f,0xb758022ec77b06adc152232e43e3e39c45c2f20506d88acef3490b2e30fa4fc2,2361.3104123480210554819242823696486911611403554328
24938986,0x649cbf4fd4efb3cca89cbb9982114bcf22fad9ff,0x10d8b8daa26d307489803e10477de69c0492b610,0x4c38a8385d4e00d62e8ee81019ac6ee8aa5f369f4f8e0f6243674ae42aea89e4,2361.7458
24938987,0x000000000004444c5dc75cb358380d2e3de08a90,0x0000000aa232009084bd71a5797d089aa4edfad4,0xaca8712882bf21ad99cd8fc9209c15b9fd1024ddae2926835bd14ec3708a70f7,1762.8071720208505513028314609721650590666722051488
24938987,0x0000000aa232009084bd71a5797d089aa4edfad4,0x73d53553ee552c1f2a9722e6407d43e41e19593f,0xaca8712882bf21ad99cd8fc9209c15b9fd1024ddae2926835bd14ec3708a70f7,2359.4453085220737993768581125540757903195871022536
24938987,0x8ad599c3a0ff1de082011efddc58f1908eb6e6d8,0xeff6cb8b614999d130e537751ee99724d01aa167,0x196dd3b64b1a5aae34fa85c7a856802cd0d27e7177e719e2630f524f74a9c336,2359.5978229792154995191033374382428303365164639683
24938987,0xe0554a476a092703abdb3ef35c80e0d76d32939f,0xeff6cb8b614999d130e537751ee99724d01aa167,0xe33022528dcbb8b90b210948c46f38ef7b0e55e2a60c58ecf9672b9616faa902,2359.8767211448193269564512744143334710231280018081
24938987,0xb4e16d0168e52d35cacd2c6185b44281ec28c9dc,0xeff6cb8b614999d130e537751ee99724d01aa167,0x35f4eab52653c8056a8df9755572c4f7741c19e3759523cb731a8cea3aceb57d,2360.0120802011267690446831864394647227634110713316
24938987,0x763d3b7296e7c9718ad5b058ac2692a19e5b3638,0xeff6cb8b614999d130e537751ee99724d01aa167,0xa47fbfb1e038d4556cd852f1662d277b67528b1d13a275175e014b0d63c7c398,2359.790085707653158626503861717748313061041776022
24938987,0x88e6a0c2ddd26feeb64f039a2c41296fcb3f5640,0x51c72848c68a965f66fa7a88855f9f7784502a7f,0xade3aca9b8ff87030ab83f760609fa195f800336b40d4633d4df6325240d7b4f,2359.4113697807966166606241339967466475169931709963
24938987,0x7f86bf177dd4f3494b841a37e810a34dd56c829b,0xeff6cb8b614999d130e537751ee99724d01aa167,0xdb29fa8af3645d3b14499181bae46634588f29be8aaaef5b00b61d320d983e23,2360.0809350552109119019732783841237447735047782679
24938987,0x7f54f05635d15cde17a49502fedb9d1803a3be8a,0x1445f32d1a74872ba41f3d8cf4022e9996120b31,0xfbbbbdac93987052485e6a36edd6dc2ae69bbb89d145b32316598c202c383ff4,2363.3323461454747860158972290000123645165507781688
24938987,0x1445f32d1a74872ba41f3d8cf4022e9996120b31,0xeff6cb8b614999d130e537751ee99724d01aa167,0x518e7f63ca35a34b3a4b790f330f6f81c387c19efb930c736544999c5717ba5b,2361.4647006634053148696209337296388239934546534075
24938987,0x629595780354b2f35d577e8cb83098a936d71444,0xe0554a476a092703abdb3ef35c80e0d76d32939f,0x958275ca45f00f5bae2c400ff32fe2de48811b6b9e256f3333e36fc06566177c,2359.6402535175749541061907417061479137505365089391
24938987,0x7f86bf177dd4f3494b841a37e810a34dd56c829b,0x629595780354b2f35d577e8cb83098a936d71444,0x958275ca45f00f5bae2c400ff32fe2de48811b6b9e256f3333e36fc06566177c,2358.769908316030621754456386955182329937147090906
24938987,0x629595780354b2f35d577e8cb83098a936d71444,0x88e6a0c2ddd26feeb64f039a2c41296fcb3f5640,0x958275ca45f00f5bae2c400ff32fe2de48811b6b9e256f3333e36fc06566177c,2359.9195876985575577760985383718032814625998926841
24938988,0x5e1f62dac767b0491e3ce72469c217365d5b48cc,0x1d27ad3613e84e201bc87929590f95e75454cdc0,0x9378818683d8d3bc71358db007a416051154b6098832ea37fcf3fde898a4f055,2362.0229739690434746968074241561818985523083115777
24938988,0x1d27ad3613e84e201bc87929590f95e75454cdc0,0xe3d41d19564922c9952f692c5dd0563030f5f2ef,0x9378818683d8d3bc71358db007a416051154b6098832ea37fcf3fde898a4f055,2362.0229739690434746968074241561818985523083115777
24938988,0xe0554a476a092703abdb3ef35c80e0d76d32939f,0x51c72848c68a965f66fa7a88855f9f7784502a7f,0x3f0e2fcc58802ca6d0753f155e8f09740eb33374e83fa60602a3629c461fc12a,2358.2472589664329177924589489820739657480342892878
24938988,0x8ad599c3a0ff1de082011efddc58f1908eb6e6d8,0x51c72848c68a965f66fa7a88855f9f7784502a7f,0xa5485fc09fc6e59cf74c195e0dde9b2b6c98aa89ffa20fb2cce752fbe45c2ab5,2357.3402282720330642732780534624167209054932560175
24938988,0x50d3865a63d52c0a54e4679949647ea752107390,0x88e6a0c2ddd26feeb64f039a2c41296fcb3f5640,0xe5f4b7e88a350ec127e439e4985d1e68999d8425b794af1ad496c460dc71126b,2360.1176089249562187655720378000590537991435335003
24938988,0x88e6a0c2ddd26feeb64f039a2c41296fcb3f5640,0x51c72848c68a965f66fa7a88855f9f7784502a7f,0x6fba68d36cafcd6ff1f18d47223ead3efcefab25c04eb4e226330b1b1d42882b,2357.2973872268079647488087256513690567525696844776
24938988,0x2d67aaf794e7d03cf7c8496e84edf6613d8c3eb0,0x88e6a0c2ddd26feeb64f039a2c41296fcb3f5640,0x238a18a22a7609e7f93781e03e8be3cf5f3c30d3d994e4e59a2ac2045392c93e,2359.0958879271952443598868858991710018242775756152
24938988,0x66a9893cc07d91d95644aedd05d03f95e1dba8af,0xe0554a476a092703abdb3ef35c80e0d76d32939f,0x2e63c6d49bcfdf36d038ee2f7c36853725df143f546e684a61c4e42b81e46a8d,2357.092309082300396755973200436344116286397586159
24938988,0x66a9893cc07d91d95644aedd05d03f95e1dba8af,0x88e6a0c2ddd26feeb64f039a2c41296fcb3f5640,0x2e63c6d49bcfdf36d038ee2f7c36853725df143f546e684a61c4e42b81e46a8d,2359.1094269012414807362031401447049476397012544772
24938988,0xd226997439ecfbeff8e110c8c78c8a7eefd19f89,0x88e6a0c2ddd26feeb64f039a2c41296fcb3f5640,0x808d20b81e64dc0506ed9681991d5726da14f38c8a7465af87cee1f61b9cc729,974.07255918285455249049649504342362440897277279264
24938988,0xd226997439ecfbeff8e110c8c78c8a7eefd19f89,0xe0554a476a092703abdb3ef35c80e0d76d32939f,0x808d20b81e64dc0506ed9681991d5726da14f38c8a7465af87cee1f61b9cc729,2357.3479590773046107262828008415334467819896483365
24938988,0x9008d19f58aabd9ed0d60971565aa8510560ab41,0x67336cec42645f55059eff241cb02ea5cc52ff86,0x8c5260121233349796839161c71480c2864adf09b88ddbef88ec230ad1a6080f,2363.2924312968743442232895178536761308623808322795
24938988,0xb4e16d0168e52d35cacd2c6185b44281ec28c9dc,0x51c72848c68a965f66fa7a88855f9f7784502a7f,0x54d5860dc0a6d784413a3644aea8d96440326756b6cc0a5254495eebe2e4a7ad,2357.543803298419355954788415004633448176645745359
24938988,0x7f86bf177dd4f3494b841a37e810a34dd56c829b,0x51c72848c68a965f66fa7a88855f9f7784502a7f,0x0dede4fd7f022307643e0cd955796b7bab9603162c748323ef50f140d4a9c71d,2357.5456237141803928624447868413292028352995069589
24938988,0x7bea39867e4169dbe237d55c8242a8f2fcdcc387,0x51c72848c68a965f66fa7a88855f9f7784502a7f,0xbca2916d0151256fd897edc2e3735b0ca73acaa2971ee88a2a5d21979d71598d,2359.0792303423092037261398330256614278566799200564
24938988,0x3aa370aacf4cb08c7e1e7aa8e8ff9418d73c7e0f,0xeff6cb8b614999d130e537751ee99724d01aa167,0xf3136556fb38c7e365e72a41babd088305ab9da7e5e2a2b0d1ad6dc42b288adc,2360.5404787824785448763588591977256662755523964407
24938988,0x7f54f05635d15cde17a49502fedb9d1803a3be8a,0x9ba0cf1588e1dfa905ec948f7fe5104dd40eda31,0x2e0810f1c950f16675b5b045dcd4a62af475e5c51e6fb685ad2ba579040dfa5c,2357.9148134872743519878662985322647219601681793816
24938988,0x0000000000efa780a8e6f50fc5de9c1497bfd175,0x88e6a0c2ddd26feeb64f039a2c41296fcb3f5640,0x134ed98e268635ebeeb90276f8561a29090dfae0060ea12f86c3a87cd6d651a1,2359.2107077020802765986577655859723752336963185285
24938988,0x646240365c8c11832de4de8c5ee6e4af9180b6ca,0x88e6a0c2ddd26feeb64f039a2c41296fcb3f5640,0xf561abaa30ad497c53230b9077bff791640767caafa3ec388f9c7d776c371cbc,2359.2229572733254934505289086829512124974708007173
24938989,0x000000000004444c5dc75cb358380d2e3de08a90,0x0000000aa232009084bd71a5797d089aa4edfad4,0x8d71d54c6807ad632c31adb7c3b54ed2f47c60461110ee21e42b69d7b4610a04,528.21952132964266063654806170874805850116134650471
24938989,0x0000000aa232009084bd71a5797d089aa4edfad4,0x73d53553ee552c1f2a9722e6407d43e41e19593f,0x8d71d54c6807ad632c31adb7c3b54ed2f47c60461110ee21e42b69d7b4610a04,528.12666100979778459055085646032856571490564533008
24938989,0x88e6a0c2ddd26feeb64f039a2c41296fcb3f5640,0x51c72848c68a965f66fa7a88855f9f7784502a7f,0xfd32080b694d20ed61f0088621a19edd68734c4b413eecdf40e9c0e261eed281,2356.0065618370897997879179994862456884417567634059
24938989,0x8ad599c3a0ff1de082011efddc58f1908eb6e6d8,0x51c72848c68a965f66fa7a88855f9f7784502a7f,0xc071ae0fe4283ce84fd41a86badb415b5ed8b78e31087660732f56f5c0964762,2355.8530594628869228587988546652576790655526636154
24938989,0xe0554a476a092703abdb3ef35c80e0d76d32939f,0x51c72848c68a965f66fa7a88855f9f7784502a7f,0xcb8fa802b11aada86540620a02d973c754a91d0392fca0c7f1812cf13d13bbdd,2356.0531091904431883203704373214024473204961112856
24938989,0x763d3b7296e7c9718ad5b058ac2692a19e5b3638,0x51c72848c68a965f66fa7a88855f9f7784502a7f,0x689b3a6a66f9cff4cd1d9d068b1207fa38f5e36413ee8ef17a8c9a593ad6c70b,2356.5192112560951641311805974625749421299271991254
24938989,0xb4e16d0168e52d35cacd2c6185b44281ec28c9dc,0x51c72848c68a965f66fa7a88855f9f7784502a7f,0x50f487e2aa0b9ca951c265c61bf3f9fabbd8360365509b7c720a0b7c1634519c,2355.9504711678972381345534238868814829765536442191
24938989,0x1445f32d1a74872ba41f3d8cf4022e9996120b31,0x51c72848c68a965f66fa7a88855f9f7784502a7f,0x80a7251a39193ea390e720a4b2fdfde784cd1b507e586ee081b1835c524d5d63,2357.0445216186269901239276347023488346815924561891
24938989,0x634826fb67d4eb9633f0011fae8e23cf99acd6f0,0xe0554a476a092703abdb3ef35c80e0d76d32939f,0xade49941643102d3ebc3974beaa996b059dfe2dceaab8e5e34a8289577253730,2356.0352179240520392400907296888094133521657695974
24938989,0xe2cd94c812aed174b2e09750ff146f45d845d668,0x634826fb67d4eb9633f0011fae8e23cf99acd6f0,0xade49941643102d3ebc3974beaa996b059dfe2dceaab8e5e34a8289577253730,2359.8288747898584527573839718057834189155811633251
24938989,0x7f54f05635d15cde17a49502fedb9d1803a3be8a,0xe0554a476a092703abdb3ef35c80e0d76d32939f,0x3d817478d77b873930d2026878a5607b4e89a68c5bbd15741250b6c779595da3,2356.754290739944231663062009823346767557815063247
24938989,0x9008d19f58aabd9ed0d60971565aa8510560ab41,0x88e6a0c2ddd26feeb64f039a2c41296fcb3f5640,0x6d018f46185dfa87313aedd3592b0b5486ce6995a8af7a2846d8f10f0837ac00,2357.5175847631377605314630932084970172705835421706
24938989,0xe0554a476a092703abdb3ef35c80e0d76d32939f,0x01989c93890aed05a63d179b03424997075b6acf,0xf519123c538ff707fe57c92ee5989c4df92113e96c11498d1c756848ca3acc79,2356.5040477211693462421310342325236798061931318569
24938989,0x000000000004444c5dc75cb358380d2e3de08a90,0x9bdc652ba1adb8b3a06743a5af5d8416ac5a3d18,0xfa4d1f0ef3782578d817903c4490c37ab5336ba040f8f4348b11ca590d85c146,2356.4254123989255825288962974554805370777685255089
24938989,0x9bdc652ba1adb8b3a06743a5af5d8416ac5a3d18,0xe0554a476a092703abdb3ef35c80e0d76d32939f,0xfa4d1f0ef3782578d817903c4490c37ab5336ba040f8f4348b11ca590d85c146,2356.4254123989255825288962974554805370777685255089
24938989,0x646240365c8c11832de4de8c5ee6e4af9180b6ca,0xe0554a476a092703abdb3ef35c80e0d76d32939f,0x2eaf42e9576809fd5eae8232fa79a5927b53ff23103d3c0aa32d953e0d57d278,2356.7207780200657815228989201271340419560432616515
24938989,0x646240365c8c11832de4de8c5ee6e4af9180b6ca,0xe0554a476a092703abdb3ef35c80e0d76d32939f,0xda9ad7e0d53010b64a1a98775d6a3baf00ba86c059b90c47d1a732229bd9d535,2356.7528078160861902834353972808557306465131191877
24938989,0x95324830563c01f740eb2ac6f7cc11e4ec798dfd,0xe0554a476a092703abdb3ef35c80e0d76d32939f,0x41815134cc4ddd80d196da143d97ff15416b0457d4727542e86970e87e1d8c28,2356.9243757047248189328724659060300203546418056109
24938989,0x646240365c8c11832de4de8c5ee6e4af9180b6ca,0xe0554a476a092703abdb3ef35c80e0d76d32939f,0x05f1242974a947734c260b9052c8d398668fb8ff95140f8f4b2f799a359c731f,2356.9909234422136960686202633982058225911657722386
24938989,0x2c0552e5dcb79b064fd23e358a86810bc5994244,0x88e6a0c2ddd26feeb64f039a2c41296fcb3f5640,0x877ab17b9f33a59e4a5294378d5215343e72c51278d067c06aa4c619d9ed7b48,2357.535054599400020746677623535232175673432858513
24938989,0x43403583e889ada1c951a94e9996af3a5ccf7b46,0xe3d41d19564922c9952f692c5dd0563030f5f2ef,0xea8885f10cf72b224816a826b72e6bc2bfe776a839d5e2c320c42de547d7fb99,2358.1989445785774001698293044819609116789719987892
24938989,0x000000000004444c5dc75cb358380d2e3de08a90,0x66a9893cc07d91d95644aedd05d03f95e1dba8af,0x884861c3bdab88f03fe50cf51dcfc66ca706d975292547e81335dc37e1ef02e2,2362.4129060832179427045409769628191782691394074466
24938989,0x397ff1542f962076d0bfe58ea045ffa2d347aca0,0xbdb3ba9ffe392549e1f8658dd2630c141fdf47b6,0x1a4fd0ee6f02910508bab5c70df3055d5a5e3df57428a0056ba58a3255eb84cd,2358.4252801678737356620868422596169314324789676093
24938989,0x1ac1a8feaaea1900c4166deeed0c11cc10669d36,0x01989c93890aed05a63d179b03424997075b6acf,0xfd9e0a280700d32fc6e599224af07c615d933abd56416835a48741d1300ce38b,2358.0713770906833866922939776332543967705717305127
24938989,0xe0554a476a092703abdb3ef35c80e0d76d32939f,0x15893515f06036b37775cef10477fb4b85be3ee6,0x1209686630d9b8ac7af37d114bc351550a841a9464263c86642cf0de7dc70218,2355.8242463883756079066921795430945906714896121905
24938990,0x000000000004444c5dc75cb358380d2e3de08a90,0x0000000aa232009084bd71a5797d089aa4edfad4,0x9a5ca78b2d002408edf68e6e5b1405914ad289adc0188757a3f0c0da2e41ae83,1469.7998022225620583433142339765133189581621260924
24938990,0x0000000aa232009084bd71a5797d089aa4edfad4,0x73d53553ee552c1f2a9722e6407d43e41e19593f,0x9a5ca78b2d002408edf68e6e5b1405914ad289adc0188757a3f0c0da2e41ae83,2355.7102958489217668919421809468825795222377196213
24938990,0x88e6a0c2ddd26feeb64f039a2c41296fcb3f5640,0x51c72848c68a965f66fa7a88855f9f7784502a7f,0x2aafadeda108500d390d2632d65b937fa8c8fe7576303713073a5b6b9ba2acd3,2355.0390066430926479097450620650103928754786624436
24938990,0xa7a2097ce4bebe471008adf0241b64f50f930405,0xe0554a476a092703abdb3ef35c80e0d76d32939f,0x6903f3f0ba59a26a4b2869b960dee1bd43823e47eada3e82b3f18d97fc716e6e,2356.0508241547395020157498481597622601782215897081
24938990,0x8cbc94da105d989830eb7135f6f2be9940fb57a2,0xe0554a476a092703abdb3ef35c80e0d76d32939f,0x3e826405fe84fcd1de464dde0bc26a34bdbb75f9d050efd7e3fef0ceadc93b72,2356.1382754106175894422775224772206010012921862377
24938990,0xe0554a476a092703abdb3ef35c80e0d76d32939f,0xbdb3ba9ffe392549e1f8658dd2630c141fdf47b6,0x4122b3bd7df61862f8d6ae885b0b0e1d164946b4ab3b1667dde8bc10ea5002a6,2355.2533423382699243419854949700158566879964637012
24938990,0xfcc92310a0587f5af26d99331b334cc5345469c2,0xe0554a476a092703abdb3ef35c80e0d76d32939f,0xfffa61770a0c518a8ce9d67a23d16dd89c61b71bfcfa69705b721119eef51049,2355.4779843508879692911688284872610412860491639369
24938990,0x0000000000007a8d56014359bf3e98f18b7773f9,0x1445f32d1a74872ba41f3d8cf4022e9996120b31,0x76e3794587ccc8686abe9669567e44a93f0de7baf7c11bac31871d1da40b69ef,2356.5226892517941349413266184698181871449148592714
24938990,0x1445f32d1a74872ba41f3d8cf4022e9996120b31,0xbdb3ba9ffe392549e1f8658dd2630c141fdf47b6,0x3fb6c4412f8f26a286b9df4cc90740997a4d596a2260a8599152b69efec0eb8f,2355.9386665761829021791648584990406036179596827564
24938990,0x06cff7088619c7178f5e14f0b119458d08d2f5ef,0xe0554a476a092703abdb3ef35c80e0d76d32939f,0xf30636aa75369555cfcdae4a596b433c483c62fda4e13fc6337b3850073f9b02,2355.7678692623382347423496465720995855162575987524
24938990,0x50d3865a63d52c0a54e4679949647ea752107390,0xe0554a476a092703abdb3ef35c80e0d76d32939f,0x00cc10c22ee635136f8d4a46ff2eedf327f2ec23f9d2df8545088913e9f6a3f5,2356.4591070782311897535176900710419590884453794306
24938990,0xe0554a476a092703abdb3ef35c80e0d76d32939f,0x51c72848c68a965f66fa7a88855f9f7784502a7f,0x9eb467c70ce0f7bbc1fc84f15480558c8a21348ae272e878144c187d406f0c7d,2356.2903851757662641878385431695155751882954379304
24938990,0xe2cd94c812aed174b2e09750ff146f45d845d668,0xd3a7d065102c40d217093a502e8a6edda68797e6,0x9887fa0821475efa2331571be74f220817fd94d25a9dcb60f328908b277438ec,2356.3910095827067311076487817015841911242286949706
24938990,0xd3a7d065102c40d217093a502e8a6edda68797e6,0xbdb3ba9ffe392549e1f8658dd2630c141fdf47b6,0x9887fa0821475efa2331571be74f220817fd94d25a9dcb60f328908b277438ec,2356.3910095827067311076487817015841911242286949706
24938991,0x000000000004444c5dc75cb358380d2e3de08a90,0x0000000aa232009084bd71a5797d089aa4edfad4,0x382b24990473686ad9d53035b5146bdfff15cc5667dc47487af78c0a5d7a4160,1378.857097647268211572027135258422360361131688191
24938991,0x0000000aa232009084bd71a5797d089aa4edfad4,0x73d53553ee552c1f2a9722e6407d43e41e19593f,0x382b24990473686ad9d53035b5146bdfff15cc5667dc47487af78c0a5d7a4160,2354.8515678348542893487816970302231283609025080146
24938991,0xe0554a476a092703abdb3ef35c80e0d76d32939f,0xbdb3ba9ffe392549e1f8658dd2630c141fdf47b6,0xfabc87f788966b03a6237f724a17ba197cdb1d118c035e49ce7feda58a75ffb5,2355.1061452872946396169803494596360391458712452122
24938991,0x7a1ad838311c133a47dbdb2001783b1fa76758a7,0xbdb3ba9ffe392549e1f8658dd2630c141fdf47b6,0xfabc87f788966b03a6237f724a17ba197cdb1d118c035e49ce7feda58a75ffb5,2354.6952352467337827658187530827587898370062873591
24938991,0x88e6a0c2ddd26feeb64f039a2c41296fcb3f5640,0xbdb3ba9ffe392549e1f8658dd2630c141fdf47b6,0xfabc87f788966b03a6237f724a17ba197cdb1d118c035e49ce7feda58a75ffb5,2354.5655409429446855563949729007438585234649628731
24938991,0xe11853a426c36c8fbeb9e83160c9ab2876f6c291,0xbdb3ba9ffe392549e1f8658dd2630c141fdf47b6,0xfabc87f788966b03a6237f724a17ba197cdb1d118c035e49ce7feda58a75ffb5,2355.3053374353396011037992153397970786161389617935
24938991,0x7f86bf177dd4f3494b841a37e810a34dd56c829b,0xe11853a426c36c8fbeb9e83160c9ab2876f6c291,0xfabc87f788966b03a6237f724a17ba197cdb1d118c035e49ce7feda58a75ffb5,2355.3053374353396011037992153397970786161389617935
24938991,0x8ad599c3a0ff1de082011efddc58f1908eb6e6d8,0xbdb3ba9ffe392549e1f8658dd2630c141fdf47b6,0xfabc87f788966b03a6237f724a17ba197cdb1d118c035e49ce7feda58a75ffb5,2354.8129246142362489877883035964930032763341017891
24938991,0xb4e16d0168e52d35cacd2c6185b44281ec28c9dc,0xbdb3ba9ffe392549e1f8658dd2630c141fdf47b6,0xfabc87f788966b03a6237f724a17ba197cdb1d118c035e49ce7feda58a75ffb5,2354.6906219324240574841916025055878293296922547358
24938991,0x8cfdb276645244d3b4707ad6a47c99b54dc444c7,0xbdb3ba9ffe392549e1f8658dd2630c141fdf47b6,0xfabc87f788966b03a6237f724a17ba197cdb1d118c035e49ce7feda58a75ffb5,2354.8054946191686130873597847637436233666595079327
24938991,0xa92fc7017bdf85bc4e26b37456d018d8b8b1911b,0xbdb3ba9ffe392549e1f8658dd2630c141fdf47b6,0xfabc87f788966b03a6237f724a17ba197cdb1d118c035e49ce7feda58a75ffb5,2354.6942409203082001177329396496009571864757061715
24938991,0x7bea39867e4169dbe237d55c8242a8f2fcdcc387,0xbdb3ba9ffe392549e1f8658dd2630c141fdf47b6,0xfabc87f788966b03a6237f724a17ba197cdb1d118c035e49ce7feda58a75ffb5,2355.3710291646920989580837135720519268516935088639
24938991,0x634826fb67d4eb9633f0011fae8e23cf99acd6f0,0x88e6a0c2ddd26feeb64f039a2c41296fcb3f5640,0x7d7d48eb90868c80a17af696e9d6e98ee5ddf8c7db0fa164aa36774914f53805,2357.1888931947347295180154833114519099193129396419
24938991,0x634826fb67d4eb9633f0011fae8e23cf99acd6f0,0xe0554a476a092703abdb3ef35c80e0d76d32939f,0x7d7d48eb90868c80a17af696e9d6e98ee5ddf8c7db0fa164aa36774914f53805,2355.7174678865602101650506415047118012430863011906
24938991,0x88e6a0c2ddd26feeb64f039a2c41296fcb3f5640,0x51c72848c68a965f66fa7a88855f9f7784502a7f,0x2bd93b444697e584ebeaf4bbd9cada5cfe9022f43767143eee933b982d5b7610,2355.0308642737735732595653338293023993487069503977
24938991,0x8f10b468b06c6fd214b65f87778827f7d113f996,0x76d7c24374aef4a36ee9a3a8c49339ccc84d0743,0x994ecc8609f359bc26ef95b9a400cc3021b0c6cac4c8d5ec9b1c1cf98ff725f1,2353.9693769566759615141720872458750944196602486077
24938991,0xe0554a476a092703abdb3ef35c80e0d76d32939f,0x98c3d3183c4b8a650614ad179a1a98be0a8d6b8e,0xb0899f1332bc203d690054d5c34f7110598b35a4b57147a3904c2d6bf11b2328,2355.2482091879250044398075618502648700308699090088
24938991,0x1d27ad3613e84e201bc87929590f95e75454cdc0,0xe3d41d19564922c9952f692c5dd0563030f5f2ef,0x8ed15c9dbb8858af6f3891b66f93e10be6beeeffd9c95b89515d34cc917df1e7,2355.8623543260379987687361193776940247898575020375
24938991,0x1445f32d1a74872ba41f3d8cf4022e9996120b31,0xaf6d057f77284e4c2d84b903a8ec06db49e2c15e,0xf7d74801f25864af4f28886da367023b98180bb7ea5aee71aa27d81510149cfb,2358.1607022004209364876032667184982892056982476083
24938991,0xaf6d057f77284e4c2d84b903a8ec06db49e2c15e,0xe0554a476a092703abdb3ef35c80e0d76d32939f,0xf7d74801f25864af4f28886da367023b98180bb7ea5aee71aa27d81510149cfb,2354.8566286622453279226887751292082017210814789589
24938991,0xe3d02206d81bb49e9ebbcf1eefde922eb0edf198,0xe0554a476a092703abdb3ef35c80e0d76d32939f,0x4540bffcaf895ac0a1a60677a5ec79cb4178aa189208dd97aa7e7fd9644bc1aa,2355.8876041850340176580618386361669139602403676132
24938991,0x42e213a3ad048e899b89ea8cb11d21bc97b84748,0x000000000004444c5dc75cb358380d2e3de08a90,0x9659a798c0822db30a1aeafa552402efa5eec39c4809dbedb18d00d74ed1d1bd,2355.0893641901975180320963235515672200298514593689
24938991,0xe0554a476a092703abdb3ef35c80e0d76d32939f,0xeff6cb8b614999d130e537751ee99724d01aa167,0x558505231d044bad4ab708db8be5b877d464924dee7beb430999a94a3270415d,2355.7978489671311842804127562086265640372630820791
24938991,0xe0554a476a092703abdb3ef35c80e0d76d32939f,0xeff6cb8b614999d130e537751ee99724d01aa167,0x8da62dbe6581f9f3977858a35a566a241bb92229d30cd439510524b6816cf2af,2354.8616706711825796207100965852241690579016881998
24938991,0x7f54f05635d15cde17a49502fedb9d1803a3be8a,0x9ba0cf1588e1dfa905ec948f7fe5104dd40eda31,0x4e5c6a6d4749960c3ca8934681b4f22c3b499f6bf4358b0597ea6c5c573631ce,2355.8748814340886235949238406262100254704437291878
24938991,0x000000000004444c5dc75cb358380d2e3de08a90,0x66a9893cc07d91d95644aedd05d03f95e1dba8af,0x96ed1da70da37ed64a269bd97a4446a42854759d39b86a546b0f70008efad808,2354.407125
24938991,0x9008d19f58aabd9ed0d60971565aa8510560ab41,0xe0554a476a092703abdb3ef35c80e0d76d32939f,0xda09167a2d06de3408216c45e68419f04fa6977019196baf5c2cdb3cec0d1fba,2355.0069595193765236406262083093460371522506043808
24938992,0x000000000004444c5dc75cb358380d2e3de08a90,0x0000000aa232009084bd71a5797d089aa4edfad4,0x89f4097cf47f947cc114d8774995e5bc932215d58e0eb8996a04a19cb934b73f,527.26820953789079872120920060661012422986465698694
24938992,0x0000000aa232009084bd71a5797d089aa4edfad4,0x73d53553ee552c1f2a9722e6407d43e41e19593f,0x89f4097cf47f947cc114d8774995e5bc932215d58e0eb8996a04a19cb934b73f,527.19954180538821329814767201671786403794083722264
24938992,0x88e6a0c2ddd26feeb64f039a2c41296fcb3f5640,0x51c72848c68a965f66fa7a88855f9f7784502a7f,0x274b4ced69397a020dfb404c178a8b19427c3c17cb6f1cd18e8ca4ed064a15dd,2353.504482011680846056796352468989149956447086297
24938992,0x8ad599c3a0ff1de082011efddc58f1908eb6e6d8,0x51c72848c68a965f66fa7a88855f9f7784502a7f,0xc8cc41f3f3e59c56c335ecca44f86c3732c17c6400b6de34144dd09fba79a45e,2353.4025407034414782242646381783376417393602868654
24938992,0xe0554a476a092703abdb3ef35c80e0d76d32939f,0x51c72848c68a965f66fa7a88855f9f7784502a7f,0x70521750f21017ad0e98561b64c65c84697fcb5629c357e6f015a5d81acdfc3f,2353.5154994567653105670450214263001264726413508067
24938992,0xb4e16d0168e52d35cacd2c6185b44281ec28c9dc,0x51c72848c68a965f66fa7a88855f9f7784502a7f,0x057d55dc5bf90d794ebe9892930d6dc9d29206e467d20f9c3c401e998362f161,2353.2795455391491796078771550005033541507662404969
24938992,0x763d3b7296e7c9718ad5b058ac2692a19e5b3638,0x51c72848c68a965f66fa7a88855f9f7784502a7f,0xae01417861b76f8252ccf98b26e9156be44065cda6ce888017717343631a6fbf,2353.780509802492931141161339648457371581411131017
24938992,0x1445f32d1a74872ba41f3d8cf4022e9996120b31,0x51c72848c68a965f66fa7a88855f9f7784502a7f,0x2b1588ef7ec21a6219bd9d4b92ebf5ac1a7a425dac9424fa410b521588b90de8,2353.6945950360249454492734434620185250334167873588
24938992,0x50d3865a63d52c0a54e4679949647ea752107390,0xe0554a476a092703abdb3ef35c80e0d76d32939f,0xf6cbc4efb781b64e66f730896fadc8af23692646f99acf0031ed0afbe6f749e9,2353.633767290791067423111789539960052836950898778
24938992,0x634826fb67d4eb9633f0011fae8e23cf99acd6f0,0xe0554a476a092703abdb3ef35c80e0d76d32939f,0xcea6297c789341ecdf7c94a9112cba57331aaf6380419277b33efedc7dd4d4c9,2355.0636252865351762705571498943758723881242488101
24938992,0x634826fb67d4eb9633f0011fae8e23cf99acd6f0,0xe0554a476a092703abdb3ef35c80e0d76d32939f,0xd4cc55761392d4cc7a9b4a5d84335167fcae970f6fc4fa50c76767d7432a94a4,2356.0841328231036543203917031216449812064536240135
24938992,0xe0554a476a092703abdb3ef35c80e0d76d32939f,0x8e1e19fd5440048292242c942bed7d1bc8857fad,0xc8df098ae5bcff0b40656ac0358f316f042ee6e04c864ac540db8e43f238698a,2355.4777403130353710989782384930257122438178827087
24938992,0xf7d69a83eee3254e346ad0c8054a49eb467cdbbe,0x88e6a0c2ddd26feeb64f039a2c41296fcb3f5640,0x01f49e37950d3c799badc9bf294c7d6a81c541a0555e38ea0e850ba8b9660e05,2354.8997241932011158519076786273885025127232194216
24938992,0x88e6a0c2ddd26feeb64f039a2c41296fcb3f5640,0xef6fc636a63859e08ad3479fe456262eed2e5042,0x8bea673a80ad5c24aebd08ecf2bca67c4bbaa3e099961d32e421c9477ff2fe17,2352.9800718273481225543782947919056333289324835119
24938992,0x1d27ad3613e84e201bc87929590f95e75454cdc0,0xe3d41d19564922c9952f692c5dd0563030f5f2ef,0x12c7937af052d0c11523d21cb649050f3d38dde70a570f19cd907ae67988c923,2354.3255757573660713795160829169728717781098340985
24938992,0x000000000004444c5dc75cb358380d2e3de08a90,0x66a9893cc07d91d95644aedd05d03f95e1dba8af,0xa9956ff44d6b6a0802432a2b46ee50b7c3766d97698690bbde690cbe456650d1,2357.728
24938992,0x2e8135be71230c6b1b4045696d41c09db0414226,0x7f54f05635d15cde17a49502fedb9d1803a3be8a,0xb6388f32005a6b7ac78271c4fbbeed437a9e3a7443b4fab7cc84a7024a1b85ca,2358.8549168420694570111564581847665264154397074858
24938992,0xe0554a476a092703abdb3ef35c80e0d76d32939f,0xbdb3ba9ffe392549e1f8658dd2630c141fdf47b6,0x6cb11868a4fd7efe9119890d1779f97f6716b781cc8afbad43607d1ac9477eee,2353.7733736758033272651223484001448579040652096026
24938993,0x1ac1a8feaaea1900c4166deeed0c11cc10669d36,0x01989c93890aed05a63d179b03424997075b6acf,0x62bf7967ffe583c2081d7ecae0384550a1cd33588fe062f7dd2a265fc9582330,2352.2278310343273068633715650945101718528845703372
24938993,0x88e6a0c2ddd26feeb64f039a2c41296fcb3f5640,0x01989c93890aed05a63d179b03424997075b6acf,0xcce935fd5bd9fee158891764830eae8ec6d09e896a9ae1768d7762d66904cba3,2350.6186612488135694783449516259604204657329572678
24938993,0x8ad599c3a0ff1de082011efddc58f1908eb6e6d8,0x01989c93890aed05a63d179b03424997075b6acf,0x73e54ca1ed63970c6d1659f7ca02dafc222ea8606a0eb82d755af9a608b3af46,2350.2184177095792566010152576117708652455722552462
24938993,0xe0554a476a092703abdb3ef35c80e0d76d32939f,0x01989c93890aed05a63d179b03424997075b6acf,0x05763c5a4fa87a5dbd3be39c0ee15741635091e25e7ff5fd89cfb4d53f4b07ca,2350.4688734204036590064401529111976398781258878872
24938993,0x634826fb67d4eb9633f0011fae8e23cf99acd6f0,0xe0554a476a092703abdb3ef35c80e0d76d32939f,0xab87d8a38bf0607d71e04573d9459b5c8b447b4d0f748766325ca410154272ea,2350.4073853234032550766167035136488422310646217579
24938993,0xe0554a476a092703abdb3ef35c80e0d76d32939f,0x634826fb67d4eb9633f0011fae8e23cf99acd6f0,0xab87d8a38bf0607d71e04573d9459b5c8b447b4d0f748766325ca410154272ea,2350.9647513165851542380440383466293269880303326682
24938993,0xb4e16d0168e52d35cacd2c6185b44281ec28c9dc,0x51c72848c68a965f66fa7a88855f9f7784502a7f,0xe3885adc1b5c2ea598410862eebd4c2598ed1daf579d681d3983cf1cb5cff02a,2349.9231952029604772351268893016920967952962318766
24938993,0x7f86bf177dd4f3494b841a37e810a34dd56c829b,0x51c72848c68a965f66fa7a88855f9f7784502a7f,0xe014ca8a56a6b0e1ee052c2e5c413c6f09e520b00cad7422c66e171725093933,2350.8231396014744072202539233504948617754700437673
24938993,0xdf31b012c035ff60be20ded74cf82c20729907ee,0xe0554a476a092703abdb3ef35c80e0d76d32939f,0xc8159e69f773eae7b567e9af52d3e9b6e0976fe849682c36d5bf95dad036a211,2351.4904039616960588651951203234206535491453611993
24938993,0x763d3b7296e7c9718ad5b058ac2692a19e5b3638,0x51c72848c68a965f66fa7a88855f9f7784502a7f,0x09e09cf8658e07062463dc577c971d65cd7998236209d1d9c42f5ee65abe2593,2349.9845324665146538345490574754459921881351950347
24938993,0x7f54f05635d15cde17a49502fedb9d1803a3be8a,0xe0554a476a092703abdb3ef35c80e0d76d32939f,0x9e85555865c9dea5ad2b4efded2919028458c953544a09e53b6ede83bac7325f,2351.8658402102056465743451191702865645523585691553
24938993,0x7bea39867e4169dbe237d55c8242a8f2fcdcc387,0x5050e08626c499411b5d0e0b5af0e83d3fd82edf,0x568fd97319262be0af992859e1150d72f95162382e239755015b243fd5593ac2,2352.1857990131287168969209503831469122039269879891
24938993,0x1445f32d1a74872ba41f3d8cf4022e9996120b31,0x51c72848c68a965f66fa7a88855f9f7784502a7f,0xd32299e61a100d206b129198bab6331457016c81811d8d18c41120a2401ad466,2349.9685902633949319607490359356655062357555566783
24938993,0x8f10b468b06c6fd214b65f87778827f7d113f996,0xe0554a476a092703abdb3ef35c80e0d76d32939f,0x398fa3196935ed40bd0877e3a08adc4af05040727854a5d62a0b1a811140b311,2352.3414887780122833418144998651023404955625894075
24938993,0x000000000004444c5dc75cb358380d2e3de08a90,0x0000000aa232009084bd71a5797d089aa4edfad4,0xd0cf3cef6bd77116e43991eed945c7bd5cae298cb68345a59ad9c682f520f699,1176.5512896340536425250099999678171267678556155285
24938993,0xe2cd94c812aed174b2e09750ff146f45d845d668,0x278d858f05b94576c1e6f73285886876ff6ef8d2,0x8f6969c8a676458d54732f117548a8132c925591c3c15f8999953d2b7b69f36c,2354.7222662613834438565903730345619976900437943083
24938994,0x000000000004444c5dc75cb358380d2e3de08a90,0x0000000aa232009084bd71a5797d089aa4edfad4,0xce7752557bf1a1833694f7a211d687de183fc9042c65b46e176ffd8ba00b8540,1175.1826096888918973099298779967943366299408567639
24938994,0xe0554a476a092703abdb3ef35c80e0d76d32939f,0x51c72848c68a965f66fa7a88855f9f7784502a7f,0x8e2a0f3fb61cd75bb3040d806986fe8c15d10eb8b3bb424b3fde46e7d34490b6,2349.2670414368471026857650915788565228909453341537
24938994,0x88e6a0c2ddd26feeb64f039a2c41296fcb3f5640,0x51c72848c68a965f66fa7a88855f9f7784502a7f,0x16ecdba0c71fd9a92125cbe20bf911ecdca8eb6c11afaf6b895e8ac9d4aa69f8,2347.2365719640065113323739931192748399392926768647
24938994,0x8ad599c3a0ff1de082011efddc58f1908eb6e6d8,0x51c72848c68a965f66fa7a88855f9f7784502a7f,0x9edce0fcd5d346d4ef5ac97a7a48af804e9e366bc5a4e5d1d8135a77c6a954d9,2347.1266656308920861262307096948737769582406830863
24938994,0xb4e16d0168e52d35cacd2c6185b44281ec28c9dc,0x51c72848c68a965f66fa7a88855f9f7784502a7f,0x2deb0415722ee73423023d68978fc20a3ab691cdbea90281ae7a3c0d7c3dd1b6,2346.829393151399756487466674487868789274514680018
24938994,0x763d3b7296e7c9718ad5b058ac2692a19e5b3638,0x51c72848c68a965f66fa7a88855f9f7784502a7f,0x9961a04a9ab7c869bd3f6052576c51607bf0f0de934a56a862f0389aa7450912,2346.8519114818070226033836261283863197650039077263
24938994,0x16c6521dff6bab339122a0fe25a9116693265353,0x634826fb67d4eb9633f0011fae8e23cf99acd6f0,0xd6d22dcf8edc44bdc136d0664833c0d410ed66abd362a4c9cf98656b708e8f2a,30020.776229501482996674598863670905237247116691855
24938994,0x634826fb67d4eb9633f0011fae8e23cf99acd6f0,0x88e6a0c2ddd26feeb64f039a2c41296fcb3f5640,0xd6d22dcf8edc44bdc136d0664833c0d410ed66abd362a4c9cf98656b708e8f2a,2349.0316569132567329460450871477747718055231099691
24938994,0xe0554a476a092703abdb3ef35c80e0d76d32939f,0x634826fb67d4eb9633f0011fae8e23cf99acd6f0,0xd6d22dcf8edc44bdc136d0664833c0d410ed66abd362a4c9cf98656b708e8f2a,2345.8160397142880167501713890373682667522124229351
24938994,0x634826fb67d4eb9633f0011fae8e23cf99acd6f0,0x1445f32d1a74872ba41f3d8cf4022e9996120b31,0xd6d22dcf8edc44bdc136d0664833c0d410ed66abd362a4c9cf98656b708e8f2a,2349.9018146054875239315378975644151840520535104658
24938994,0x86199f2cfa9ff7bddff8c629cb66e3ef6745abff,0x67336cec42645f55059eff241cb02ea5cc52ff86,0x99da82b9d19ed8ebe8ae8419937497969b533d009e4a5baf1bc150d17129182a,2347.9625242306399231778093706437225845032390270967
24938994,0x88e6a0c2ddd26feeb64f039a2c41296fcb3f5640,0xbdb3ba9ffe392549e1f8658dd2630c141fdf47b6,0xe130c9844329bcc0b587f6ec118e233823fb9326e12b69d57c72b0248309702f,2346.767320351641719111336520050025011640873529473
24938994,0x464246aa803e6c58c55e8563b57661a262e95596,0xb60d994ad55807cde18a228a513741c17bf0d5c8,0x9e89a982731206183a5c17f81f764a12cccef15f5844cce1de1f973b9ec73d27,2345.996386
24938994,0x7f54f05635d15cde17a49502fedb9d1803a3be8a,0x464246aa803e6c58c55e8563b57661a262e95596,0x9e89a982731206183a5c17f81f764a12cccef15f5844cce1de1f973b9ec73d27,2345.996386
24938994,0xb60d994ad55807cde18a228a513741c17bf0d5c8,0xe343524119112cd3e1f6140010f9b2917a03c0d0,0x9e89a982731206183a5c17f81f764a12cccef15f5844cce1de1f973b9ec73d27,2348.7034243888133565064242938727983560329363530296
24938994,0xe343524119112cd3e1f6140010f9b2917a03c0d0,0x88e6a0c2ddd26feeb64f039a2c41296fcb3f5640,0x9e89a982731206183a5c17f81f764a12cccef15f5844cce1de1f973b9ec73d27,2348.7034243888133565064242938727983560329363530296
24938994,0x06cff7088619c7178f5e14f0b119458d08d2f5ef,0x88e6a0c2ddd26feeb64f039a2c41296fcb3f5640,0xfad82f5b56ff4cfe454037b6ab324436aef7c85ae1699bc27e1d0c895b0f4ad5,2348.7731747583147547787189285143956106444374935463
24938994,0x7f54f05635d15cde17a49502fedb9d1803a3be8a,0x6047b384d58dc7f8f6fef85d75754e6928f06484,0x0fe28388f958aa2c27dccb1fcdbc895a872e3e54d474b63117f945d5d6642e29,2349.9786605904228207919769621900265968671816350517
24938994,0xdf31b012c035ff60be20ded74cf82c20729907ee,0xe0554a476a092703abdb3ef35c80e0d76d32939f,0xbf3abefd180942f85ac346b975f812939fc6b87a86ae7280482a9469a149c608,2942.8373652033808160681905924262099688442645683248
24938994,0xd92f4302a46d0138317fe90557f4e0a7d34913a3,0x88e6a0c2ddd26feeb64f039a2c41296fcb3f5640,0xbf3abefd180942f85ac346b975f812939fc6b87a86ae7280482a9469a149c608,2348.7825886090986010280521721100130303830673516625
24938994,0x07dc98f9714dc3bcb21dd1ee377253ddcdd10854,0xe0554a476a092703abdb3ef35c80e0d76d32939f,0x05415f34d575f4c6c2f2d67addd395cb7ca20594236106047ce87fa7294062ec,2348.7957328680151509383574228946566680355869344832
24938994,0x312b3fa1afc09363a5f3befe5b038e810247f28a,0x88e6a0c2ddd26feeb64f039a2c41296fcb3f5640,0x3a46820c7a10d6b5570cae6bf095b4aaf81a1e072509da5768d097f1e8ce32ad,2348.8149781217902673419988492697285244988209605098
24938994,0x06cff7088619c7178f5e14f0b119458d08d2f5ef,0x88e6a0c2ddd26feeb64f039a2c41296fcb3f5640,0x5dd753dbba974114becf4ca557473f1e039addfd1608fc1634f768f867edeafc,2348.8629851519275680651770522845074293172590810168
24938994,0x9008d19f58aabd9ed0d60971565aa8510560ab41,0x51c72848c68a965f66fa7a88855f9f7784502a7f,0xa3331c6b21832ed4002fd5b9aaa9b2ca732f3bd7dfd3524076487d2aa3245538,2348.5269804446091428822615138424833141019694815372
24938994,0x1445f32d1a74872ba41f3d8cf4022e9996120b31,0xbdb3ba9ffe392549e1f8658dd2630c141fdf47b6,0x86d5a7f2ccba3110d6ace4e0cdfb779eaf899aab610067f1b78f8a7a7472b14b,2349.5883485414678718604264445855656706815737787038
24938994,0x397ff1542f962076d0bfe58ea045ffa2d347aca0,0xbdb3ba9ffe392549e1f8658dd2630c141fdf47b6,0xaae781d3c34696ccefd4481b43c2decae5d27e084e3b253b49a1ff4d5a569678,2350.6095244085950007614860852398172185671269397642
24938994,0x646240365c8c11832de4de8c5ee6e4af9180b6ca,0x88e6a0c2ddd26feeb64f039a2c41296fcb3f5640,0x3405f8a7c718e3db81cbe46f1256a9d09962b0d6fbce677d30b97a0c4c039662,2348.9595297639087991237650154115843955406012816245
24938995,0x000000000004444c5dc75cb358380d2e3de08a90,0x0000000aa232009084bd71a5797d089aa4edfad4,0xc0ea562ac37e35ec2711b1edbed531f8607c0ea94d1483b543970bb727193649,2350.3604866669044119282682529218833802997920670526
24938995,0x50d3865a63d52c0a54e4679949647ea752107390,0x88e6a0c2ddd26feeb64f039a2c41296fcb3f5640,0x4c8f03f932d0890299751969dbb318b3952a2743da08aff58a4656ce6d691f0c,1133.6327391683385507504682104421680668459007303116
24938995,0x3aa370aacf4cb08c7e1e7aa8e8ff9418d73c7e0f,0xbdb3ba9ffe392549e1f8658dd2630c141fdf47b6,0x396e98140680c3fb4756692f8a89d41bf9b5fd8e18044da7db8c0cb9ce8a0f3a,2352.0583275488734780350688693063509329166608430322
24938995,0xe0554a476a092703abdb3ef35c80e0d76d32939f,0xbdb3ba9ffe392549e1f8658dd2630c141fdf47b6,0x396e98140680c3fb4756692f8a89d41bf9b5fd8e18044da7db8c0cb9ce8a0f3a,2348.1572051130328378588442864650460646738457902602
24938995,0x4645e287ba6057f8dde942b3f640803e7728e5a9,0xbdb3ba9ffe392549e1f8658dd2630c141fdf47b6,0x396e98140680c3fb4756692f8a89d41bf9b5fd8e18044da7db8c0cb9ce8a0f3a,2349.363395853997177708567122988745501957310259968
24938995,0x000000000004444c5dc75cb358380d2e3de08a90,0xf74c2bbfd2e10a2e71b8550cd1edae9fd08de55a,0x396e98140680c3fb4756692f8a89d41bf9b5fd8e18044da7db8c0cb9ce8a0f3a,2352.7684008105271417883475329129466532295288185068
24938995,0xf74c2bbfd2e10a2e71b8550cd1edae9fd08de55a,0xbdb3ba9ffe392549e1f8658dd2630c141fdf47b6,0x396e98140680c3fb4756692f8a89d41bf9b5fd8e18044da7db8c0cb9ce8a0f3a,2352.7684008105271417883475329129466532295288185068
24938995,0x63242a4ea82847b20e506b63b0e2e2eff0cc6cb0,0xe3d41d19564922c9952f692c5dd0563030f5f2ef,0xf82dec3bd5d14f2bfd7e0dd693d35cdb63daa4d883d314d3c4ff261f22142e18,2347.7684725977229625919143631596638505230998130882
24938995,0x66a9893cc07d91d95644aedd05d03f95e1dba8af,0x88e6a0c2ddd26feeb64f039a2c41296fcb3f5640,0x2268de0efcd7ec93576d7a50b4f2c1b5a116d45e5599f41a763b10f5a318c20f,2349.0333828680633996081292648975400781244970425183
24938995,0x06cff7088619c7178f5e14f0b119458d08d2f5ef,0x88e6a0c2ddd26feeb64f039a2c41296fcb3f5640,0xeff83343430d0ab604633e9b7a1a1e90cbbe40c418335a3aede419ff2f966f09,2349.0472053127039190099396375327721853764164376997
24938995,0xe0554a476a092703abdb3ef35c80e0d76d32939f,0x2c0552e5dcb79b064fd23e358a86810bc5994244,0xb53bfe10f70fc9d7670765783b510b2edc15189a2998b5b2e9a879dcc2dfb319,2346.8697140276823893620571466953781504788199063678
24938995,0xdf31b012c035ff60be20ded74cf82c20729907ee,0xe0554a476a092703abdb3ef35c80e0d76d32939f,0xc63fb9b794bc1c69de840feb11a90a76e4e60383a75909ccab196076ef2e9fb2,2346.6507104658646917415813944727147232935882430957
24938995,0xbdb3ba9ffe392549e1f8658dd2630c141fdf47b6,0xe0554a476a092703abdb3ef35c80e0d76d32939f,0x2718301ada0c15078704c8c94fd77e409582a64aea9ad8d6507731da315080fe,2347.4928897613759779840083340123487354309181948617
24938995,0x0000000000efa780a8e6f50fc5de9c1497bfd175,0x88e6a0c2ddd26feeb64f039a2c41296fcb3f5640,0xbbe6d13c32b595dca3e23455fbbf300a5945ae81e366852427a5da944f496d46,2349.0647478469600944476232708561102847770626147944
24938995,0x646240365c8c11832de4de8c5ee6e4af9180b6ca,0x88e6a0c2ddd26feeb64f039a2c41296fcb3f5640,0x570e3e003e0be191f519a1cff633451d8e41407e1cd2c1ba808318919635ac63,2349.075285327059222906873565151410341580851262171
24938995,0x960ef75428761935dea2afeea2f61fc852b9d46d,0xe0554a476a092703abdb3ef35c80e0d76d32939f,0x7cb070c6adce3671601317a51aefd389a29e4fed25458a298b11882da8fa1055,2348.1374646671665036993427299775913219621831873078
24938995,0x8cfdb276645244d3b4707ad6a47c99b54dc444c7,0xbdb3ba9ffe392549e1f8658dd2630c141fdf47b6,0x5581f14d198618327f25491ff030490052211cdce8dcf51728fe17fee6176599,2347.8746988648566303463058361717874509215662818277
24938995,0x634826fb67d4eb9633f0011fae8e23cf99acd6f0,0xe0554a476a092703abdb3ef35c80e0d76d32939f,0x7c92e813584294c39b1fd8bc4f2332e397290bf49b9f2c39117656b84750deb5,2348.227087425017258923973364519036322736453402903
24938995,0xe0554a476a092703abdb3ef35c80e0d76d32939f,0x48ca265dc080519e0f79a1989aef3e82a84e5143,0x84cb0aa9ffe36fe476fc8a1451a722f11dba206153cb9851478d92f538bc7e5c,2347.7945992280341549237179433526254485633666509702
24938996,0x5050e08626c499411b5d0e0b5af0e83d3fd82edf,0x88e6a0c2ddd26feeb64f039a2c41296fcb3f5640,0xdcfd71f271312bf487ecbbb31d98ddee2d52100a32d0753e69dd08c62c010532,2351.0723825968761021361986489746512353936661843805
24938996,0x5050e08626c499411b5d0e0b5af0e83d3fd82edf,0xe0554a476a092703abdb3ef35c80e0d76d32939f,0x1b97eda9388b75ed325f31a9707278c9011524afb126ff8c15dfead7cd665f5e,2350.5890725586651290127774854664872976996209407967
24938996,0x5050e08626c499411b5d0e0b5af0e83d3fd82edf,0x7f86bf177dd4f3494b841a37e810a34dd56c829b,0x53f72cc485ba8de242766116a66c240f8545bfd8863f91b69f062f9e49eddd7c,2351.5098401415374095102068736928088993813505472383
24938996,0x8f10b468b06c6fd214b65f87778827f7d113f996,0x88e6a0c2ddd26feeb64f039a2c41296fcb3f5640,0xb454a8e046452e05e4e64d76ecef632685e0adf7e5b8461f68e0f8c034cf48aa,2353.1337906349687860969400321695637946899351080979
24938996,0x4c3ccc98c01103be72bcfd29e1d2454c98d1a6e3,0x1445f32d1a74872ba41f3d8cf4022e9996120b31,0xcea8942795a42c19bca9f349180fc07fa102f1080231e6a5894f22b015032dd3,2351.6657019911146785180906200677839772230774836236
24938996,0x000000000004444c5dc75cb358380d2e3de08a90,0x66a9893cc07d91d95644aedd05d03f95e1dba8af,0x3a9fddbe7b49b99206b97460ea9b76650dc2d8fc55f6c139f5f6e2a35dbf13fe,2345.164827924720328221360275480697336732879235637
24938996,0xe0554a476a092703abdb3ef35c80e0d76d32939f,0x66a9893cc07d91d95644aedd05d03f95e1dba8af,0x29c166fc6959243d680392812fd45ea444a6918a2f7447ca4d9d67b0fb1309cb,2352.2970841561831888355757516668214592339093994591
24938996,0x0000000aa232009084bd71a5797d089aa4edfad4,0x000000000004444c5dc75cb358380d2e3de08a90,0xf5e3835f47f2c2f0930f0c09cf6029f0d1ed05eff1e2f5e1480ec0910d3bedcf,1176.6339314617072542224458599560854004067890622878
24938997,0x0000000aa232009084bd71a5797d089aa4edfad4,0x000000000004444c5dc75cb358380d2e3de08a90,0x11b3e9bfa7dc4d9b8ebf19b3ba7a779550ac138ba96264a4a8b0fe14d275348e,2357.2656362347259292915703438198838958441307997741
24938997,0xe0554a476a092703abdb3ef35c80e0d76d32939f,0x1f2f10d1c40777ae1da742455c65828ff36df387,0x5e84bfe99b3f60aaae5cd63a8b2b05d13856f15b6b24b3ae767b8208140ff32c,2352.0910591039490850766640645183965144458058925497
24938997,0x1f2f10d1c40777ae1da742455c65828ff36df387,0xe0554a476a092703abdb3ef35c80e0d76d32939f,0x5e84bfe99b3f60aaae5cd63a8b2b05d13856f15b6b24b3ae767b8208140ff32c,573.43069665264410950118700059544778157088488782059
24938997,0xbdb3ba9ffe392549e1f8658dd2630c141fdf47b6,0x88e6a0c2ddd26feeb64f039a2c41296fcb3f5640,0x1f8845df03bb5a285c9aad0c6120d88eaca1b444b5fd61a48ce08baabcd5eca9,2354.0123990573083934737034647021448928999130032973
24938997,0xbdb3ba9ffe392549e1f8658dd2630c141fdf47b6,0xe0554a476a092703abdb3ef35c80e0d76d32939f,0x1f8845df03bb5a285c9aad0c6120d88eaca1b444b5fd61a48ce08baabcd5eca9,2353.6711590106828579813605441957250266178934828001
24938997,0xe0554a476a092703abdb3ef35c80e0d76d32939f,0x646240365c8c11832de4de8c5ee6e4af9180b6ca,0x99f9e12b23cc6807efcafc10b9c8b73d95cfb801974bb3c0a88f69287b328ddb,2354.1719771172398358989036369279410289166871170209
24938997,0x1d27ad3613e84e201bc87929590f95e75454cdc0,0xe3d41d19564922c9952f692c5dd0563030f5f2ef,0x2ad0d242b2474a2872e12347c0ceb2fb6cb406d081b8450c5b1a6d9001cf50a2,2347.119116500181528645594937498625286732631252207
24938997,0xe0554a476a092703abdb3ef35c80e0d76d32939f,0x7bae366c994cd26532cf734134d3f852eb0ce962,0x2ad0d242b2474a2872e12347c0ceb2fb6cb406d081b8450c5b1a6d9001cf50a2,2353.9178676348711811026145893528238080093141347394
24938997,0x7bae366c994cd26532cf734134d3f852eb0ce962,0xb4e16d0168e52d35cacd2c6185b44281ec28c9dc,0x2ad0d242b2474a2872e12347c0ceb2fb6cb406d081b8450c5b1a6d9001cf50a2,2360.2879691989928017114625757541016953071715086262
24938997,0xe0554a476a092703abdb3ef35c80e0d76d32939f,0x7362eabcc15b790b6092191b0543bb61043d4311,0xbfba45897f4d3ca7704d83704d34cb887ebb327fe69bb45c65e50d3890aa1a26,2353.6599024264278440683403781595502688953618754906
24938997,0x7362eabcc15b790b6092191b0543bb61043d4311,0xb4e16d0168e52d35cacd2c6185b44281ec28c9dc,0xbfba45897f4d3ca7704d83704d34cb887ebb327fe69bb45c65e50d3890aa1a26,2360.2891024320088702428110800632804218090752346552
24938997,0x76d7c24374aef4a36ee9a3a8c49339ccc84d0743,0x3611b82c7b13e72b26eb0e9be0613bee7a45ac7c,0x3992abbec5239218bc41dc61a1967bb960adb49460c339f142e572f7e4434d08,2354.8963246428571428571428571428571428571428571429
24938997,0xbdb3ba9ffe392549e1f8658dd2630c141fdf47b6,0xe0554a476a092703abdb3ef35c80e0d76d32939f,0x7cb448d7df1aaaaf025b640d5d55d7a52265cfe02880345fb22ce556e9047af8,2354.368012040211856288004567887709723971650283375
24938998,0x0000000aa232009084bd71a5797d089aa4edfad4,0x000000000004444c5dc75cb358380d2e3de08a90,0x3fbf23f970023ae7efbef7a337f805724452f4802f6b14b54af893146926ac7f,2355.0141767829021409220257529839263338015964313228
24938998,0x51c72848c68a965f66fa7a88855f9f7784502a7f,0xa8c1c98aaf99a5dfc907d61b892b2ad624901185,0xf533db90646fc4b5790e8ae7189ca4b000d25bc6906c4869789544f508b80096,2356.427889132106478950418979239731593688095014924
24938998,0xbdb3ba9ffe392549e1f8658dd2630c141fdf47b6,0x88e6a0c2ddd26feeb64f039a2c41296fcb3f5640,0x283f0db2de2f8000654592d1c4d0bc3c8f159b29fb094753c5b6119f434ec237,2355.4735766791087560268536695578933730438556659063
24938998,0xbdb3ba9ffe392549e1f8658dd2630c141fdf47b6,0xe11853a426c36c8fbeb9e83160c9ab2876f6c291,0x283f0db2de2f8000654592d1c4d0bc3c8f159b29fb094753c5b6119f434ec237,2354.7240723478368085493269296296666078106925451564
24938998,0xe11853a426c36c8fbeb9e83160c9ab2876f6c291,0x7f86bf177dd4f3494b841a37e810a34dd56c829b,0x283f0db2de2f8000654592d1c4d0bc3c8f159b29fb094753c5b6119f434ec237,2354.7240723478368085493269296296666078106925451564
24938998,0xbdb3ba9ffe392549e1f8658dd2630c141fdf47b6,0xe0554a476a092703abdb3ef35c80e0d76d32939f,0x283f0db2de2f8000654592d1c4d0bc3c8f159b29fb094753c5b6119f434ec237,2355.4538353238482928388482939381183655528639135399
24938998,0xbdb3ba9ffe392549e1f8658dd2630c141fdf47b6,0x1ac1a8feaaea1900c4166deeed0c11cc10669d36,0x283f0db2de2f8000654592d1c4d0bc3c8f159b29fb094753c5b6119f434ec237,2353.5051654734026406474506755540529806935621528902
24938998,0xe0554a476a092703abdb3ef35c80e0d76d32939f,0x0906a879ea0f66e3559f11b25b866dba247f9e63,0x8c4a9cbc8cfd98f88a53dc822d862fe5c5822b64d66789e0714dfe47e0798c60,2346.3706313100345437634853514007378686207933399496
24938998,0xe0554a476a092703abdb3ef35c80e0d76d32939f,0x5e1f62dac767b0491e3ce72469c217365d5b48cc,0x9989a5b68ebb3cd43f0e5c3f914decd07b624b57e41ae80cbac7185984835d24,2336.6801310975609756097560975609756097560975609756
24938998,0x0906a879ea0f66e3559f11b25b866dba247f9e63,0xe0554a476a092703abdb3ef35c80e0d76d32939f,0xa39349ca1cff870a6389846cf3b739232723e64b53d5d7674d9f63b2c527c3bb,2346.0067664536335245199928177806889350998460487489
24938998,0x9008d19f58aabd9ed0d60971565aa8510560ab41,0x000000000004444c5dc75cb358380d2e3de08a90,0x58588998e2dc6f0c837f0678fe3ce2d903916e12602722bdee107425df3d5aa9,2353.9901892600287715109121792933176183624368203091
24938998,0xba12222222228d8ba445958a75a0704d566bf2c8,0x7f54f05635d15cde17a49502fedb9d1803a3be8a,0x8ef03d8280df6382f343703a292ea4ddbee06f60536cf33615306982d389c241,2344.3052722335060826948357605797728800998783505164
24938999,0x0000000aa232009084bd71a5797d089aa4edfad4,0x000000000004444c5dc75cb358380d2e3de08a90,0x55c53a2a132fc5b86b8ffccaea87a3eace243758674f468b80b6f074e73b1a62,669.02774719221624980622871173096251774324757413346
24938999,0x51c72848c68a965f66fa7a88855f9f7784502a7f,0xa8c1c98aaf99a5dfc907d61b892b2ad624901185,0x17a25dc942050a5078388608ab9e2a3f67a5a5f367d05a039cb103fa10e43640,2355.8690419118325313405452910017124988535195193643
24938999,0xbdb3ba9ffe392549e1f8658dd2630c141fdf47b6,0x88e6a0c2ddd26feeb64f039a2c41296fcb3f5640,0xd7298d069670cec2c0a3bb36c2aebe90dc3f26686f8f4a7056c49d25181bca41,2357.5447940729226925724057960009856761521267396578
24938999,0xbdb3ba9ffe392549e1f8658dd2630c141fdf47b6,0xe0554a476a092703abdb3ef35c80e0d76d32939f,0xd7298d069670cec2c0a3bb36c2aebe90dc3f26686f8f4a7056c49d25181bca41,2357.151017991418527041044142036065571373003320965
24938999,0xbdb3ba9ffe392549e1f8658dd2630c141fdf47b6,0x8cfdb276645244d3b4707ad6a47c99b54dc444c7,0xd7298d069670cec2c0a3bb36c2aebe90dc3f26686f8f4a7056c49d25181bca41,2356.9952914805025099751452650424152200060185238285
24938999,0xbdb3ba9ffe392549e1f8658dd2630c141fdf47b6,0x1445f32d1a74872ba41f3d8cf4022e9996120b31,0xd7298d069670cec2c0a3bb36c2aebe90dc3f26686f8f4a7056c49d25181bca41,2356.3915663559500965626878902953753275619198018246
24938999,0xbdb3ba9ffe392549e1f8658dd2630c141fdf47b6,0x4645e287ba6057f8dde942b3f640803e7728e5a9,0xd7298d069670cec2c0a3bb36c2aebe90dc3f26686f8f4a7056c49d25181bca41,2356.4085872290056342291496281916034124053901483782
24938999,0x1d27ad3613e84e201bc87929590f95e75454cdc0,0xe3d41d19564922c9952f692c5dd0563030f5f2ef,0x01e10482dfde4a8a2729e3c09578ff661a11e75579a7613b4ce0c12379c929d1,2348.6435942201331076933166809315666301774940703307
24938999,0xe0554a476a092703abdb3ef35c80e0d76d32939f,0x7bae366c994cd26532cf734134d3f852eb0ce962,0x01e10482dfde4a8a2729e3c09578ff661a11e75579a7613b4ce0c12379c929d1,2358.4043389950120948322023940453152860718126076612
24938999,0x7bae366c994cd26532cf734134d3f852eb0ce962,0xb4e16d0168e52d35cacd2c6185b44281ec28c9dc,0x01e10482dfde4a8a2729e3c09578ff661a11e75579a7613b4ce0c12379c929d1,2360.2905392515321867670844078217365039582830061865
24938999,0x7f54f05635d15cde17a49502fedb9d1803a3be8a,0x1445f32d1a74872ba41f3d8cf4022e9996120b31,0x90eeaf548b6da73b9517ecb9b29ee652e5837a2770d2eb95af6087a23b87db54,2359.2114802373806943321101435224154575022133152109
24939000,0x0000000aa232009084bd71a5797d089aa4edfad4,0x000000000004444c5dc75cb358380d2e3de08a90,0xdc6a8223604ad0a2e75c6d7206f0f52ad213332c2fe3cdaa1d5dd136a88c5aa1,2359.641199835451335168342128654324666359592060624
24939000,0x51c72848c68a965f66fa7a88855f9f7784502a7f,0xa8c1c98aaf99a5dfc907d61b892b2ad624901185,0x55441d417b4cf23aa46be662649ddc20a8f7f72e2f9613f9efa35e1d63c879ac,2354.1950702098666459823413690262790103632672055769
24939000,0x6047b384d58dc7f8f6fef85d75754e6928f06484,0x7f54f05635d15cde17a49502fedb9d1803a3be8a,0x0a1ee9d05df81905132b78e79fe3145060910405a54394650cbaac942cd1b027,2350.148371572481790408471046814182227922953209954
24939000,0xe0554a476a092703abdb3ef35c80e0d76d32939f,0x646240365c8c11832de4de8c5ee6e4af9180b6ca,0xa7c9eb7133b71ac23ad31d476ddbdc646d519c7c30776a4bca5e48f2eac3eb04,2358.0810011864275005803794811509064304879434361348
24939000,0xe0554a476a092703abdb3ef35c80e0d76d32939f,0x84cc5f0bc0aa4bf47f3f60628c51cb1ab2745572,0xbf88c8babed75aa4b9198ab1a5635e763bd9d8cc05b3b9b722e7df22ea7a4cb3,2357.7617315432667151982017140477053953923328370634
