block_number,from_address,to_address,transaction_id,exchange_rate
24962301,0x4313c378cc91ea583c91387b9216e2c03096b27f,0x88e6a0c2ddd26feeb64f039a2c41296fcb3f5640,0xf60865eda30352fffd607d546fb864dab356afc958c8572406a7ff3f89d62e1a,2332.6527092548790094542618134917602977926845943679
24962301,0x4313c378cc91ea583c91387b9216e2c03096b27f,0x88e6a0c2ddd26feeb64f039a2c41296fcb3f5640,0x2fb0bc6815329e23ae2c4039c7a530cecaa493c35a946ad0977b7b7734affbfc,2332.654094102575295261555367182895864883080931582
24962301,0x88e6a0c2ddd26feeb64f039a2c41296fcb3f5640,0x4313c378cc91ea583c91387b9216e2c03096b27f,0x9244371692de874f3f9f1b1ec5bbd5f0cf33be270829d2c8ac3fe306609b1191,2330.3215151515151515151515151515151515151515151515
24962302,0xe0554a476a092703abdb3ef35c80e0d76d32939f,0x63f520cc4b54a192e7fd7b830e8dd48078c2949d,0x91ca72cd6f1523c6e6d56000b9e5679179eb3df3a07706a441d90fbae1f1ccac,2331.2004725499986924646193054831531647301440440093
24962302,0xaf682de1f2e6f710731121a05a44cb3c1b511f7d,0xe0554a476a092703abdb3ef35c80e0d76d32939f,0xa5e09e87aaabed2cba51fcc65fe387b5bad04f4761663ed4d1fed9b46282c1fd,2331.5648081555880352419581256414504025599496031759
24962302,0x7f54f05635d15cde17a49502fedb9d1803a3be8a,0xe0523b85fad2015c0b6ae78e8c71ece5edbe5a67,0x889b874595ee8197dadf219fd5620ba0f864a7bd270cd1b988c595d3057a002a,2332.403287898084797885506467771294570709030404534
24962302,0x51c72848c68a965f66fa7a88855f9f7784502a7f,0xa8c1c98aaf99a5dfc907d61b892b2ad624901185,0x81e7237e51e683baf851b410ef3a9dd797911d5f0630cc8c9d86f7aeb2713205,2329.8224746365534498371640537665770947613611257482
24962302,0xe0554a476a092703abdb3ef35c80e0d76d32939f,0x2c0552e5dcb79b064fd23e358a86810bc5994244,0xa4ce0ec8d9782eccd3dba5a9d71fae6e0a0626f82972f497807b9393580aef16,2331.0217426795588098117238638272235625695790026687
24962302,0x4313c378cc91ea583c91387b9216e2c03096b27f,0x88e6a0c2ddd26feeb64f039a2c41296fcb3f5640,0xef54b5a89c349d46cd7fd8da4cd641569d2fb25f487daf2ccd301f6779a1c8cd,2332.6532582982696831291814627413135106419202497788
24962303,0x000000000004444c5dc75cb358380d2e3de08a90,0x0000000aa232009084bd71a5797d089aa4edfad4,0x402bc2090403489077bf8e8f3502a25ae56f0a327c368616ba284b65f3c60816,1695.329904264355332785708181682914116270284080414
24962303,0x28b1dc1a5e3699a428bc51d234dfab7c9cb2a183,0x163f3103de041d25464e2c8a4f8f3187ec1856e0,0xcdae79d0a3348bbc0cb693a883a4ba8ea3e6c8885afebe87b0ab6267b29458f4,924.75603215831848701470874588197382877226505729263
24962303,0xe0554a476a092703abdb3ef35c80e0d76d32939f,0x6dd4023eaf10e70c67f7e5ec47a2d412d4a698ef,0xdb613cd87416bd7bd3065d46d9f0ca80f8e60934de0520fe0d0118f0f26d15f3,2330.7990135354142978555286871052644740903691567559
24962304,0x000000000004444c5dc75cb358380d2e3de08a90,0x0000000aa232009084bd71a5797d089aa4edfad4,0x6c73ea028127902f2c1bfd359466b0901c047e47b54a95ee5c0b51f7cbc2ad32,1471.932676588084420198884911425608253364739918049
24962304,0x66a9893cc07d91d95644aedd05d03f95e1dba8af,0xe0554a476a092703abdb3ef35c80e0d76d32939f,0x147963bc9be3aeae33dc9620dcf711bdc34b955aadd8277a4daaa1fcbac9e9c7,2331.0450359017126305112424449107506726293153384835
24962304,0xef6fc636a63859e08ad3479fe456262eed2e5042,0x88e6a0c2ddd26feeb64f039a2c41296fcb3f5640,0x5f3f74ecd5d6df545bae6c1335d971969231962b02d853ce83964c70764c8cef,2332.6547286206834440464764837129667098042611303883
24962305,0xe0554a476a092703abdb3ef35c80e0d76d32939f,0x66a9893cc07d91d95644aedd05d03f95e1dba8af,0x40296ccc6d6036f673c9d917be341e32ea488832c2f17ac4b03f9f7971354aa8,2330.6957186722744826325680799705371486935498624396
24962305,0x4313c378cc91ea583c91387b9216e2c03096b27f,0x88e6a0c2ddd26feeb64f039a2c41296fcb3f5640,0x36cc0d51620a795996bc0df57225f96ae37a2cc00acbd42e264566dcbdd132ec,2332.6661725339400548727083164020456871476979257274
24962305,0xe0554a476a092703abdb3ef35c80e0d76d32939f,0x66a9893cc07d91d95644aedd05d03f95e1dba8af,0x07f36c9c585b8ae1bb0b3ba8d3b1accd152d421765f070a745f1584f8402cecf,2330.74963
24962305,0x4c82d1fbfe28c977cbb58d8c7ff8fcf9f70a2cca,0xe0554a476a092703abdb3ef35c80e0d76d32939f,0xeef7f2752d0e7b38fa971c96525c5ab41d48f7d3d0999557ec0d0a95a3b0be5a,2331.1056005289536341106046673362620185190321343828
24962306,0xef6fc636a63859e08ad3479fe456262eed2e5042,0x88e6a0c2ddd26feeb64f039a2c41296fcb3f5640,0xb2bafd1bf10146394e3d33454ad8d8c9270b75e2435341493d8cfabbe50ad524,2332.6797050365893765642850980613559810109762346336
24962306,0x28b1dc1a5e3699a428bc51d234dfab7c9cb2a183,0x163f3103de041d25464e2c8a4f8f3187ec1856e0,0x34adb7cb77bd989fa14d69e159439a19eeb5907d9a3db1412989d7f6a9cbb4df,2330.5082117807417629072679095712100689212379094695
24962306,0xe0554a476a092703abdb3ef35c80e0d76d32939f,0x01989c93890aed05a63d179b03424997075b6acf,0x9682a1619774984bea101741dd06973cea0da51dbe47faaa1d1f173684a096f0,2330.5176568286696733802974323380395080802261771933
24962307,0xba4c928807450c57e4f5aa18cd507987840847bf,0xe0554a476a092703abdb3ef35c80e0d76d32939f,0xca07abbb46d06d55470a23d7913b28b86c17aa3160fe8704ab4572aee8380e18,2330.8108488928609690157582639702454839306502919395
24962307,0x7f54f05635d15cde17a49502fedb9d1803a3be8a,0xe0554a476a092703abdb3ef35c80e0d76d32939f,0xbb96df9cd54ad1131a6772cfc5f6f2d70e2d01faabc68114ee435018364d8f30,2330.865247685612785127021876401060705940926971236
24962307,0xc1af6f33498692e230b3e6f31a73aeaf0ad0ca3c,0x88e6a0c2ddd26feeb64f039a2c41296fcb3f5640,0x5a73cad9ff3df66cf9d9e1f8da66b437edb3b90ba4e1ed4bc3de6744e2fd0ff3,2332.6871246818026896642319955984895934631159693645
24962307,0x4313c378cc91ea583c91387b9216e2c03096b27f,0x88e6a0c2ddd26feeb64f039a2c41296fcb3f5640,0xd309849e018c918db37210f102ffd80b30454c8963466dc7a5ceb0169e9254aa,2332.6917454202374532110021576381821680545853544432
24962307,0x0000000aa232009084bd71a5797d089aa4edfad4,0x000000000004444c5dc75cb358380d2e3de08a90,0x8cb9e36bac7ecf9da98aa9315f87f235fdf90cbd2a543773e39b58e1521ef625,2330.8542780425599208661021836328573440919605468675
24962307,0x1ac1a8feaaea1900c4166deeed0c11cc10669d36,0xbc1d9760bd6ca468ca9fb5ff2cfbeac35d86c973,0x8a84ce5621f70e095a6b02451ac38595f0463224a66e10bf7319f12ab6a555c8,2331.8464772797263780966982624700068728997460940814
24962308,0x4313c378cc91ea583c91387b9216e2c03096b27f,0x88e6a0c2ddd26feeb64f039a2c41296fcb3f5640,0x21be642c48a8c229d9f1e9260db59fc7ade9fc47360dfe2f111c86818ae212fa,2332.6932438379017211181832798043621337177472556008
24962308,0x4313c378cc91ea583c91387b9216e2c03096b27f,0x88e6a0c2ddd26feeb64f039a2c41296fcb3f5640,0x9c5835dd86e35f8f1ab14c8efcb3bb7372ca76b6a6e2d67434b74973fb4f6a45,2332.6944961192798665085319907267842324505698853419
24962308,0xc10ee9031f2a0b84766a86b55a8d90f357910fb4,0x000000000004444c5dc75cb358380d2e3de08a90,0x122459bab10198ab3191473d558977af16787e1818b3868d8606c8bd6df74880,2333.1998305151960158724521661543901426988369880506
24962308,0x1ac1a8feaaea1900c4166deeed0c11cc10669d36,0xba4c928807450c57e4f5aa18cd507987840847bf,0x7424ddaa2233263c69e5a9c996176b5a50bd4b9fb56962ffd89cb406f675561a,2330.6209029836473602051907302677905892774759320369
24962309,0xadacdd97b78c62d3bc261d9aa996f6349ebdbecb,0x1ac1a8feaaea1900c4166deeed0c11cc10669d36,0xaefcf7be5e3f30069ea589b831bc3e9dab146d5fc362697b83140b1fbf9ee798,2335.5182977360644048396255636739217634815123542122
24962309,0x4313c378cc91ea583c91387b9216e2c03096b27f,0x88e6a0c2ddd26feeb64f039a2c41296fcb3f5640,0x4ac814ec698cab09c9dcfe4022f1fd433e00910d6e3cab603505fdee85e649f3,2332.6991100983973463268271035563258724798883427958
24962309,0x4313c378cc91ea583c91387b9216e2c03096b27f,0x88e6a0c2ddd26feeb64f039a2c41296fcb3f5640,0x961c944e186ab7ef5eee113cabbd3ec7f0a30fc8c5bebc4798e9b9c1e0903743,2332.7052663274177027318656421348315058543350415415
24962309,0x88e6a0c2ddd26feeb64f039a2c41296fcb3f5640,0x4313c378cc91ea583c91387b9216e2c03096b27f,0xf127018224bcb5ca8a9901bec10c709a5b2b1aea5b5de30cffef98aa5128b7d3,2330.3774949494949494949494949494949494949494949495
24962309,0x63f520cc4b54a192e7fd7b830e8dd48078c2949d,0xe0554a476a092703abdb3ef35c80e0d76d32939f,0xb1178dcb3e1e126b1ad77d8ef4cf4831c05ad31c7e075ef981abfacf55fbcbb1,2330.977998729988632913241339669946982577209563513
24962309,0xba4c928807450c57e4f5aa18cd507987840847bf,0xe0554a476a092703abdb3ef35c80e0d76d32939f,0x37d2920dcef98df1cf7f80c04dfb0612e50f309e4023e4af9dc72c6f07c98977,2330.9899458002154493712383346068065549007595956644
24962309,0x7f54f05635d15cde17a49502fedb9d1803a3be8a,0xe0523b85fad2015c0b6ae78e8c71ece5edbe5a67,0x1fd1cad5e20686484396b015a3e8ef3533c1e0b07c8d7f12c3b88052dc49207d,2332.5234044552658768285710416203220083128307695389
24962309,0x0090ac276c0a7e0a17770729e450a2a9753f2d04,0xd315a9c38ec871068fec378e4ce78af528c76293,0xf0fdee35d6d35948c57f90e1b31b88ae5feff814a0ce8cba3c53eadfe73001e1,2330.9729391931536275254894595856390921211850267152
24962309,0xe0554a476a092703abdb3ef35c80e0d76d32939f,0x4c82d1fbfe28c977cbb58d8c7ff8fcf9f70a2cca,0x076a9302ddf54a68510d3fb5c1926bdbebb8f3339c1de9a40b928846ef9bc718,2330.5103056128839950297436688787619121691406729419
24962309,0xe0554a476a092703abdb3ef35c80e0d76d32939f,0x4c82d1fbfe28c977cbb58d8c7ff8fcf9f70a2cca,0x680a354754f881cb8ef0a2eb3d476ddca716a032641ea5b4863b0c29de1e5573,2330.483
24962309,0x4313c378cc91ea583c91387b9216e2c03096b27f,0x88e6a0c2ddd26feeb64f039a2c41296fcb3f5640,0x08073acabde86f931cf5d664216284d170b1acdc88f8117abf1fa6dfe0e359a6,2332.7051974682430546066397632868493736156908051705
24962309,0x000010036c0190e009a000d0fc3541100a07380a,0x66a9893cc07d91d95644aedd05d03f95e1dba8af,0x557c7ee84de87407e8f87bff58322493729f336f5d19094d82b4558ba3716e46,2331.5027847270424347975477784051363802245030290297
24962309,0x28b1dc1a5e3699a428bc51d234dfab7c9cb2a183,0x163f3103de041d25464e2c8a4f8f3187ec1856e0,0x8ea8b34508cab3dbdcb59f8b7d02131c823b6f231fff929b5a89158e49e63467,378.23883508880562303590266864033356204025411369179
24962310,0x1ac1a8feaaea1900c4166deeed0c11cc10669d36,0x06cff7088619c7178f5e14f0b119458d08d2f5ef,0xc91c8ab6c8d974e4e1b970e7c2efb13c2daaca26bf9277f9992abf27133e9837,2334.385652134666113972165186083293516395813280462
24962310,0x1ac1a8feaaea1900c4166deeed0c11cc10669d36,0xba4c928807450c57e4f5aa18cd507987840847bf,0x88ccbb52868fb4f8d38fc70353b2fd6545b4cc3558d3dc324322cee8c0109914,2330.1498127606799741043257019380558840036332030829
24962310,0xc1af6f33498692e230b3e6f31a73aeaf0ad0ca3c,0x8bb510a3860e0ad2a0f2794a90cbf14b1b85a2f0,0xd3d732dabcde1e9027205b1d4175edd41528963549529e509f5ae6ad328f7cb4,0.0069640189729953843990998281894425802016399729369871
24962310,0x8bb510a3860e0ad2a0f2794a90cbf14b1b85a2f0,0xc1af6f33498692e230b3e6f31a73aeaf0ad0ca3c,0x84b1ba79ab7441749d8703a43099d9bd8d90de72cfe359779323a979f26bbbfa,0.015661419333964092449539429290335798479121878058603
24962310,0x88e6a0c2ddd26feeb64f039a2c41296fcb3f5640,0xc1af6f33498692e230b3e6f31a73aeaf0ad0ca3c,0x84b1ba79ab7441749d8703a43099d9bd8d90de72cfe359779323a979f26bbbfa,2330.3687417733922486424685640240504439794324945322
24962310,0xc10ee9031f2a0b84766a86b55a8d90f357910fb4,0xe0554a476a092703abdb3ef35c80e0d76d32939f,0x81643d967e152d994ec5ae3ec29529d3136912a179db896b4900f79542af311f,2330.9648329272665615920071718308636831028887651154
24962310,0xc10ee9031f2a0b84766a86b55a8d90f357910fb4,0x000000000004444c5dc75cb358380d2e3de08a90,0x81643d967e152d994ec5ae3ec29529d3136912a179db896b4900f79542af311f,2334.5792111115850434785492772353099668859538132667
24962310,0xe0554a476a092703abdb3ef35c80e0d76d32939f,0x8e1e19fd5440048292242c942bed7d1bc8857fad,0xbfbae64b83809a1d103d56cb3aee502ef004bd787f00c1eed4a97a7ff1be2857,2330.4984441249601943543270067265476200159958772207
24962310,0x1ac1a8feaaea1900c4166deeed0c11cc10669d36,0xfcec5d04d41f730f672d77ccb1c8546cbfc84428,0x54d8ed899ae912ae4ff2ed9ad15facf3810bafd143892ef984fc6f68fd2b05b6,2327.5459244427089215771225513475891128832045906681
24962310,0x88e6a0c2ddd26feeb64f039a2c41296fcb3f5640,0xf7d69a83eee3254e346ad0c8054a49eb467cdbbe,0xeb81cb82b11ac8dc1405884705e42e67384dbbcfd07a8bdaeda2651b2c8a3cd3,2330.3744709203116992039590576751639548785714320878
24962310,0xf7d69a83eee3254e346ad0c8054a49eb467cdbbe,0xb4e16d0168e52d35cacd2c6185b44281ec28c9dc,0xeb81cb82b11ac8dc1405884705e42e67384dbbcfd07a8bdaeda2651b2c8a3cd3,2336.2858449279527245328699269389818770494902561318
24962311,0x000000000004444c5dc75cb358380d2e3de08a90,0xba4c928807450c57e4f5aa18cd507987840847bf,0xe8acfba6cc19dca3e057d7e192973497e3adbad804de406d33bfff3cf25d82e9,2331.3031063332640562397945441382129023155630888911
24962311,0x69d460e01070a7ba1bc363885bc8f4f0daa19bf5,0x06cff7088619c7178f5e14f0b119458d08d2f5ef,0x165ca359e9d1a6bfc5e8b936e59c203a62eb275b08ff9856c049818880d7b61f,2326.7838159590673564858077085438392945883157561329
24962311,0xba4c928807450c57e4f5aa18cd507987840847bf,0xe0554a476a092703abdb3ef35c80e0d76d32939f,0x4df181233370e537acb2842dc113cadf63baa22b5605511da8f5589bbad0335d,2330.9541506780852419398131783754563675612294045406
24962311,0xf7d69a83eee3254e346ad0c8054a49eb467cdbbe,0x1ac1a8feaaea1900c4166deeed0c11cc10669d36,0xc8377e8663c5aa6f294daf50bc03ff0f044cc2048af1ada60eee539585574316,2330.9948732812842232951737643696569993112238072379
24962311,0xadacdd97b78c62d3bc261d9aa996f6349ebdbecb,0x1ac1a8feaaea1900c4166deeed0c11cc10669d36,0x800c60d0416c8f7d5939324e32df2f312ffc02a12abb85f39c47b87987aae804,2340.139274080168155352053105486827647348540443828
24962311,0x1ac1a8feaaea1900c4166deeed0c11cc10669d36,0xadacdd97b78c62d3bc261d9aa996f6349ebdbecb,0x800c60d0416c8f7d5939324e32df2f312ffc02a12abb85f39c47b87987aae804,2341.0064701251726240442656228952083666556745428869
24962311,0xa8c1c98aaf99a5dfc907d61b892b2ad624901185,0x7451a0cb3c3d24f146c8530f650f478d1205d6f3,0xead047fd8ec27a10e817d0968df06f744dad5d80aa3fd049b7229761008d29cb,2330.1942383322264765605997250622436123432294527755
24962311,0x51c72848c68a965f66fa7a88855f9f7784502a7f,0xa8c1c98aaf99a5dfc907d61b892b2ad624901185,0xead047fd8ec27a10e817d0968df06f744dad5d80aa3fd049b7229761008d29cb,2330.1942383322264765605997250622436123432294527755
24962311,0x88e6a0c2ddd26feeb64f039a2c41296fcb3f5640,0x4313c378cc91ea583c91387b9216e2c03096b27f,0x04586aad52de507d448f9d54119e9a9a1d401223f9feb93eb6c84fd4f58d9c6b,2330.3716666666666666666666666666666666666666666667
24962311,0xb4e16d0168e52d35cacd2c6185b44281ec28c9dc,0x9008d19f58aabd9ed0d60971565aa8510560ab41,0xec5b92c522f496839ab9a73822a558ac38c13b915e4a842bfe70ef71700a76ba,2322.2754788382081141751012790490401192135227955042
24962311,0x000000000004444c5dc75cb358380d2e3de08a90,0xc10ee9031f2a0b84766a86b55a8d90f357910fb4,0xcbf6e6b5c22bdd6d4018ecd7c28ecea06d5d7358909b882a9886aa88677f473e,2327.0457788944723618090452261306532663316582914573
24962311,0xc4fc3183b044dfd4bb05ea050cac58db1dd5ed0d,0x7f86bf177dd4f3494b841a37e810a34dd56c829b,0xd3c3c95eade41228eb7ae1e9e04bc798bf3ac661a57ca83e9ab177407ccac8ed,2332.5545410180013933500849309889252996475919504454
24962312,0x63f520cc4b54a192e7fd7b830e8dd48078c2949d,0xe0554a476a092703abdb3ef35c80e0d76d32939f,0xef8b86a46322e8ffb852a66f41fc155057863180de4384080ae95c16c423ec65,2330.9716721904712576818247559962411323489140588539
24962313,0x1ac1a8feaaea1900c4166deeed0c11cc10669d36,0x81463b0f960f247f704377661ec81c1fd65b5128,0xff37ce1a9d9a0ecebf23cded0a33604df803fcaa022fae60f0e0a013f4499c89,2334.5508165287345649145957597626490954258053667369
24962313,0x81463b0f960f247f704377661ec81c1fd65b5128,0x000000000004444c5dc75cb358380d2e3de08a90,0xff37ce1a9d9a0ecebf23cded0a33604df803fcaa022fae60f0e0a013f4499c89,3807.061460920672156952203281556446148119918445972
24962313,0x81463b0f960f247f704377661ec81c1fd65b5128,0xb4e16d0168e52d35cacd2c6185b44281ec28c9dc,0xff37ce1a9d9a0ecebf23cded0a33604df803fcaa022fae60f0e0a013f4499c89,2336.238122467146338035707314704479466494348865896
24962313,0x1ac1a8feaaea1900c4166deeed0c11cc10669d36,0x36331e299247e5d0d3261e1d9852f6e0cffee95c,0xb1a633fc4a1c516272bd2cc299e17cc7cc577883d1fcb6f0f3f89ed816d6adbb,2329.7624411854078242868683027224987709898523492072
24962313,0x4313c378cc91ea583c91387b9216e2c03096b27f,0x88e6a0c2ddd26feeb64f039a2c41296fcb3f5640,0x837fdab4875dff6182cf876724f0417c3709c504ea9170ece25dccfef0a246b8,2332.7188429904036174977769918245212754333801250035
24962313,0xe0554a476a092703abdb3ef35c80e0d76d32939f,0xa7da6e61a9e00a023dac739b4236d62a0d922155,0x96b294346318fd08748a0dbb6ec079725df2c0aa7eaaddd1bdeb6bd9bef224ec,2330.4436140582989788029611676788991839110078256795
24962313,0xe0554a476a092703abdb3ef35c80e0d76d32939f,0xd226997439ecfbeff8e110c8c78c8a7eefd19f89,0x40e3970fc3757c376900dea7488b46885779e20993e6edaa887d2ee096020a0c,2330.3867632622611540863524653072554806734080695092
24962313,0x1ac1a8feaaea1900c4166deeed0c11cc10669d36,0xbc1d9760bd6ca468ca9fb5ff2cfbeac35d86c973,0xad1ccefa0268e4f44c5b7ae655f9ea86c9b52be7b697112ec0399081021250f6,2327.685745393634840871021775544388609715242881072
24962313,0x0090ac276c0a7e0a17770729e450a2a9753f2d04,0xd315a9c38ec871068fec378e4ce78af528c76293,0x6e32f7bff07d51841e8622f30e339f60b81b5297ca19a29cd4bd2aa96dfbdfd8,2342.826757693342725990735970147641703712228572303
24962313,0xf7d69a83eee3254e346ad0c8054a49eb467cdbbe,0x1ac1a8feaaea1900c4166deeed0c11cc10669d36,0x1a5652ceb1cb3669cd43a3584ab4ee4a5041cd35b1e12f11b3b5bebd8b70e464,2329.0046203091802404891009301315075808528345330857
24962313,0x4f7e79fc4a71ff4a99a28ddadf7964dd92d25a40,0xe0554a476a092703abdb3ef35c80e0d76d32939f,0xf8a3f3d2b719b6cd7f867f936c52317c7354d479b35083d4f86cea352669a560,2330.86109359748419026759958068501847129526222888
24962313,0x1ac1a8feaaea1900c4166deeed0c11cc10669d36,0xc10ee9031f2a0b84766a86b55a8d90f357910fb4,0x735e5e186678b2ded20f5fa8985bb14e0548065fe0d7689e4d55dbe878b221bb,2326.0036327054829406594725673607863932726545936386
24962313,0x8f10b468b06c6fd214b65f87778827f7d113f996,0x76d7c24374aef4a36ee9a3a8c49339ccc84d0743,0x8e0a0a2f7c78cc732f4b91d4ce7e00e8d3076fbf7d679017c75d2587204c2493,2330.9584873373253702319103513027463859220242908208
24962313,0x88e6a0c2ddd26feeb64f039a2c41296fcb3f5640,0xe592427a0aece92de3edee1f18e0157c05861564,0x47d9d76dcd9b27ff8fdb85c1ebd29b22763e63e3c8e87ff130034c85bad923eb,1165.1949307812834794094372553571391458408297090128
24962313,0x000000000004444c5dc75cb358380d2e3de08a90,0x92eae2d4f34f17eb32bf390af5019a37d375418e,0x9c14ad7b39ad58934e8ffa2d00fb7c4a57dfb9c255613292d1e8d36221f992f8,2328.5758370480213826384112755651710581187950674871
24962313,0x92eae2d4f34f17eb32bf390af5019a37d375418e,0x1ac1a8feaaea1900c4166deeed0c11cc10669d36,0xb94e3eb8a5b8bbcf7eac1f0e40492d8438e5433828d12be55608451793739f31,2328.0342575071957905368374266503314629817167691676
24962313,0x1ac1a8feaaea1900c4166deeed0c11cc10669d36,0xbc1d9760bd6ca468ca9fb5ff2cfbeac35d86c973,0x5e6dd7258ab67b60d954cc9a5ba9897ec652b7b2de80ceefe381c405e4e98ba3,2325.510577276627037627160191199901948768231400907
24962313,0x1ac1a8feaaea1900c4166deeed0c11cc10669d36,0x4c3ccc98c01103be72bcfd29e1d2454c98d1a6e3,0x9193e072441b752378d19e507d31c0d0730b8451d61f5a9e87db1ad52eb086c9,2320.3263312457452997567703272249576143438987119101
24962314,0x3d810cfbdf51a2176b4eadba019bb42e3ea86358,0xe0554a476a092703abdb3ef35c80e0d76d32939f,0x59e84c23a093de40eeb75774abf1db1e36bd669325e70c0d456033d8fd6c42cd,2330.9235172202000790033676571087214771122301174575
24962314,0x4313c378cc91ea583c91387b9216e2c03096b27f,0x88e6a0c2ddd26feeb64f039a2c41296fcb3f5640,0x413f0779410ca6910913a9e2a8c5bf403fd831e0350be699881cac46ab448f38,2332.7358701118229701790665354340380653645049229923
24962314,0xe0554a476a092703abdb3ef35c80e0d76d32939f,0x4c82d1fbfe28c977cbb58d8c7ff8fcf9f70a2cca,0x14582ac5026f800521a8baa7fb74351aba7900a0142ebb828b57823c6d50a2b9,2330.3555593220338983050847457627118644067796610169
24962314,0xe2cd94c812aed174b2e09750ff146f45d845d668,0xba4c928807450c57e4f5aa18cd507987840847bf,0x6357b496c633a41bd0d777a1d9769854063de76a3687fd6d8110cfeac503b334,2330.7232925288782714784652500330709777528531726242
24962314,0x4313c378cc91ea583c91387b9216e2c03096b27f,0x88e6a0c2ddd26feeb64f039a2c41296fcb3f5640,0xab126aafb8d76c4ca31658bc2fbc0e9763a7983fc3c6bbc691f2e85711ab4180,2332.7478098563502498834295803809158454789922222874
24962314,0x88e6a0c2ddd26feeb64f039a2c41296fcb3f5640,0x4313c378cc91ea583c91387b9216e2c03096b27f,0x31f99c54f42e05586b5ab91736fa62157143f2b6edd7a2a1e6757bea17585aa1,2330.4198484848484848484848484848484848484848484848
24962314,0x1ac1a8feaaea1900c4166deeed0c11cc10669d36,0x8f10b468b06c6fd214b65f87778827f7d113f996,0x3afae2f535bca2c635303e61674425125dc4f01f79809071f9c16d7e76bfabf8,2325.5570865489715478122619323639495213805438706899
24962314,0x51c72848c68a965f66fa7a88855f9f7784502a7f,0xe0554a476a092703abdb3ef35c80e0d76d32939f,0xe013a699b9cf529546421a5af146bd87684400a9d54e3f5b49c46e68b8d87d0f,2331.0025836792440738983928488581674403321130969413
24962314,0x4313c378cc91ea583c91387b9216e2c03096b27f,0x88e6a0c2ddd26feeb64f039a2c41296fcb3f5640,0xfbe9d62a0322131d817cc3cb856da399ff5f2b17a4d1187d45ac810d7b1d68b5,2332.7545066047021802017947861917364152987591089692
24962314,0xb9e9e795fd530314663f779f7f57950c6bc1eb4b,0xe0554a476a092703abdb3ef35c80e0d76d32939f,0x46abbf79fa72059347c106d97ca420378b76e73a68e505c0b70da19f6c032567,2331.289779042238825168784493051270698893583867617
24962314,0xe08d97e151473a848c3d9ca3f323cb720472d015,0x1ac1a8feaaea1900c4166deeed0c11cc10669d36,0xca17e671decbd29369b389b888587a821ab80694154882d5d9a81fb642332d36,2327.9275226376260317193139253912025740277123207206
24962314,0xc10ee9031f2a0b84766a86b55a8d90f357910fb4,0x000000000004444c5dc75cb358380d2e3de08a90,0x7e65c2c300eeabf681ac44f7317642c4de25c2e8775522335b5f47b0ed6d09e4,2332.3978502169036641136258036981253793122345492295
24962314,0xe2cd94c812aed174b2e09750ff146f45d845d668,0xba4c928807450c57e4f5aa18cd507987840847bf,0xd4f1a40a3fc102abd4fd9b5b25d902ffc821efb4b6b49e739b02a0c248a684a5,2330.5996232887741323320605144504786674135941453674
24962314,0x88e6a0c2ddd26feeb64f039a2c41296fcb3f5640,0x2747b405f2ce9474817828ddc395c46db848e203,0xe7e34169dbc0a15abc8caf9b955135149a4113f09fa179b1be13cc6f4980d902,2330.4239834809307382400920920014912295517640309194
24962315,0x0000000aa232009084bd71a5797d089aa4edfad4,0x000000000004444c5dc75cb358380d2e3de08a90,0xb4e414da7dbd59c947895b91764d092767e1fc490fd5704823c06986e5c76a6a,1114.1579029959840932220450897993139102715108285859
24962315,0x4313c378cc91ea583c91387b9216e2c03096b27f,0x88e6a0c2ddd26feeb64f039a2c41296fcb3f5640,0x015cc104400f96d668c04d63366b44bbcee6f6fd05063747746dc37eb614ff36,2332.7577945922716386096660892733015699689076416661
24962315,0x4313c378cc91ea583c91387b9216e2c03096b27f,0x88e6a0c2ddd26feeb64f039a2c41296fcb3f5640,0x76777f65e14c732caec4c8bedd241f145a2fa9ae146d4ed915e6b54bf4a8a701,2332.764459553460311028162055415190783301835735395
24962315,0xa7da6e61a9e00a023dac739b4236d62a0d922155,0xe0554a476a092703abdb3ef35c80e0d76d32939f,0xeb3f4aa427106583e37f085166eb5921236d31a4b3deaba8eebcdadc76edcc73,2331.4545602040907651392246883929069363405174541591
24962315,0xa7da6e61a9e00a023dac739b4236d62a0d922155,0x88e6a0c2ddd26feeb64f039a2c41296fcb3f5640,0xeb3f4aa427106583e37f085166eb5921236d31a4b3deaba8eebcdadc76edcc73,2332.771938982056181068009425997799403588178600725
24962315,0x88e6a0c2ddd26feeb64f039a2c41296fcb3f5640,0x7f54f05635d15cde17a49502fedb9d1803a3be8a,0x5b991b93a6e5befceb4a28d68a8df86c4d265d44d4f5b2e687cb96faa2769039,2330.4145904857073165600984436483491605121512678722
24962315,0x36331e299247e5d0d3261e1d9852f6e0cffee95c,0xb4e16d0168e52d35cacd2c6185b44281ec28c9dc,0x96db6d3b9a473d845bb6818d1dfbc30f6151782e89f7bcc3678834b0115ec49b,2336.2759203397073610910648266659859523744209460199
24962315,0x06cff7088619c7178f5e14f0b119458d08d2f5ef,0xe0554a476a092703abdb3ef35c80e0d76d32939f,0xf5ed4eec6b5116ae65004e6f914992dbd7a37a09bc95340da2cab8fed28877d3,2331.4576638653927831283331650609732801364449853725
24962315,0x2747b405f2ce9474817828ddc395c46db848e203,0x1ac1a8feaaea1900c4166deeed0c11cc10669d36,0xbcad6bcb06fef0b7c785508e48b3231ac5e3550dbed394003355e40a5d9c784f,2332.1977038097484503776563678006591245591722614069
24962315,0x06cff7088619c7178f5e14f0b119458d08d2f5ef,0xb4e16d0168e52d35cacd2c6185b44281ec28c9dc,0xb4af8e6d633f69c319743fb7ac0e096422631d16ddc12c24ed81a0f70bd8267f,2336.2995939727724053273621908012841356666464512759
24962315,0xd226997439ecfbeff8e110c8c78c8a7eefd19f89,0xb4e16d0168e52d35cacd2c6185b44281ec28c9dc,0xdde60b2259a54b5076f230aa1071d15923aaea04ef4868efa2eb8dda6279e198,2336.3454781691895375057173061659115394433786866481
24962315,0x06cff7088619c7178f5e14f0b119458d08d2f5ef,0xb4e16d0168e52d35cacd2c6185b44281ec28c9dc,0x1b4940e38b793c27072831de2232c7350af77e6712d651b8cf6bdb0e8f1b0811,2336.3901030541822686310728269355232542080649854854
24962315,0x06cff7088619c7178f5e14f0b119458d08d2f5ef,0x1ac1a8feaaea1900c4166deeed0c11cc10669d36,0x1b4940e38b793c27072831de2232c7350af77e6712d651b8cf6bdb0e8f1b0811,2334.2176601812644163946099862901908103863202690729
24962316,0xba4c928807450c57e4f5aa18cd507987840847bf,0xe0554a476a092703abdb3ef35c80e0d76d32939f,0x5f0214da99913373fdf4c95d2453995ce369158a3a3d28769139ec4d51e85630,2331.5051771090612484188024407984331752441585330626
24962316,0x88e6a0c2ddd26feeb64f039a2c41296fcb3f5640,0x4313c378cc91ea583c91387b9216e2c03096b27f,0xda37d89a7f04f5b28cc9f826f2e8915c856ef3ed056bbf2ac4facbdfea5cdb27,2330.3851515151515151515151515151515151515151515152
24962316,0xa7da6e61a9e00a023dac739b4236d62a0d922155,0x88e6a0c2ddd26feeb64f039a2c41296fcb3f5640,0x1cfdb4cd147e52e94d7b900f750084310ad060771e2be3f6598e45b91eda9078,2332.7185419966941086222359659495522681151143577422
24962316,0xa7da6e61a9e00a023dac739b4236d62a0d922155,0xb4e16d0168e52d35cacd2c6185b44281ec28c9dc,0x1cfdb4cd147e52e94d7b900f750084310ad060771e2be3f6598e45b91eda9078,2336.45553032134401596920089479289802388776497326
24962316,0x4313c378cc91ea583c91387b9216e2c03096b27f,0x88e6a0c2ddd26feeb64f039a2c41296fcb3f5640,0x787b659ed1fe0d7903328162c4ec9098f7b6693907aa9c13cf2af6eb76ed9f0e,2332.7252040435532103328964919335255467329423995262
24962316,0x4313c378cc91ea583c91387b9216e2c03096b27f,0x88e6a0c2ddd26feeb64f039a2c41296fcb3f5640,0x4d0604b88044408f7710b3b2b514d301d6f075a10ed378ba469be07f22a6e239,2332.7316559224555102060364071249528862638635432851
24962316,0x4313c378cc91ea583c91387b9216e2c03096b27f,0x88e6a0c2ddd26feeb64f039a2c41296fcb3f5640,0xfe9aaccab999eb934a12d81cd5f82ea60d795df0e44432a80e4a2d9ce0f9187a,2332.7332311561530707748847701097212316303716751929
24962316,0x4313c378cc91ea583c91387b9216e2c03096b27f,0x88e6a0c2ddd26feeb64f039a2c41296fcb3f5640,0x96c75934bf9cd274ece298821e2a66e95db20caabb7e6221a273bad11b389314,2332.7335445893727548398191069839996940044355322363
24962316,0x4313c378cc91ea583c91387b9216e2c03096b27f,0x88e6a0c2ddd26feeb64f039a2c41296fcb3f5640,0xa09544283c78102b07bc115d7316312264568c81be3484b13967b88c0ca5a3ba,2332.7369279105609272487929298404223180230061617069
24962316,0xe0554a476a092703abdb3ef35c80e0d76d32939f,0x7f54f05635d15cde17a49502fedb9d1803a3be8a,0x7ad73dc4fb3ea14e8cf8d2d4049e59364f5e1ca53ea5a99e7d7dc76d53404660,2330.9856285245184287847840547971410732445647425829
24962316,0x4313c378cc91ea583c91387b9216e2c03096b27f,0x88e6a0c2ddd26feeb64f039a2c41296fcb3f5640,0xfc98afd3eefd84909d2fcc4fa30f4c408cc3b5a201c0fa51a7657b54a19470e5,2332.7419321542203500030660622501968779055670645341
24962316,0x88e6a0c2ddd26feeb64f039a2c41296fcb3f5640,0x4313c378cc91ea583c91387b9216e2c03096b27f,0xc517d87edfd7c8c194633ece4e26d8c4903f9d41bb3af9a5535ab63df1550a5a,2330.4111705288175876411170528817587641117052881759
24962316,0x1ac1a8feaaea1900c4166deeed0c11cc10669d36,0xadacdd97b78c62d3bc261d9aa996f6349ebdbecb,0x3167448849adf517c6bba85f102518daa130d35c6d0b55db8f1fc861261f85b9,2328.2544895195509021824214845230449049890069501476
24962316,0xadacdd97b78c62d3bc261d9aa996f6349ebdbecb,0x1ac1a8feaaea1900c4166deeed0c11cc10669d36,0x3167448849adf517c6bba85f102518daa130d35c6d0b55db8f1fc861261f85b9,2329.4038828900743234619092009357247378542876354183
24962316,0xc10ee9031f2a0b84766a86b55a8d90f357910fb4,0xe0554a476a092703abdb3ef35c80e0d76d32939f,0xee72557fd843e41f4c780a345f056741fa461e0f175e4313b74a7cd7c08fef9a,2331.3744461528590978393122896651568118660133861038
24962316,0xc10ee9031f2a0b84766a86b55a8d90f357910fb4,0x000000000004444c5dc75cb358380d2e3de08a90,0xee72557fd843e41f4c780a345f056741fa461e0f175e4313b74a7cd7c08fef9a,2336.3079274547930439034386193588291086837242742737
24962316,0x06cff7088619c7178f5e14f0b119458d08d2f5ef,0xe0554a476a092703abdb3ef35c80e0d76d32939f,0x4545e0dd7e226aa76e8eb6a3d837683c0f1542894651c1031c04efee9c9e68fd,2331.3993236040803649253333652178986330497825475721
24962317,0xba4c928807450c57e4f5aa18cd507987840847bf,0xe0554a476a092703abdb3ef35c80e0d76d32939f,0x439bda6397efd7e179ebc11d9205f40ac17fd508a898e09759df80ebac19c0c5,2331.4416725487729488144912636559620606876140096484
24962317,0x4313c378cc91ea583c91387b9216e2c03096b27f,0x88e6a0c2ddd26feeb64f039a2c41296fcb3f5640,0x24bd64b99aad824575df6bd15a25ddd106dffd3a3a452aaf20c1b80818d9f36b,2332.7477331174434348447148458548979251103618379965
24962317,0x4313c378cc91ea583c91387b9216e2c03096b27f,0x88e6a0c2ddd26feeb64f039a2c41296fcb3f5640,0xb0d2e16a8ad0e4352a527831441d90a36910e99edc19764e8bf1903482a5b9b9,2332.7613234653380921165949922949609847111657938547
24962317,0x1ac1a8feaaea1900c4166deeed0c11cc10669d36,0xadacdd97b78c62d3bc261d9aa996f6349ebdbecb,0x34e71d3e2b3eb188e356d7f5169847047fb9a0eabf870d3e262b2e21e4927d37,2323.3538525087491370144874391926847530728197472044
24962317,0xadacdd97b78c62d3bc261d9aa996f6349ebdbecb,0x1ac1a8feaaea1900c4166deeed0c11cc10669d36,0x34e71d3e2b3eb188e356d7f5169847047fb9a0eabf870d3e262b2e21e4927d37,2326.1544237146196935264904574481344699844963731401
24962317,0x4313c378cc91ea583c91387b9216e2c03096b27f,0x88e6a0c2ddd26feeb64f039a2c41296fcb3f5640,0x8a40e735551efca39129065bf01b97c10f6c0a1e1c47af61e2c6590575dce5da,2332.7730423322521978068019033822880960957875815352
24962317,0xe0554a476a092703abdb3ef35c80e0d76d32939f,0x25bba698c13485cb5d532421c907c448a3ceee8c,0xda4d123e6f182be10bad9a962478ce8ae21036a09d8236f3e8f1a5e4dcb41fbe,2330.9673987193470311470031013322338105014596113332
24962317,0x28b1dc1a5e3699a428bc51d234dfab7c9cb2a183,0x2fa31d2ac017869998f9574bac76094a8110cf7c,0x777b4cb671bc6f682b628d1d0705b90416768d3262779db35a44928cd9cf9e1a,2329.2528943108299016791457670676332891925666525881
24962317,0x2fa31d2ac017869998f9574bac76094a8110cf7c,0x69d460e01070a7ba1bc363885bc8f4f0daa19bf5,0x777b4cb671bc6f682b628d1d0705b90416768d3262779db35a44928cd9cf9e1a,2329.2528943108299016791457670676332891925666525881
24962317,0x28b1dc1a5e3699a428bc51d234dfab7c9cb2a183,0x163f3103de041d25464e2c8a4f8f3187ec1856e0,0x32b3fc143c5988557865141f0d687ff2f5bba0c97d3fee2f3096782c3479aab7,5979.0518339308424099529536601710863323675331250736
24962317,0xe0554a476a092703abdb3ef35c80e0d76d32939f,0xbc1d9760bd6ca468ca9fb5ff2cfbeac35d86c973,0x3f5318bd75bb8323097f4b6da53e1445a543c0c722ec5dd7e43f394233861c37,2330.8570512135143804127018069068747995295627071528
24962318,0xdf31b012c035ff60be20ded74cf82c20729907ee,0x88e6a0c2ddd26feeb64f039a2c41296fcb3f5640,0x0ce52636cb63c8d41d3dc8292f7012640ef120830d34770c4385480cc513beed,2332.7823193331363288742665888343274432042233658117
24962318,0xdf31b012c035ff60be20ded74cf82c20729907ee,0x1ac1a8feaaea1900c4166deeed0c11cc10669d36,0x0ce52636cb63c8d41d3dc8292f7012640ef120830d34770c4385480cc513beed,2340.3292950982047764733098875253942898593376691883
24962318,0x000000000004444c5dc75cb358380d2e3de08a90,0x4b1d532131fdf4a8e6bacc84dc309442966eb3ff,0x4b7579dd7d742d1ffd99e482eabab84a412b6242a53a67fd85d3a1941bcb5f0b,2300.6185085735561467621259313266715461008692541789
24962318,0x000000000004444c5dc75cb358380d2e3de08a90,0x66a9893cc07d91d95644aedd05d03f95e1dba8af,0x61f3a3bb597893d660040f3a74f783656f17c5cf01c53a2550482ab7419034b6,4593.9048748939649528895090437017286508889575119957
24962318,0xe0554a476a092703abdb3ef35c80e0d76d32939f,0x66a9893cc07d91d95644aedd05d03f95e1dba8af,0x61f3a3bb597893d660040f3a74f783656f17c5cf01c53a2550482ab7419034b6,2330.8058129085870469652188374705588392692519127825
24962318,0x4b1d532131fdf4a8e6bacc84dc309442966eb3ff,0x000000000004444c5dc75cb358380d2e3de08a90,0xd7ab82c7e8f8fff0b28b63e2cecd75814de57f71ccdd0d13f7a74a1ba32ecdf4,2298.767820764188657819588345258878844001460805663
24962318,0xe0554a476a092703abdb3ef35c80e0d76d32939f,0x63f520cc4b54a192e7fd7b830e8dd48078c2949d,0x05915f541a8cf997ad140ed1c668698db598d1546fb73f880dace58c0b2c2c2c,2330.7357910335561475816717718421431967600701830694
24962318,0x1ac1a8feaaea1900c4166deeed0c11cc10669d36,0x49e55995ef73717895a638074de5af89fa1e301c,0xe6a6b72cfd3e164785abd945406095160ba6bf3b6d891e037e96c9db33d18bce,2338.1152505368397304526154982534761337173732992083
24962319,0x1f2f10d1c40777ae1da742455c65828ff36df387,0x000000000004444c5dc75cb358380d2e3de08a90,0x7f7e485e9e43081f5bfd92cd72512fa2729aba03878a17057dea42bafbd58710,2615.1385823350726162385849290474581718620486757371
24962319,0x4c82d1fbfe28c977cbb58d8c7ff8fcf9f70a2cca,0xe0554a476a092703abdb3ef35c80e0d76d32939f,0x970dc863ebf1b8eb30b7919f06c305b88f7dbeefdb701230a9b9318bc07a9f80,2331.1939743121723670714992168046735669520264076744
24962319,0x000000000004444c5dc75cb358380d2e3de08a90,0x1f2f10d1c40777ae1da742455c65828ff36df387,0x08122a6a1130c09e1a15d5bd2b83d829849e6971e6fc6cf44800751d7b5bd04e,2615.9936175185796278755215846797308467128612309102
24962319,0xe0554a476a092703abdb3ef35c80e0d76d32939f,0x06cff7088619c7178f5e14f0b119458d08d2f5ef,0x74f1aed4cab2eebd4630f81a43793057157665589db4f1d6bea521fc4a289f66,2330.7296333333333333333333333333333333333333333333
24962319,0x88e6a0c2ddd26feeb64f039a2c41296fcb3f5640,0x4313c378cc91ea583c91387b9216e2c03096b27f,0xb6f62cedfd349b59a881ab316666febcf156d8ce9c0ee96321b10da4ed66dee9,2330.4530606060606060606060606060606060606060606061
24962319,0x000000000004444c5dc75cb358380d2e3de08a90,0xc10ee9031f2a0b84766a86b55a8d90f357910fb4,0x3e5daa45dfa6e2c632a95fa6d3847f5cf6a6b4c32d6a0a5a54c84ff550c83128,2331.7016552034544585629971990971635145711142175934
24962319,0x4c82d1fbfe28c977cbb58d8c7ff8fcf9f70a2cca,0xe0554a476a092703abdb3ef35c80e0d76d32939f,0x5158de0ef0c6c9ac6601a0b5e19130b39d0efc8316ed4c307ac0bec330fd3f63,2331.1532414284426591797384160033985610217926128765
24962319,0xe0554a476a092703abdb3ef35c80e0d76d32939f,0x7f54f05635d15cde17a49502fedb9d1803a3be8a,0xea90d90554c7313c35f30884fd593ed25f4252b84480547e173a6edaa0b5b9d7,2330.7780397735584631152335230039157522479653759748
24962319,0x3611b82c7b13e72b26eb0e9be0613bee7a45ac7c,0xe0554a476a092703abdb3ef35c80e0d76d32939f,0x2240aac3900480ed2e2f9f226f4109b85a831e17cb31d0c18ba9a37b34185aa2,2331.2643911344256040893596422694239650211714503199
24962319,0xc2e7df8c6727e1f3805cbb6ef9833ca57c2d769e,0x88e6a0c2ddd26feeb64f039a2c41296fcb3f5640,0xb36feab0383a2adc2a50103bdf48edfde6da5c6a48d34945cd16db29c2382aba,2332.7865062352001322304012777169632145968681336304
24962319,0xe8736af1926e9d8f5a6602fbbb0893b26436d710,0x7f54f05635d15cde17a49502fedb9d1803a3be8a,0x61764de826bb49144b04222a48b8bbd7ec3d902ceb07bd6a28877f62c7018923,2329.6047504018211064855265021005294208658726027064
24962320,0x1d27ad3613e84e201bc87929590f95e75454cdc0,0x28b1dc1a5e3699a428bc51d234dfab7c9cb2a183,0x8a1403f2ed462ab024006d25ab2a5f4c5cae01515a9d1a45131810a8ddb682bd,1695.6688650379573635972371271459845868202457797119
24962320,0xe3d41d19564922c9952f692c5dd0563030f5f2ef,0x1d27ad3613e84e201bc87929590f95e75454cdc0,0x8a1403f2ed462ab024006d25ab2a5f4c5cae01515a9d1a45131810a8ddb682bd,1695.6688650379573635972371271459845868202457797119
24962320,0x1445f32d1a74872ba41f3d8cf4022e9996120b31,0xba4c928807450c57e4f5aa18cd507987840847bf,0x1fc852a645241c2e9346db5354308b88618eb4027ae21a7d3f862f8edec21ad1,2331.2081009278497354859248353506226100229010195253
24962320,0xba4c928807450c57e4f5aa18cd507987840847bf,0xe0554a476a092703abdb3ef35c80e0d76d32939f,0x4a5c2d9dcbb2e6fe8c90c49ecd816ba2823c9c58e732507d7a05035de87e9067,2331.3413596194861214486362237925305883157524122379
24962320,0xd226997439ecfbeff8e110c8c78c8a7eefd19f89,0xe0554a476a092703abdb3ef35c80e0d76d32939f,0x4e7c7874d09d53ca8fbd288716a2cd2b29698fa1c6dd17e2f6690fbcd3972dc8,2331.3996092722834982317051486957093146091365639564
24962320,0xd226997439ecfbeff8e110c8c78c8a7eefd19f89,0x000000000004444c5dc75cb358380d2e3de08a90,0x4e7c7874d09d53ca8fbd288716a2cd2b29698fa1c6dd17e2f6690fbcd3972dc8,2330.0638389755002544377136191758048126237873200695
24962320,0x4313c378cc91ea583c91387b9216e2c03096b27f,0x88e6a0c2ddd26feeb64f039a2c41296fcb3f5640,0xdbe2fe0007b692de423886d7340bef9b33ed3c4cc42fb26e3ff5b89437ce03f2,2332.7936999506362019936925243230236387336282347796
24962320,0xe0554a476a092703abdb3ef35c80e0d76d32939f,0x66a9893cc07d91d95644aedd05d03f95e1dba8af,0xf9b74b93a15dd67c50790b12a049df8f935fc7fe7b3ac9690d71c77c3679f74f,2330.8716978597280870353810390888063815402646808124
24962320,0x4313c378cc91ea583c91387b9216e2c03096b27f,0x88e6a0c2ddd26feeb64f039a2c41296fcb3f5640,0xf5b92db8cb5305289cec2df043c8724e01ba87ea7540716b3d5c5ac97f6e88b5,2332.8064609159526265368517825714551346415272270093
24962320,0x07dc98f9714dc3bcb21dd1ee377253ddcdd10854,0xb4e16d0168e52d35cacd2c6185b44281ec28c9dc,0xb525d631cf88b9a2d4b77770715e707ceb957be86a48f8d59a9e361990eeb243,2336.4995215980407336809598907382712038812699502672
24962320,0x4313c378cc91ea583c91387b9216e2c03096b27f,0x88e6a0c2ddd26feeb64f039a2c41296fcb3f5640,0xba2beac099388c215ff0ed2729230b7aa3f0a8c4ee150e8df6b11bb606e09724,2332.8171909600030543118782316086615929211696062623
24962320,0xe0554a476a092703abdb3ef35c80e0d76d32939f,0x84cc5f0bc0aa4bf47f3f60628c51cb1ab2745572,0xf4fd5c8932782cef9cc815af83e0aa4dd1db26b36e7245f2433fcfe604638bd3,2330.7642057541336052867232521825331183867015882268
24962320,0x84cc5f0bc0aa4bf47f3f60628c51cb1ab2745572,0x000000000004444c5dc75cb358380d2e3de08a90,0xf4fd5c8932782cef9cc815af83e0aa4dd1db26b36e7245f2433fcfe604638bd3,2326.9434229714114972160115823410353089148196532134
24962320,0x4313c378cc91ea583c91387b9216e2c03096b27f,0x88e6a0c2ddd26feeb64f039a2c41296fcb3f5640,0x92c26dadb5ce326a226aee2bd998826b0427b97a8767a52fe8e97b738e245b82,2332.8180400869651289335626334457926546396136943974
24962320,0x4313c378cc91ea583c91387b9216e2c03096b27f,0x88e6a0c2ddd26feeb64f039a2c41296fcb3f5640,0xb45865a8e765186db4cb12d4f9ee9ad74c1ee785fe7f6a5bcc0706dc52a3c969,2332.8263890716734781341505806000333626226099175068
24962320,0x1445f32d1a74872ba41f3d8cf4022e9996120b31,0x36331e299247e5d0d3261e1d9852f6e0cffee95c,0x2466754b9856bbfaa1fab05f25e2fa4688bdabde9350adb643ef201fe39727c8,2330.93317629838391520683899013394554490713897161
24962320,0x3ab4ff4cb04b9e77f83ac7e74ab6f9ffa95c4c09,0x9008d19f58aabd9ed0d60971565aa8510560ab41,0xea567290562584580fff86e626a9982c6b4ce2623bd7b02ff11c7316868351b9,2332.4830113321865743715325305261013111786249185978
24962320,0x9008d19f58aabd9ed0d60971565aa8510560ab41,0x2c0552e5dcb79b064fd23e358a86810bc5994244,0xea567290562584580fff86e626a9982c6b4ce2623bd7b02ff11c7316868351b9,2331.327528100762977492561831349193840156907932851
24962320,0x2c0552e5dcb79b064fd23e358a86810bc5994244,0xe0554a476a092703abdb3ef35c80e0d76d32939f,0xea567290562584580fff86e626a9982c6b4ce2623bd7b02ff11c7316868351b9,2331.327528100762977492561831349193840156907932851
24962320,0x1ac1a8feaaea1900c4166deeed0c11cc10669d36,0xdf31b012c035ff60be20ded74cf82c20729907ee,0xb83caf6e100b3e5d34e2bc4305c7ae2351d80f7b1c37f33fa73b8768b47d29ff,2324.8576579631631056661487034525941578014117475603
24962320,0x4313c378cc91ea583c91387b9216e2c03096b27f,0x88e6a0c2ddd26feeb64f039a2c41296fcb3f5640,0x8e635169c5d0cf3d24a3913e653aebe19313f59d80b0a3b497e3da1fe510a14d,2332.8354754581353398962154187230716656743480170229
24962320,0x4313c378cc91ea583c91387b9216e2c03096b27f,0x88e6a0c2ddd26feeb64f039a2c41296fcb3f5640,0x84dbf0e042035019fb32de5a4a7a563a532001902b1f1b8fb0db222756d44c84,2332.8406128412937858952300640018443140465049165068
24962320,0x1d27ad3613e84e201bc87929590f95e75454cdc0,0x28b1dc1a5e3699a428bc51d234dfab7c9cb2a183,0x0f11c9ab9b4f12136ef62f8e7ee736259e8adf4c0f0ce4c966dea3b9adfdd36b,1195.0714433451646136600980449294933623782908736479
24962320,0xe3d41d19564922c9952f692c5dd0563030f5f2ef,0x1d27ad3613e84e201bc87929590f95e75454cdc0,0x0f11c9ab9b4f12136ef62f8e7ee736259e8adf4c0f0ce4c966dea3b9adfdd36b,1195.0714433451646136600980449294933623782908736479
24962321,0xe0554a476a092703abdb3ef35c80e0d76d32939f,0xd226997439ecfbeff8e110c8c78c8a7eefd19f89,0xa665a85c80efade0d02b697aef0397c2ebcc09acf39f95133e8f860741e82666,2330.8737157806601260533839835369577493123168277576
24962321,0xe0554a476a092703abdb3ef35c80e0d76d32939f,0xd226997439ecfbeff8e110c8c78c8a7eefd19f89,0xfb90a0444f583d1ef55831b110a8ac075b0523a2d190c1a7c91007b60bb5919f,2330.845931924021651204061050505886131486852682786
24962321,0xdf31b012c035ff60be20ded74cf82c20729907ee,0x1ac1a8feaaea1900c4166deeed0c11cc10669d36,0x69ab172e24d43e964d1e1f5bf79ee44f02c8fff0fb3e339cfbc38b6edac232f3,2332.7544736875345573864902747342621743963385948994
24962321,0x1d27ad3613e84e201bc87929590f95e75454cdc0,0x28b1dc1a5e3699a428bc51d234dfab7c9cb2a183,0xc97866df5bb6cabb038a5c72d46b319615dd7adc41e1c0d2a4dd39113fecbdc9,2330.7426112981668537224092779648335203890759446315
24962321,0xe3d41d19564922c9952f692c5dd0563030f5f2ef,0x1d27ad3613e84e201bc87929590f95e75454cdc0,0xc97866df5bb6cabb038a5c72d46b319615dd7adc41e1c0d2a4dd39113fecbdc9,2330.7426112981668537224092779648335203890759446315
24962321,0xdf31b012c035ff60be20ded74cf82c20729907ee,0x1ac1a8feaaea1900c4166deeed0c11cc10669d36,0x0dbc3170f177f8bdae893924cc42103d3492f2652bfbf3a02ce51aadf8691ea4,399.06515586623392728984223627123132094410810524048
24962321,0xd92f4302a46d0138317fe90557f4e0a7d34913a3,0x88e6a0c2ddd26feeb64f039a2c41296fcb3f5640,0x0dbc3170f177f8bdae893924cc42103d3492f2652bfbf3a02ce51aadf8691ea4,2332.8282656723165234942524999357060584094802436505
24962321,0x4903bbc618968fcb6d442564945569583fc5ba50,0x1ac1a8feaaea1900c4166deeed0c11cc10669d36,0x3894eb6f5ee19d48c9566aa72c74788aa33be203a964ee28050316258f006c7a,2674.9035165690631547318537999511131357602449180484
24962321,0xd8dc37b9150e756b7b7b9f7c51302a40ee5ff807,0x88e6a0c2ddd26feeb64f039a2c41296fcb3f5640,0x3894eb6f5ee19d48c9566aa72c74788aa33be203a964ee28050316258f006c7a,2332.8288746029194014985073823626409077981068937882
24962321,0x1d27ad3613e84e201bc87929590f95e75454cdc0,0x28b1dc1a5e3699a428bc51d234dfab7c9cb2a183,0xc3b34f6d3a2be4aa6a613f8f8394d6b69882e60542245a9dc462d5ea63e9cdc3,2330.7426487093153759820426487093153759820426487093
24962321,0xe3d41d19564922c9952f692c5dd0563030f5f2ef,0x1d27ad3613e84e201bc87929590f95e75454cdc0,0xc3b34f6d3a2be4aa6a613f8f8394d6b69882e60542245a9dc462d5ea63e9cdc3,2330.7426487093153759820426487093153759820426487093
24962321,0x0b3da2ae835d25127ad31ee9115b6bc84f7f3c83,0x88e6a0c2ddd26feeb64f039a2c41296fcb3f5640,0x7d9b33410ca42238ecba03bf7ce905adc35ed82e9d362e3606cdb11832076d05,2332.8279450268684770722793191080365995774775176335
24962321,0xf2853b56a381b4409e0f75e6b625e294cc4cbf0c,0xe0554a476a092703abdb3ef35c80e0d76d32939f,0x5c0c584b3d4d37a754c75e8c0021d48345852f86734f991227233bba26ca32e9,2331.158089619745863890999209371441686458751155445
24962321,0x4313c378cc91ea583c91387b9216e2c03096b27f,0x88e6a0c2ddd26feeb64f039a2c41296fcb3f5640,0xc744c5a3bec83aa897ae3efd4ee6772fb5a124d477fcf8e54334b732b96a40a8,2332.8287568985102275005261798406658363448670498638
24962321,0x4313c378cc91ea583c91387b9216e2c03096b27f,0x88e6a0c2ddd26feeb64f039a2c41296fcb3f5640,0x060ce1436823cd8c38e43a022d1c944825f028fdb609a31a986d1542aeaae6b4,2332.830216002616489965139871623639574646049175627
24962321,0x4313c378cc91ea583c91387b9216e2c03096b27f,0x88e6a0c2ddd26feeb64f039a2c41296fcb3f5640,0xae9df78071e3fe4f8d73f6cb9bedd26dd44fc3b8f9c05d73a220d8f1ec0b36b7,2332.836258350713139644446239443209731668005530425
24962321,0x88e6a0c2ddd26feeb64f039a2c41296fcb3f5640,0x4313c378cc91ea583c91387b9216e2c03096b27f,0xb3a6391b64ffce5e20edb276fb94dbe13249789d1d6c0667305a501c93b7bc1b,2330.5088215488215488215488215488215488215488215488
24962321,0x63f520cc4b54a192e7fd7b830e8dd48078c2949d,0xe0554a476a092703abdb3ef35c80e0d76d32939f,0x35ed0a4dcf07398f7d1b445d188951bba58f3943e94a804bac72bbf50eee7f0f,2331.2020112366516598085978671582541885367550987311
24962321,0x88e6a0c2ddd26feeb64f039a2c41296fcb3f5640,0x4313c378cc91ea583c91387b9216e2c03096b27f,0xc53d7702ad6b89dc44ac267332be9fd11465808b5d2c04fc9ffa9f374e704827,2330.491962962962962962962962962962962962962962963
24962321,0x1ac1a8feaaea1900c4166deeed0c11cc10669d36,0x2cf73796be4613151a05a90bd4625225c8198c9c,0xfa1c155397e6b9651a019c5eb71a29be271e2438eb749d1ed6711d91d2f6f676,2335.2954721284454469728123852543658527380307453229
24962321,0x2cf73796be4613151a05a90bd4625225c8198c9c,0xe0554a476a092703abdb3ef35c80e0d76d32939f,0xfa1c155397e6b9651a019c5eb71a29be271e2438eb749d1ed6711d91d2f6f676,2331.2725775315172609055564991416342238870232774336
24962321,0x63f520cc4b54a192e7fd7b830e8dd48078c2949d,0xe0554a476a092703abdb3ef35c80e0d76d32939f,0xb35a5be25ccf097880abf3dc9309a1538d5db9d767653ea9894c33831cb4920a,2331.337159736381489077150701983217161982393860224
24962321,0xf21ac08c62c9f8e7544ce39cb7fdfca3ee4f237a,0x1ac1a8feaaea1900c4166deeed0c11cc10669d36,0xf2b0134885f76caaca34d3e91e4f1dd0c01807a660bd826505505fadb62d60bc,2333.9462794011780675206936539076415930333267603676
24962322,0xe0554a476a092703abdb3ef35c80e0d76d32939f,0x03588d14a7aff8a566afd539a4b44cdecca00fdb,0xb5d69236403f5a4f8da184ec87901263379e79010379e908b28501b409e1067b,2330.8969115180779518317494263056212602797839191232
24962322,0x03588d14a7aff8a566afd539a4b44cdecca00fdb,0xe0554a476a092703abdb3ef35c80e0d76d32939f,0xbf9b23ebd8ec4ed1957b5f895dfc64d96378875cf5226071b007eec099b3ebb2,2331.3640087497604500679487835621749692356510441937
24962322,0x06cff7088619c7178f5e14f0b119458d08d2f5ef,0xc149ebc76142b337b2cd5ffa3b27af9812cd9952,0x4f561c38f84d09524257a8696c53bed282c773548dcaa0be0907612dcf587289,2388.2166511064693076771207179121609060258270045977
24962322,0xa7da6e61a9e00a023dac739b4236d62a0d922155,0x88e6a0c2ddd26feeb64f039a2c41296fcb3f5640,0x278d4d019c60e0b93d5231a9f83d35051246f726299aaecaf96a99bc8c30ba04,2332.8167752577502022771870206459347171645137534019
24962322,0x8f10b468b06c6fd214b65f87778827f7d113f996,0x1ac1a8feaaea1900c4166deeed0c11cc10669d36,0xc3970344b30536c68e184c336636d4b95105dbb6ac12100b321ab6c5ef088b94,2334.804155029970396150974245752719836651270503912
24962322,0x7f54f05635d15cde17a49502fedb9d1803a3be8a,0xe0554a476a092703abdb3ef35c80e0d76d32939f,0x2021ea252aa9d2840d8810b55d8722173b9bbe4b6c0a5cfc851fb57f4bc97b5c,2331.5502982079844551887638648104745179619350267643
24962322,0x4313c378cc91ea583c91387b9216e2c03096b27f,0x88e6a0c2ddd26feeb64f039a2c41296fcb3f5640,0xa5eb5bc66dd1432eecec28ddb3b59868cc8e652a61ed372d975d1fdbf69da7b9,2332.8234912528142331404905463344645986408459597863
24962322,0x4313c378cc91ea583c91387b9216e2c03096b27f,0x88e6a0c2ddd26feeb64f039a2c41296fcb3f5640,0x983ad6dab44cad49decbc44652b78441abecc91b15a2cb17f36f0508afea6704,2332.827053149055912670601571657258867847958415125
24962322,0x88e6a0c2ddd26feeb64f039a2c41296fcb3f5640,0x4313c378cc91ea583c91387b9216e2c03096b27f,0x4f0633ea81dc3200eba5fca6211b09ed76939839f76c1dc3f7199c39e3130d81,2330.4968200523756079311634867190422745978301533857
24962322,0x000000000004444c5dc75cb358380d2e3de08a90,0xc10ee9031f2a0b84766a86b55a8d90f357910fb4,0x6cb61733e343243fa99570cb44c6c1ec97b1a6ef9cb30baf450b1ef3cc9ca7c2,2328.0220602048747624784139399673896771410553300057
24962322,0x51c72848c68a965f66fa7a88855f9f7784502a7f,0xa8c1c98aaf99a5dfc907d61b892b2ad624901185,0x6d84ddbd6a6021037c829aff7cfa8b1a34bfd6b89fe8e45ec264ab3f629ce6f6,2331.146141
24962322,0xc10ee9031f2a0b84766a86b55a8d90f357910fb4,0x000000000004444c5dc75cb358380d2e3de08a90,0xe7e27ff1077a8eebfae44029283b727d0fb1464400e5cc88d43f1e44488e4cd8,2333.5045707647556960854642281431006431202966548541
24962322,0x1ac1a8feaaea1900c4166deeed0c11cc10669d36,0xd226997439ecfbeff8e110c8c78c8a7eefd19f89,0x2146d7bc722b68e10cc7cddfabd937e1f8e5c3ae2f93ecfa03bf4a95033b8b6d,2329.4883193836307456125914273973163508668317575293
24962323,0xc149ebc76142b337b2cd5ffa3b27af9812cd9952,0x1f2f10d1c40777ae1da742455c65828ff36df387,0x526c53e3d7d019b871eabe059a82d53388232d8242e9a327db096da8a86872fb,2375.7887588457333026276770364929011437455305705953
24962323,0x000000000004444c5dc75cb358380d2e3de08a90,0x1f2f10d1c40777ae1da742455c65828ff36df387,0x526c53e3d7d019b871eabe059a82d53388232d8242e9a327db096da8a86872fb,2334.4698571071774807572141685252181057235987721766
24962323,0x1f2f10d1c40777ae1da742455c65828ff36df387,0x1445f32d1a74872ba41f3d8cf4022e9996120b31,0x526c53e3d7d019b871eabe059a82d53388232d8242e9a327db096da8a86872fb,2331.4593257804954987998476731103328778918862734463
24962323,0x000000000004444c5dc75cb358380d2e3de08a90,0xd06c50cde7279a98ef970fbdba73e84930ad8468,0x7ec0026847f4b7fc85eab3fd33a515b2c17e45b0829b43254273049b9b7f6fd7,2447.2379353801880560144859910308106968186746599342
24962323,0xd06c50cde7279a98ef970fbdba73e84930ad8468,0xe0554a476a092703abdb3ef35c80e0d76d32939f,0x7ec0026847f4b7fc85eab3fd33a515b2c17e45b0829b43254273049b9b7f6fd7,2331.6486266778544328744237963934919360800970756324
24962323,0x061d25282e0cb3e32d983817d167385a7f97dda5,0xe0554a476a092703abdb3ef35c80e0d76d32939f,0x3a9be380d50b531b1fbb5f3a5dc8aca29bd229d64499e617d327fc83448f247a,2331.7237821858254820194806143991004209372381394584
24962323,0xe0554a476a092703abdb3ef35c80e0d76d32939f,0x06cff7088619c7178f5e14f0b119458d08d2f5ef,0xc44cf5826f438691e6bae2061ed9fd79bf257ca9c5133e6e62167e3dfa5c88f9,2331.2280218749992714912431640627276589865112303976
24962323,0x06cff7088619c7178f5e14f0b119458d08d2f5ef,0x000000000004444c5dc75cb358380d2e3de08a90,0xc44cf5826f438691e6bae2061ed9fd79bf257ca9c5133e6e62167e3dfa5c88f9,2320.7414459124409002490899390854089360810417452076
24962323,0xfec5db3e0b274a32ddfe2339997fbb6c21724883,0xe0554a476a092703abdb3ef35c80e0d76d32939f,0xa0385a0bae4588246bee6a696c03e9e697097fae54d5db16479ae367c8423efa,2331.6616197716715645863062753029737587190422093441
24962323,0x28b1dc1a5e3699a428bc51d234dfab7c9cb2a183,0xe0554a476a092703abdb3ef35c80e0d76d32939f,0xdfb4dfc811839b145d5010d68c886c7dab46234e5fea865261ea1c02aa5144ea,2331.6860047042412554328247005407430929530807706446
24962323,0x1445f32d1a74872ba41f3d8cf4022e9996120b31,0xadacdd97b78c62d3bc261d9aa996f6349ebdbecb,0x56026225ca04df15484f2237ee825ad2d814d55ad6b8ee68e550126a67a4abd2,2331.0605270086490445759859681049611146128198814529
24962323,0xa7da6e61a9e00a023dac739b4236d62a0d922155,0xe0554a476a092703abdb3ef35c80e0d76d32939f,0xd8f208e24ddcf7a4cdb0baf65ddcd09aab536d0d42f5411b949751cb214efa70,2331.7145315824532000022573545123396249637958216032
24962323,0x88e6a0c2ddd26feeb64f039a2c41296fcb3f5640,0xef6fc636a63859e08ad3479fe456262eed2e5042,0xfbc94c9c9c1bf5c3b14d50d46943b5fc5987ff194d37a9ebacc35387e599e48f,2330.4946868686868686868686868686868686868686868687
24962323,0x1d27ad3613e84e201bc87929590f95e75454cdc0,0x28b1dc1a5e3699a428bc51d234dfab7c9cb2a183,0xe105f1cd08c0106f10ad861649afb86e64ba53a152fbad38d45c5f25837c612d,2330.7430442713683594503900437670819247554833367575
24962323,0xe3d41d19564922c9952f692c5dd0563030f5f2ef,0x1d27ad3613e84e201bc87929590f95e75454cdc0,0xe105f1cd08c0106f10ad861649afb86e64ba53a152fbad38d45c5f25837c612d,2330.7430442713683594503900437670819247554833367575
24962323,0xba4c928807450c57e4f5aa18cd507987840847bf,0xe0554a476a092703abdb3ef35c80e0d76d32939f,0x609ad81867679224a779a475682aeffb5f2565c8a5c696c1ee234eaa9f4ce05d,2331.6742046672696163311201135019995748995510168254
24962323,0x4f7e79fc4a71ff4a99a28ddadf7964dd92d25a40,0x88e6a0c2ddd26feeb64f039a2c41296fcb3f5640,0x2485bd43f665b4a5834d2e4e268f1ddfb24bc640583a72c2adb5e035f3c47699,2332.8278357224710977024864895524569287739423547421
24962323,0x4313c378cc91ea583c91387b9216e2c03096b27f,0x88e6a0c2ddd26feeb64f039a2c41296fcb3f5640,0x7aabe7b9d5c846d970665ea58d9db07d23994651d70dce05a5cc64923cba695d,2332.8315358731127625781621738828044071603807982008
24962323,0x1445f32d1a74872ba41f3d8cf4022e9996120b31,0xc10ee9031f2a0b84766a86b55a8d90f357910fb4,0x60ccdd88376af498c3241db8d1230074f4fba0d4a696689a7110323341697424,2330.6741962476710928206419227541684367949592557325
24962323,0x000000000004444c5dc75cb358380d2e3de08a90,0xba4c928807450c57e4f5aa18cd507987840847bf,0xf39f42090469a93e549ff61ce0fdf43c73e20ba25d1faf2198ec85caec9f5a1e,2325.6643487088360776853020411156847736726713979461
24962324,0x0000000aa232009084bd71a5797d089aa4edfad4,0x000000000004444c5dc75cb358380d2e3de08a90,0x37a42f3bf6c3bf842d877e71f7c06fbd6b67c4977344ca72a26d7675b6b812c9,1368.9971017828309852657751992086690789849489220842
24962324,0xe0554a476a092703abdb3ef35c80e0d76d32939f,0xd226997439ecfbeff8e110c8c78c8a7eefd19f89,0x5be4664ea51cf7abcffb9db6f070d1bc6679c8f1dadd63524316450b37933c2e,2331.1741684710425112002601118734276222917500101593
24962324,0x88e6a0c2ddd26feeb64f039a2c41296fcb3f5640,0x4313c378cc91ea583c91387b9216e2c03096b27f,0xc8006658738d299f3232367bdb47d1b30354e6d9a705205654c3dbafe5255d00,2330.4822
24962324,0xdf31b012c035ff60be20ded74cf82c20729907ee,0x1ac1a8feaaea1900c4166deeed0c11cc10669d36,0x7bd868a900a39ac4a6586b498a109363dd5b493cf5a4f3bcaa25fd7bbad67e08,2330.5105650654538576851422471686082151130635487288
24962324,0x4313c378cc91ea583c91387b9216e2c03096b27f,0x88e6a0c2ddd26feeb64f039a2c41296fcb3f5640,0xbeaf685003fe46c3163b3d0e272c0ddf81e6d3b94ac0c518548fc1cf8e031da3,2332.8034379134918227651242298913840100967117665178
24962324,0xf2853b56a381b4409e0f75e6b625e294cc4cbf0c,0xe0554a476a092703abdb3ef35c80e0d76d32939f,0x3f51dc8c3c3b0f0dc5d40fadee578e603c5eeba9de36751133cc3756e2018458,2331.6199909509435272771336590230419058989601784568
24962324,0x4313c378cc91ea583c91387b9216e2c03096b27f,0x88e6a0c2ddd26feeb64f039a2c41296fcb3f5640,0x9a27fa228a5b677d5390afe55ae8876e462c9455dd582b8df65c3dce1450377f,2332.8123410405887657390812591514028353277125067312
24962324,0x88e6a0c2ddd26feeb64f039a2c41296fcb3f5640,0x4313c378cc91ea583c91387b9216e2c03096b27f,0x3fd3d3c1d0f74fb60c3a89f716079ce7f80fb72fbf192df3d4a21b06a3c02755,2330.4813099005580857086643042224153415125886914861
24962324,0x63f520cc4b54a192e7fd7b830e8dd48078c2949d,0xe0554a476a092703abdb3ef35c80e0d76d32939f,0x1f63dca7edc85e9ab479ea62fd73b6324418287f52af744bbe1dbb278fa112fe,2331.6051563217323379101725219687680332584099903633
24962324,0xbdb3ba9ffe392549e1f8658dd2630c141fdf47b6,0xe0554a476a092703abdb3ef35c80e0d76d32939f,0x4f22cef27c07498bc2a2b62cbcaf5f3d44494101a1dc9871d663175d540747a5,2331.7494518816803927607718013636716486949666796733
24962324,0xf74c2bbfd2e10a2e71b8550cd1edae9fd08de55a,0x000000000004444c5dc75cb358380d2e3de08a90,0x67606d7c94052a3914eba725c3ccfbaa1f2dbe25c8319773b2c758c39699b939,2328.8690143588450048446092262054587211514487470103
24962324,0xbdb3ba9ffe392549e1f8658dd2630c141fdf47b6,0xf74c2bbfd2e10a2e71b8550cd1edae9fd08de55a,0x67606d7c94052a3914eba725c3ccfbaa1f2dbe25c8319773b2c758c39699b939,2328.8690143588450048446092262054587211514487470103
24962324,0xf21ac08c62c9f8e7544ce39cb7fdfca3ee4f237a,0x1445f32d1a74872ba41f3d8cf4022e9996120b31,0x2ca6d14fa380bec5938a3aa67937c9fe4f08c261ddf951fc164198c7b96092da,2331.148217165719890819026809670998235640149885933
24962325,0x0000000aa232009084bd71a5797d089aa4edfad4,0x000000000004444c5dc75cb358380d2e3de08a90,0x46df1f0242d54db4c3ea2c5245999060e2ec0ec14fd8c0d911b30d68cb96250d,1096.9709754693533984958701737094238999101691472408
24962325,0xf2853b56a381b4409e0f75e6b625e294cc4cbf0c,0xe0554a476a092703abdb3ef35c80e0d76d32939f,0x65ec6ab63c5f43485ee923b3e5ad8dc863f217a8ab11244628bc1cbc8b545c57,2332.2881158216173638644668720148062430817911745937
24962325,0x061d25282e0cb3e32d983817d167385a7f97dda5,0x1445f32d1a74872ba41f3d8cf4022e9996120b31,0x0774968186c4c2f006ffa89c2913267668b90b8114d9d9d7dce775fd756d5408,2333.4200816991151212500791842860991915685641769278
24962325,0x061d25282e0cb3e32d983817d167385a7f97dda5,0x88e6a0c2ddd26feeb64f039a2c41296fcb3f5640,0x0774968186c4c2f006ffa89c2913267668b90b8114d9d9d7dce775fd756d5408,2332.8144332476091580266860589147082948903525822987
24962325,0x061d25282e0cb3e32d983817d167385a7f97dda5,0xe0554a476a092703abdb3ef35c80e0d76d32939f,0x0774968186c4c2f006ffa89c2913267668b90b8114d9d9d7dce775fd756d5408,2332.2805112402839584205764390656200689287803674789
24962325,0x0a8accba63f42e743a31f33c44b87be0c83fe230,0xe0554a476a092703abdb3ef35c80e0d76d32939f,0x58939e946d0fa1131c99682696977356f26be143ab900af6c02af304337befde,2332.3136523498650706772376177977032575518781186956
24962325,0x0a8accba63f42e743a31f33c44b87be0c83fe230,0x88e6a0c2ddd26feeb64f039a2c41296fcb3f5640,0x58939e946d0fa1131c99682696977356f26be143ab900af6c02af304337befde,2332.8179832489887828741475013411579933546424239354
24962325,0x365084b05fa7d5028346bd21d842ed0601bab5b8,0xe0554a476a092703abdb3ef35c80e0d76d32939f,0x3b2494d685acb657c2543818bfb1b4200d040b79ce735d5cbb2034cd7e7a161c,2332.4139793835783420551858855230873736484993575184
24962325,0x365084b05fa7d5028346bd21d842ed0601bab5b8,0x1445f32d1a74872ba41f3d8cf4022e9996120b31,0x3b2494d685acb657c2543818bfb1b4200d040b79ce735d5cbb2034cd7e7a161c,2335.9553816501876422761779398608684432577280069578
24962325,0x365084b05fa7d5028346bd21d842ed0601bab5b8,0x1ac1a8feaaea1900c4166deeed0c11cc10669d36,0x3b2494d685acb657c2543818bfb1b4200d040b79ce735d5cbb2034cd7e7a161c,2333.2902652001824278144854322279216838890329452781
24962325,0x365084b05fa7d5028346bd21d842ed0601bab5b8,0x000000000004444c5dc75cb358380d2e3de08a90,0x3b2494d685acb657c2543818bfb1b4200d040b79ce735d5cbb2034cd7e7a161c,2333.2731099261563298985253992423810407906701523113
24962325,0x28b1dc1a5e3699a428bc51d234dfab7c9cb2a183,0x163f3103de041d25464e2c8a4f8f3187ec1856e0,0x239bd72fff3f8abccece97aaea18b0335cc459ec50c0763272d0472e1131e29d,2843.5488181640680724727433034189497556711880905089
24962325,0x1d27ad3613e84e201bc87929590f95e75454cdc0,0x28b1dc1a5e3699a428bc51d234dfab7c9cb2a183,0x3a1f531824b8996f02cf2f383e9cfac6d0c69d65315e2c739220e7fac65da541,2331.3213343381287762460313413074806265239554943612
24962325,0xe3d41d19564922c9952f692c5dd0563030f5f2ef,0x1d27ad3613e84e201bc87929590f95e75454cdc0,0x3a1f531824b8996f02cf2f383e9cfac6d0c69d65315e2c739220e7fac65da541,2331.3213343381287762460313413074806265239554943612
24962325,0xc149ebc76142b337b2cd5ffa3b27af9812cd9952,0x28b1dc1a5e3699a428bc51d234dfab7c9cb2a183,0x3a1f531824b8996f02cf2f383e9cfac6d0c69d65315e2c739220e7fac65da541,2312.226794889427264616372029382619397747990788838
24962325,0x4313c378cc91ea583c91387b9216e2c03096b27f,0x88e6a0c2ddd26feeb64f039a2c41296fcb3f5640,0x73587d6f1cf74d1caa54fc66aed0213a15794fcb3dfaf928611dfefd6d8c4cf7,2332.8189143532052724394896611766996596602883639245
24962325,0x88e6a0c2ddd26feeb64f039a2c41296fcb3f5640,0xf21ac08c62c9f8e7544ce39cb7fdfca3ee4f237a,0x4d85a3568b76c46c7da53bc4906b8bbe788c5fadb97fbc9c5b7c16f255e44400,2330.4889592022017045922503268067068625297009936072
24962325,0x4313c378cc91ea583c91387b9216e2c03096b27f,0x88e6a0c2ddd26feeb64f039a2c41296fcb3f5640,0x63c6e3ed141db4506dec26eb9737ad343a54be330517d82c9623ea3619558842,2332.8221809959076747659165639152667680369458307855
24962326,0xe0554a476a092703abdb3ef35c80e0d76d32939f,0x91a7caaf2b770e9ebf7606159d0e1f1ec7f2f423,0x0fe5dd8812bdd46266068a99ba5544ec0ee13bf5bd24e964b50951bee1251a81,2331.9503240335205350730425124185955916189881424634
24962326,0x1d27ad3613e84e201bc87929590f95e75454cdc0,0x28b1dc1a5e3699a428bc51d234dfab7c9cb2a183,0x6884508622f22ce227cfe4c54715f32f5299d06d63e7ea72dd85983968a83d36,2331.3213564213564213564213564213564213564213564214
24962326,0xe3d41d19564922c9952f692c5dd0563030f5f2ef,0x1d27ad3613e84e201bc87929590f95e75454cdc0,0x6884508622f22ce227cfe4c54715f32f5299d06d63e7ea72dd85983968a83d36,2331.3213564213564213564213564213564213564213564214
24962326,0x91a7caaf2b770e9ebf7606159d0e1f1ec7f2f423,0xe0554a476a092703abdb3ef35c80e0d76d32939f,0x4bfc6995c1597a6b5bbd0977aa11e3944d3f3e92de61933e329a633014750543,2332.3600658136617051906749329915873293522457530457
24962326,0x041380a9a1c7b0729c9c2c09e82ebf97fe9227ad,0x88e6a0c2ddd26feeb64f039a2c41296fcb3f5640,0x4bfc6995c1597a6b5bbd0977aa11e3944d3f3e92de61933e329a633014750543,2332.8309581174427767429163728373340884315366316965
24962327,0x000000000004444c5dc75cb358380d2e3de08a90,0x0000000aa232009084bd71a5797d089aa4edfad4,0x5d7c01e286ea215248ca33a3c712bf2b426dc8874129c206cde2038f4e53d9aa,1125.888566236141363212984140125985006364641871634
24962327,0xe0554a476a092703abdb3ef35c80e0d76d32939f,0x51c72848c68a965f66fa7a88855f9f7784502a7f,0x8222cd73ef5d9bbfdb8d7722d329bb4126086715d846d054cc076574ab3a3a51,2331.5941464486159246500454808120289719918935839776
24962327,0x1445f32d1a74872ba41f3d8cf4022e9996120b31,0x51c72848c68a965f66fa7a88855f9f7784502a7f,0x0ee9fb7aab92b1cc023cb720c99eedf307b8cc54974fed15e0d268f954b295e7,2333.5504887639977449907576819575155441139397976811
24962327,0x4313c378cc91ea583c91387b9216e2c03096b27f,0x88e6a0c2ddd26feeb64f039a2c41296fcb3f5640,0x88d2c1658d62ff02738c3df0c6ca3119685bc49b820086d22611d8f143161e0c,2332.8336871162506999008527798464372170221486749624
24962327,0xc165c9a4db89aa72b23f66b96731a960084a1fe2,0xe0554a476a092703abdb3ef35c80e0d76d32939f,0x6091ff47a38bfbdf57141d0325699e1a68c4e5d1db05ffce6f825f1a1b6279ad,2331.6541374414791305709630876555566102876415001277
24962327,0xd226997439ecfbeff8e110c8c78c8a7eefd19f89,0x69d460e01070a7ba1bc363885bc8f4f0daa19bf5,0x52b2843c540b1b600c8e3ee0fa2632450bf760b90d2781f2b10efdd78634fe83,2334.2874682060965866307375786602015156971614398559
24962327,0x4313c378cc91ea583c91387b9216e2c03096b27f,0x88e6a0c2ddd26feeb64f039a2c41296fcb3f5640,0x14d860159c482d2d80b575b99675ffb0991c6f8962ffc393d025753896f113c2,2332.8371628592178925124349529233319709356343625418
24962327,0xd226997439ecfbeff8e110c8c78c8a7eefd19f89,0x8ad599c3a0ff1de082011efddc58f1908eb6e6d8,0x6360c2afc3ae6e5645e27aa356b8aac897a30236808c5294a7f51d8f1281630c,2335.2749747957344912968719631618782410036092536427
24962327,0x2747b405f2ce9474817828ddc395c46db848e203,0xe0554a476a092703abdb3ef35c80e0d76d32939f,0x4950e72aa21e8ee5f6dda697003c9ded5c4a31b05dce88b60d7188acbeaff091,2331.661566447855115489225531852837785136957817896
24962327,0x000000000004444c5dc75cb358380d2e3de08a90,0xa7da6e61a9e00a023dac739b4236d62a0d922155,0xb786d537bace83e69560075c00e28c0ff2b0feb5ce0c3ce6010f37ab9f841597,5065.5531394943079154346617581331514969273761407209
24962327,0xa7da6e61a9e00a023dac739b4236d62a0d922155,0xe0554a476a092703abdb3ef35c80e0d76d32939f,0xb786d537bace83e69560075c00e28c0ff2b0feb5ce0c3ce6010f37ab9f841597,2331.6786834733878863885630728838102488165310579843
24962327,0x53816c4b4678942935e9fe32ca37dd3a8b67089b,0x1ac1a8feaaea1900c4166deeed0c11cc10669d36,0x2b90b39e55857f1456d65a057328fde76c88762abd4c031b07694e56102c35b2,2337.3165586643731385025244884262791586244020794175
24962327,0xfcec5d04d41f730f672d77ccb1c8546cbfc84428,0x88e6a0c2ddd26feeb64f039a2c41296fcb3f5640,0x05db80007a4b5078d25a0687c55130472dc96d078716d0965fd4a5a31f29d377,2332.8388647236196698355392147567467457618439867887
24962327,0xe0554a476a092703abdb3ef35c80e0d76d32939f,0x9008d19f58aabd9ed0d60971565aa8510560ab41,0x705acc9dcd832a9b08a970ebc01782c6dc16671e1a2a039f388f2178e312f40a,2331.1839283777048314907376057683833934901845540284
24962327,0x1445f32d1a74872ba41f3d8cf4022e9996120b31,0x9008d19f58aabd9ed0d60971565aa8510560ab41,0x705acc9dcd832a9b08a970ebc01782c6dc16671e1a2a039f388f2178e312f40a,2329.2248743244577415328952971129197152044529857162
24962327,0xe0554a476a092703abdb3ef35c80e0d76d32939f,0x66a9893cc07d91d95644aedd05d03f95e1dba8af,0x309321459bfeb7cda2e61a303fbce0a206296c73e4a62ddb5fc83c12a2c7e0a0,2331.0285462347577225308310686490972694764561481992
24962327,0x1445f32d1a74872ba41f3d8cf4022e9996120b31,0xc10ee9031f2a0b84766a86b55a8d90f357910fb4,0x5c82d4bae2ffb4ae529528680e058792db7754d98194d2302d695142ed54c80d,2326.8441879039007791979929963960375122974166333441
24962327,0x1ac1a8feaaea1900c4166deeed0c11cc10669d36,0xbdb3ba9ffe392549e1f8658dd2630c141fdf47b6,0x370ef42f9bfe2f8368b7202e08c950c99ca5144dd3997bdc3882c1a0afb46e5c,2333.6393067673739759856880047655277725358182279429
24962327,0x4645e287ba6057f8dde942b3f640803e7728e5a9,0xbdb3ba9ffe392549e1f8658dd2630c141fdf47b6,0x3de79e1d3be3acf4a805de7011ba9baf4ad91d2680a6c4cbd66e1fd032b0e461,2332.4687276977461853822965038902414988086078550305
24962327,0x000000000004444c5dc75cb358380d2e3de08a90,0xc10ee9031f2a0b84766a86b55a8d90f357910fb4,0x4fa556c84e73291164a32d161d074fb5dc90956b9552a938c4096131e106df39,2324.2594649167087329631499242806663301362948006058
24962328,0x000000000004444c5dc75cb358380d2e3de08a90,0x0000000aa232009084bd71a5797d089aa4edfad4,0x3131043b4b6d56c67ba38698983f38f2c95c207b6f1fc2459b9301a3111b08b9,1128.4295644868928204143076312729815683134614331029
24962328,0x88e6a0c2ddd26feeb64f039a2c41296fcb3f5640,0x4313c378cc91ea583c91387b9216e2c03096b27f,0x74e45e1f30340909c30b9016136d7f3c762e48048e0dad140ff0f82cd951107a,2330.5033292929292929292929292929292929292929292929
24962328,0x4313c378cc91ea583c91387b9216e2c03096b27f,0x88e6a0c2ddd26feeb64f039a2c41296fcb3f5640,0x01495433c6795638de31aa4c8578e9357f4a28297e7396bfca9e85600e5d0098,2332.8333714958203252101191776860945095812156049423
24962328,0x28b1dc1a5e3699a428bc51d234dfab7c9cb2a183,0x163f3103de041d25464e2c8a4f8f3187ec1856e0,0x7de3d5d5dcfee5a9958d9f009a397c58f09a3a82cb4ff5b09a0c5529c5bf0e9d,2332.2642759496445966300756890149789655004857579617
24962328,0x88e6a0c2ddd26feeb64f039a2c41296fcb3f5640,0x4313c378cc91ea583c91387b9216e2c03096b27f,0x3853384b55b62d7a9c4c3589ad6f7c1d5d889860a19c81b7f2fec3fadb16f417,2330.5013535353535353535353535353535353535353535354
24962328,0x28b1dc1a5e3699a428bc51d234dfab7c9cb2a183,0x163f3103de041d25464e2c8a4f8f3187ec1856e0,0x40095ca070a22798939254b707d6f67ed0accb4e73967f5626d4fd1b74614909,2728.1016580391062839692473121194768307794824074573
24962328,0x4313c378cc91ea583c91387b9216e2c03096b27f,0x88e6a0c2ddd26feeb64f039a2c41296fcb3f5640,0xd3e56360f6862ccb27732bddb8c007e555f44802e21f99f72f497cbe8baf687a,2332.8330061903150750949774710791258850974648988868
24962328,0x88e6a0c2ddd26feeb64f039a2c41296fcb3f5640,0x4313c378cc91ea583c91387b9216e2c03096b27f,0xb8387a0308c7473636af02e2d19f93bbf33d9a1e94a97fe59a2125f530fd13d0,2330.5010606060606060606060606060606060606060606061
24962328,0xc1af6f33498692e230b3e6f31a73aeaf0ad0ca3c,0x88e6a0c2ddd26feeb64f039a2c41296fcb3f5640,0xcf2d3fe883fd46c57f122f31dc90f2c7d17b1008e5e76b6801e7b53199ba9c8c,2332.8380326689120797382568341389813951119875955667
24962328,0xdf31b012c035ff60be20ded74cf82c20729907ee,0x1ac1a8feaaea1900c4166deeed0c11cc10669d36,0x35697e63077ef9b975f5e4cb69839349ee4cb7dcdacafaeaf252765413688744,2336.9416076675818042956735483708645741140734027523
24962328,0x6111215935c04dc08a66d6ec9b86e83e3717c00f,0x1ac1a8feaaea1900c4166deeed0c11cc10669d36,0x59ca3c6ae6ef61719803e1fefae04f08aad93e17649915f19ad14609052fdf96,2340.5513449998773935879421516061642481386096940411
24962329,0xd06c50cde7279a98ef970fbdba73e84930ad8468,0xe0554a476a092703abdb3ef35c80e0d76d32939f,0x0611cc2b73ff824864bc6ba4952bb535296e88b30573dfbd458d33e230c87ee1,2331.4560856465158749321820961117786060711156283402
24962329,0xa7da6e61a9e00a023dac739b4236d62a0d922155,0xb4e16d0168e52d35cacd2c6185b44281ec28c9dc,0x4f4fce93a9a2be0c5192b789cc2e861d9282283cea140421ab69b051c86e138a,2336.545052066260669740733022313360727698191814175
24962329,0xa7da6e61a9e00a023dac739b4236d62a0d922155,0x88e6a0c2ddd26feeb64f039a2c41296fcb3f5640,0x4f4fce93a9a2be0c5192b789cc2e861d9282283cea140421ab69b051c86e138a,2332.8464065723006322730206671279356840966233982987
24962329,0xd06c50cde7279a98ef970fbdba73e84930ad8468,0x000000000004444c5dc75cb358380d2e3de08a90,0x8a186cae4a40f8135d8fd2f0a0c1a0f22014a7e05cc0716f2e05d09251454628,2344.3739890487710528421686737231578768532454322896
24962329,0x1445f32d1a74872ba41f3d8cf4022e9996120b31,0x1f2f10d1c40777ae1da742455c65828ff36df387,0x168e4294d22d89c28d3abcf02da1dbebcb601aac870cc55e90cc35e88cb93229,2319.408408667921115071608223905749396652268473427
24962329,0x1f2f10d1c40777ae1da742455c65828ff36df387,0x1445f32d1a74872ba41f3d8cf4022e9996120b31,0x04ca35c3999eb7523ef410a9ee4cb29ce7aed7c4c5affd2e497f5cd5d9521867,2316.529372941958057362971714060849499910766535209
24962329,0x4f7e79fc4a71ff4a99a28ddadf7964dd92d25a40,0xe0554a476a092703abdb3ef35c80e0d76d32939f,0x391a6b29b24dfd5d9c33a602c55a8d94f923f369fc12cb0ef7b5b609ff6e1320,2331.4753978725625452163245776579701156206174696638
24962329,0xe0554a476a092703abdb3ef35c80e0d76d32939f,0x7f54f05635d15cde17a49502fedb9d1803a3be8a,0x88829ca58973047918dafd9921d065a516ad87f000e28c58fc25286b50e6d02f,2331.0095611268223753563733561901766594032238416018
24962329,0x5ce741a6e8307c8b11f2d27a75df0844f06bfef1,0x8ad599c3a0ff1de082011efddc58f1908eb6e6d8,0x77f0c7e95b5697ec2d5c5af147589aa064af027040dba56a4abe7f4595af07cc,2335.2714386508320657057434017845343020341506031829
24962329,0x4313c378cc91ea583c91387b9216e2c03096b27f,0x88e6a0c2ddd26feeb64f039a2c41296fcb3f5640,0x3f1717b46d220eb8c01050b419fb82fd58213ee9f45fabe9512bee05a0cd459c,2332.8497742483131174766216435000343930346878680506
24962329,0xad465883ce5893f41ca5f0625c9278fd35cfe445,0x88e6a0c2ddd26feeb64f039a2c41296fcb3f5640,0xeb388c4ac9826cf539fd2f7986d44436cede6d10510bdb6675d91aada311a66b,2332.8581263313715162150269893217519162798499377059
24962329,0x4313c378cc91ea583c91387b9216e2c03096b27f,0x88e6a0c2ddd26feeb64f039a2c41296fcb3f5640,0xb0397f944af5ae13e7bbbc17d30a47ad153e9984a39f69355d06c8a3d55a5293,2332.8736284306009466748703988903366517013290511137
24962329,0x4313c378cc91ea583c91387b9216e2c03096b27f,0x88e6a0c2ddd26feeb64f039a2c41296fcb3f5640,0x546b92059fe2e5c65374204975a6bff79d1829657ec85b39c201bdadccb3bce2,2332.8885235090459006790474167148118670033506196606
24962329,0x4313c378cc91ea583c91387b9216e2c03096b27f,0x88e6a0c2ddd26feeb64f039a2c41296fcb3f5640,0x961673d43f129ef59adba10b62476569937cde3cae7052cf14ab49d82ac39fa3,2332.8976528544149870690147239004832490075385700972
24962329,0x88e6a0c2ddd26feeb64f039a2c41296fcb3f5640,0x4313c378cc91ea583c91387b9216e2c03096b27f,0xe9fb92392d750f900d5d70202929b4690139ab5f2c45cc18412aaffb3e8cd90f,2330.5651313131313131313131313131313131313131313131
24962329,0xe0554a476a092703abdb3ef35c80e0d76d32939f,0xa5f91e598668040055dc861a7316e677a5b730b0,0x646113ac301606a2d1227af7692bb6fe1395d8f597966a24eb9a037bc0e363b3,2330.9919597989949748743718592964824120603015075377
24962329,0x4313c378cc91ea583c91387b9216e2c03096b27f,0x88e6a0c2ddd26feeb64f039a2c41296fcb3f5640,0x38a590f3df6803843ecb83859e0cecad67882be4b0cd9e2d22610be3a6c16eb0,2332.8960877756929141812473444202929739816429089156
24962330,0x000000000004444c5dc75cb358380d2e3de08a90,0xba4c928807450c57e4f5aa18cd507987840847bf,0xb27f6f9e6a5668cecf24df0ed4f1c1a54369973415f75976a811fec9492f6e79,2344.3964587006111226012393662673757092338868775484
24962330,0x1445f32d1a74872ba41f3d8cf4022e9996120b31,0xc10ee9031f2a0b84766a86b55a8d90f357910fb4,0x28f877e481158c2b91055ae6d57bc942f46e4a26cc1651289397d723b8a619e6,2329.9426086052032064762904257743603011544055685938
24962330,0x4313c378cc91ea583c91387b9216e2c03096b27f,0x88e6a0c2ddd26feeb64f039a2c41296fcb3f5640,0x85f9527ff89b38c03ba1c790ead5aae5c4bd76ab7b49c80dea24312ba7430857,2332.9023980967604734146209855689423531242953474784
24962330,0x8da2aaa435591dcff7adc99b2fdd7ae0be59ba8d,0x1ac1a8feaaea1900c4166deeed0c11cc10669d36,0x21c03c9873a526da696ee5e418e1a31dfd4370085b0077f580e2193da9693fc8,2331.5403939112246133757415512828285805760934194621
24962330,0xe0554a476a092703abdb3ef35c80e0d76d32939f,0x66a9893cc07d91d95644aedd05d03f95e1dba8af,0x300b9e73212774b06f1db7e35983af3260a64525a84ecd7d00209518e1d68c29,2331.00384
24962330,0x1ac1a8feaaea1900c4166deeed0c11cc10669d36,0xc10ee9031f2a0b84766a86b55a8d90f357910fb4,0x49a6022e618cdf31a5f612f4db60539ac45e13fc28dc0678feb46925456a1333,2328.7330684076298484761396520412785563031921510765
24962331,0x3d810cfbdf51a2176b4eadba019bb42e3ea86358,0xe0554a476a092703abdb3ef35c80e0d76d32939f,0x80f5f4743387c2a1863d662f2bba13c5694469f0738207fdd2fa169ab682ae65,2331.5222368630394329652782161052812664374187555247
24962331,0x4313c378cc91ea583c91387b9216e2c03096b27f,0x88e6a0c2ddd26feeb64f039a2c41296fcb3f5640,0x5c04e8064adc20709be3bd5ed2206aa1cc2dca0fe55841a3bf56129c9f3c4d7a,2332.9385986136118189063068375752189552016379655208
24962331,0xe0554a476a092703abdb3ef35c80e0d76d32939f,0xba4c928807450c57e4f5aa18cd507987840847bf,0x63d72d09d179e5c22de791e9de9d87dd7fe3fa9873de5c289060003ff4cd3cdf,2331.0552862914891208532035208385718366242471958411
24962331,0xba4c928807450c57e4f5aa18cd507987840847bf,0x1445f32d1a74872ba41f3d8cf4022e9996120b31,0x63d72d09d179e5c22de791e9de9d87dd7fe3fa9873de5c289060003ff4cd3cdf,2330.7916479102195683341446279324607780029093215457
24962331,0xe0554a476a092703abdb3ef35c80e0d76d32939f,0xba4c928807450c57e4f5aa18cd507987840847bf,0x7e3dd9f214a9dd14685e9411ea0224136b5fdf2837f7e07d7797ed562a2ff0e4,2331.0187144100196237331903809492373644339103344524
24962332,0x4313c378cc91ea583c91387b9216e2c03096b27f,0x88e6a0c2ddd26feeb64f039a2c41296fcb3f5640,0x71501e6ae78d6d6e13ac8a43858a6d89ed98e4ebb5ad058e5c1a669420244304,2332.9690541216568960183279618254640682121385150355
24962332,0x88e6a0c2ddd26feeb64f039a2c41296fcb3f5640,0x4313c378cc91ea583c91387b9216e2c03096b27f,0x4b985de68e814733e2e609ae1648d4774fe30a2b2ea18987cf32dd0d26341066,2330.6294674012855831037649219467401285583103764922
24962332,0xe0554a476a092703abdb3ef35c80e0d76d32939f,0xd06c50cde7279a98ef970fbdba73e84930ad8468,0x7771e9399931cf38a5621c5a3233b0b11ade0868b005178385a085143e5bf265,2330.946327753812909079476419775546323487145815157
24962332,0x1ac1a8feaaea1900c4166deeed0c11cc10669d36,0xe3d02206d81bb49e9ebbcf1eefde922eb0edf198,0x3995fc103f3c304a1969d56ea4228791e1755e13d3efd0ed7ae316935c32c9ce,2327.2984380995714101843270811499504534019308972992
24962332,0xe3d02206d81bb49e9ebbcf1eefde922eb0edf198,0xb4e16d0168e52d35cacd2c6185b44281ec28c9dc,0x3995fc103f3c304a1969d56ea4228791e1755e13d3efd0ed7ae316935c32c9ce,2336.6467092618464512214946335184357505251073191065
24962332,0x000000000004444c5dc75cb358380d2e3de08a90,0x3611b82c7b13e72b26eb0e9be0613bee7a45ac7c,0x045b8b28920c0ab2b6b561d3a6df2f385be9e8820c891cebbcaac2e1f172ad1a,2327.7343616545791640154496699738201353069425098293
24962332,0x1ac1a8feaaea1900c4166deeed0c11cc10669d36,0xdf31b012c035ff60be20ded74cf82c20729907ee,0x951a5a0e0561aca56d8f66ad2921ca542a8ee16da077b1c9f58ba095a670bb53,2324.1028844558914277205421096337415091278036022151
24962332,0x4313c378cc91ea583c91387b9216e2c03096b27f,0x88e6a0c2ddd26feeb64f039a2c41296fcb3f5640,0xf3311a7bf59e8f8274079168f8fe1a6588980085dae8071f1bf5c2c38700426c,2332.9555170266558299598456694952553146792818507378
24962332,0x1ac1a8feaaea1900c4166deeed0c11cc10669d36,0xc10ee9031f2a0b84766a86b55a8d90f357910fb4,0x6a709a6e83e0e2d4e4fc9e4a239c1b3a27da32033066001878460af5bcc38ce4,2321.1153094714928730568063890305025648875141401891
24962332,0x88e6a0c2ddd26feeb64f039a2c41296fcb3f5640,0x4313c378cc91ea583c91387b9216e2c03096b27f,0x7fe9085d3e64f588f13f1a8931135d7da3b147f1098213cdc9eb42cdf9e3c3c8,2330.6236363636363636363636363636363636363636363636
24962332,0x88e6a0c2ddd26feeb64f039a2c41296fcb3f5640,0x4313c378cc91ea583c91387b9216e2c03096b27f,0xf3107dc738d55f9a5999b811a48ab20267176f8df38b1c7e6615e2914ac9c8a4,2330.6229292929292929292929292929292929292929292929
24962332,0x1445f32d1a74872ba41f3d8cf4022e9996120b31,0xd226997439ecfbeff8e110c8c78c8a7eefd19f89,0x4b3b0066262f950cf793e0b6b5c4180f97c11b0a26fd674d272f1c63cf7e6311,2331.3589834961082646722654850386016617943188888323
24962332,0x4c82d1fbfe28c977cbb58d8c7ff8fcf9f70a2cca,0xe0554a476a092703abdb3ef35c80e0d76d32939f,0x4f356f1c3b87a6d9f7d3206659d538c2a8b99088e46eb572543c167cc7221306,2331.3815528264696867925345798060529461381076737295
24962332,0x1ac1a8feaaea1900c4166deeed0c11cc10669d36,0xdf31b012c035ff60be20ded74cf82c20729907ee,0x6510a6242953df1dff4376909b93f1e6effc883709335279d6b1bcc4add91c4c,2318.7483873032260988741626234680085140860251032139
24962332,0xdf31b012c035ff60be20ded74cf82c20729907ee,0x88e6a0c2ddd26feeb64f039a2c41296fcb3f5640,0x6510a6242953df1dff4376909b93f1e6effc883709335279d6b1bcc4add91c4c,2332.9555692943941711669152778885809853195601893438
24962332,0x88e6a0c2ddd26feeb64f039a2c41296fcb3f5640,0x4313c378cc91ea583c91387b9216e2c03096b27f,0x6833a0062d00c9bf593c8a1a095ac17c4453a8c79ff58a8b05b8d848e382735e,2330.623030303030303030303030303030303030303030303
24962332,0x000000000004444c5dc75cb358380d2e3de08a90,0x3611b82c7b13e72b26eb0e9be0613bee7a45ac7c,0x9529d94e512cc19b2f9a740cee5a4306e12e44c01bd66b44f5560b93b8e420bd,2320.342262893922453723431897400914844831857411561
24962332,0x88e6a0c2ddd26feeb64f039a2c41296fcb3f5640,0xdf31b012c035ff60be20ded74cf82c20729907ee,0xdff8578ac6ac97d7891a118aa46c5aac9c7fbaee1a662bea7e426ecf668ba79a,2330.622232709767811684184267592141490344137991343
24962332,0x07dc98f9714dc3bcb21dd1ee377253ddcdd10854,0xe0554a476a092703abdb3ef35c80e0d76d32939f,0x355ee1a8e4b718a9c209273a53163bf1436863a122c3d01fc2202202ac7f47b3,2331.3902295151965279795796672348495292381836134677
24962333,0x81463b0f960f247f704377661ec81c1fd65b5128,0x000000000004444c5dc75cb358380d2e3de08a90,0x050b5bec93d27d498e3b10f28b05c36945ca48ba162cfbc945232482559b42f0,2325.5033655843692166997754469896841378918802256466
24962333,0xfec5db3e0b274a32ddfe2339997fbb6c21724883,0xe0554a476a092703abdb3ef35c80e0d76d32939f,0xa204bf382825de457293680b246d5063b79b847361ae3e8c72b7531e9102e474,2331.4041207369534650381257620095294513437513352334
24962333,0x1ac1a8feaaea1900c4166deeed0c11cc10669d36,0xdf31b012c035ff60be20ded74cf82c20729907ee,0xfe696a72f70ac3e531069d173364cd09696a09c6c344db1fbe216e749333a263,2325.557695989817789110108553521413555587596291343
24962333,0x88e6a0c2ddd26feeb64f039a2c41296fcb3f5640,0x4313c378cc91ea583c91387b9216e2c03096b27f,0x5493d77eb221931f81115deecf8aae05e1b70b6f51096644fdc6da252afe5c9f,2330.6118451178451178451178451178451178451178451178
24962333,0x4313c378cc91ea583c91387b9216e2c03096b27f,0x88e6a0c2ddd26feeb64f039a2c41296fcb3f5640,0x5d8717b91640dbed3d3c86e36b400f7355ad07481b288e446a4a9f8a05a25a3a,2332.9383454207177664242062590720415094386559237081
24962333,0x4313c378cc91ea583c91387b9216e2c03096b27f,0x88e6a0c2ddd26feeb64f039a2c41296fcb3f5640,0x1c0eba06d511a927b42d92cb077efd8c2b62ed25f6a56be083cf15317235aa39,2332.9471399268979986470976128752716973073137287627
24962333,0x4313c378cc91ea583c91387b9216e2c03096b27f,0x88e6a0c2ddd26feeb64f039a2c41296fcb3f5640,0x82ff08cce64e22cbb8273e6a3ac7c7fb46b8b96b1d8806beb7ab61a8677cffa9,2332.9523773918798182423264109237430450934108930182
24962333,0x4313c378cc91ea583c91387b9216e2c03096b27f,0x88e6a0c2ddd26feeb64f039a2c41296fcb3f5640,0x74dc29c65b86bd5f118d9580a647beabb168c946d7add1f665bc11966d13d42a,2332.9533862388815345799574947082940505645383277538
24962333,0x88e6a0c2ddd26feeb64f039a2c41296fcb3f5640,0x4313c378cc91ea583c91387b9216e2c03096b27f,0x2af076a1dcf9650dfb0518ce4b16d3199e95396cc3601a1a005a59d214cee824,2330.619979797979797979797979797979797979797979798
24962333,0x4313c378cc91ea583c91387b9216e2c03096b27f,0x88e6a0c2ddd26feeb64f039a2c41296fcb3f5640,0x51a51fad41c064ed9424e6a6678676dc6511204922f4b53ffeb2f2746aa964ff,2332.9597507258973199336689929764230486320165704819
24962333,0x0090ac276c0a7e0a17770729e450a2a9753f2d04,0x3d90f66b534dd8482b181e24655a9e8265316be9,0x6942e2e95f6ed863070e882362df4ed13add4944e0f9c966c66c82442a48fcce,2328.9372329094430578828298603278043103179988602746
24962333,0xd315a9c38ec871068fec378e4ce78af528c76293,0x0090ac276c0a7e0a17770729e450a2a9753f2d04,0x6942e2e95f6ed863070e882362df4ed13add4944e0f9c966c66c82442a48fcce,2328.9372329094430578828298603278043103179988602746
24962333,0x1ac1a8feaaea1900c4166deeed0c11cc10669d36,0x5e9371c477c76634b542ae8732ed1c77c375fd34,0x7d32ec1d2152fb62724e61231572fcba18c0782c4a1ddd3c0038997d9b79100b,2324.5246510381355712877390504349478611111429309571
24962333,0xea045a86b1b67e6e772d8d38fa8663c583736815,0x88e6a0c2ddd26feeb64f039a2c41296fcb3f5640,0x7d32ec1d2152fb62724e61231572fcba18c0782c4a1ddd3c0038997d9b79100b,2332.9700782336424297793542646147094369515318705089
24962333,0x1ac1a8feaaea1900c4166deeed0c11cc10669d36,0x7ffb7f7ad540a8561defa6d19f6d0eeee4901bb7,0x49ad81c40deb2888730485615542238b342b607df956d3c992ea47eb6b923095,2326.9172008921682299366523462586952722405405670349
24962333,0x88e6a0c2ddd26feeb64f039a2c41296fcb3f5640,0x7ffb7f7ad540a8561defa6d19f6d0eeee4901bb7,0x49ad81c40deb2888730485615542238b342b607df956d3c992ea47eb6b923095,2330.6356605153237706026693038024911153187742066584
24962334,0xe0554a476a092703abdb3ef35c80e0d76d32939f,0xd06c50cde7279a98ef970fbdba73e84930ad8468,0x4f2bd31626f5f1e0b89538fc523c9cbe82ad16f015fdadcf693101bcf44191f8,2330.8935629190444139968403261036893642237388296927
24962334,0xd06c50cde7279a98ef970fbdba73e84930ad8468,0x000000000004444c5dc75cb358380d2e3de08a90,0x4f2bd31626f5f1e0b89538fc523c9cbe82ad16f015fdadcf693101bcf44191f8,13303.875705054660376411053032716934681827624311884
24962334,0x88e6a0c2ddd26feeb64f039a2c41296fcb3f5640,0x4313c378cc91ea583c91387b9216e2c03096b27f,0x31d64ff5673a80f497f17188e3a5bd03440fc037899ea81bb3e8830859a99cd6,2330.6316060606060606060606060606060606060606060606
24962334,0x000000000004444c5dc75cb358380d2e3de08a90,0x3611b82c7b13e72b26eb0e9be0613bee7a45ac7c,0xa19026b50a75c02e537152ddc9c90c500db45c61f721150fc2be0a7f580e6b95,4125.6544004745951982132886655499720826353992183138
24962334,0x1f2f10d1c40777ae1da742455c65828ff36df387,0x1445f32d1a74872ba41f3d8cf4022e9996120b31,0x942f82b64486039a1684c11a6136bc100f72e28d65512d69c9acea54505eaec2,2343.9211845904081239319512167428818918877594589807
24962334,0x7f54f05635d15cde17a49502fedb9d1803a3be8a,0x1445f32d1a74872ba41f3d8cf4022e9996120b31,0xcd10fba1283dfcde9cbeb6e3c6b7aab7d8b94de58165fe22b70015ec32b1c8f4,2359.131913099306949053274315188827653437894102674
24962334,0x1445f32d1a74872ba41f3d8cf4022e9996120b31,0x1f2f10d1c40777ae1da742455c65828ff36df387,0xc2a53edd8e2036b9479396519ef7352ea5099b877b54259fba60cffa7d47852a,2344.5641723377770856158961136793335549142299351048
24962334,0x88e6a0c2ddd26feeb64f039a2c41296fcb3f5640,0x4313c378cc91ea583c91387b9216e2c03096b27f,0x08ef81d47f5bc618bae61063805b21d18d0fcddca3f2f66ce3aaa95d63e4293c,2330.627979797979797979797979797979797979797979798
24962334,0x88e6a0c2ddd26feeb64f039a2c41296fcb3f5640,0x4313c378cc91ea583c91387b9216e2c03096b27f,0x9e2ba5c72e1506e922fe96f3fff1d55b8246e7ba30c53d4125166dea9ec81fd6,2330.6250175787951915666784796170353994746049693145
24962334,0x1445f32d1a74872ba41f3d8cf4022e9996120b31,0x15e2cbb7df22d15a40c7bf6f5a3544fcd09c5f16,0x15ff7551e57804b6912a831ef341cda80de36bd3276f815612a66ad19cf4674c,2329.9013446566720100055519902505778104239342114996
24962334,0x88e6a0c2ddd26feeb64f039a2c41296fcb3f5640,0xef6fc636a63859e08ad3479fe456262eed2e5042,0x140c1db2fe23d8e5ab38aa62f306a2376baed6279236d812a3af1ab6de2731d2,2330.6198413322429421691860575350549723508543013407
24962334,0x28b1dc1a5e3699a428bc51d234dfab7c9cb2a183,0xc149ebc76142b337b2cd5ffa3b27af9812cd9952,0x32e8fea761b40d4dd238eb52709d1f575ba82e93e9355557369ba87f334ffb88,2311.6649018562714274559919714205894320804730575218
24962334,0x000000000004444c5dc75cb358380d2e3de08a90,0xe83434855e4a087df6629defc9ea37fd6cab219f,0xf94690b26d4c0b93fba39e21f8f53c73212dd377594ab3900fcc719d536ced62,2310.616055707748084966436568041392863552064642006
24962335,0xf74c2bbfd2e10a2e71b8550cd1edae9fd08de55a,0x000000000004444c5dc75cb358380d2e3de08a90,0x17f9f4cbb9364f126570952a71ddfc2e6f29e7ae90c84a6f995b99cef1768295,2321.0108234519055376191548481372680314536954577374
24962335,0xbdb3ba9ffe392549e1f8658dd2630c141fdf47b6,0xf74c2bbfd2e10a2e71b8550cd1edae9fd08de55a,0x17f9f4cbb9364f126570952a71ddfc2e6f29e7ae90c84a6f995b99cef1768295,2321.0108234519055376191548481372680314536954577374
24962335,0x7f86bf177dd4f3494b841a37e810a34dd56c829b,0xc4fc3183b044dfd4bb05ea050cac58db1dd5ed0d,0x3b4f694898e27d488f8ad087b58f792f8b8fdaf0c51cce0a6b3c9c6ce1cdbc22,2329.2806792236358474711728805128950584856772299076
24962335,0x88e6a0c2ddd26feeb64f039a2c41296fcb3f5640,0x4313c378cc91ea583c91387b9216e2c03096b27f,0x8e7ece9d8e27301982a7281319886b5ea0ffb1c38be901339540433e8bca5a28,2330.6034435261707988980716253443526170798898071625
24962335,0x4313c378cc91ea583c91387b9216e2c03096b27f,0x88e6a0c2ddd26feeb64f039a2c41296fcb3f5640,0x11d72bc31064d9a9c0ba2a1af285d1ce02323afa0b0bf8a430c6187f089c12f1,2332.9400424721287819691818601493873049306720598625
24962335,0x88e6a0c2ddd26feeb64f039a2c41296fcb3f5640,0x4313c378cc91ea583c91387b9216e2c03096b27f,0x4d8b76479a09e35daecb9d0b27a1726e84da8ff7a7967fa76daee13300f7549f,2330.6093232323232323232323232323232323232323232323
24962335,0x4313c378cc91ea583c91387b9216e2c03096b27f,0x88e6a0c2ddd26feeb64f039a2c41296fcb3f5640,0x6b11c653332e209145eec4b8fd0156c3b698df64a2fbff10554917bec509e3d1,2332.9390193410973313239822293595143872442559671815
24962336,0x53816c4b4678942935e9fe32ca37dd3a8b67089b,0xe0554a476a092703abdb3ef35c80e0d76d32939f,0x55093dadcec2186cf99e6c914d5d0472a986bb0ca1259bfc1d0724319d307528,2331.3345232862158695612101722477080542528231206993
24962336,0x000000000004444c5dc75cb358380d2e3de08a90,0xba4c928807450c57e4f5aa18cd507987840847bf,0xa6d6c90491a4de963f64a0feb35b9fcc9efbc96d24cedcf885942d4d0e3d6fd1,2332.1932429895250636906482698947560689937961879375
24962336,0x4313c378cc91ea583c91387b9216e2c03096b27f,0x88e6a0c2ddd26feeb64f039a2c41296fcb3f5640,0xdb1c1054dfea099a94b00c186b06c400d3a0da38e2cda16c1acac8fd13b97ed0,2332.9415067346850090106061276948279224393061293886
24962336,0x4313c378cc91ea583c91387b9216e2c03096b27f,0x88e6a0c2ddd26feeb64f039a2c41296fcb3f5640,0x3f712f2f24f49d8200e7b4b8e8109df30279daf0e7b06c3160a5222c7f050248,2332.9441165300363079387311567966362988171475465797
24962336,0x4313c378cc91ea583c91387b9216e2c03096b27f,0x88e6a0c2ddd26feeb64f039a2c41296fcb3f5640,0x9e3e9227aa3a35a1b609fcf6da08730778827aa8aa0e3278f88c41d3960a21e8,2332.9454396113103560328872889686875121461835888335
24962336,0x4313c378cc91ea583c91387b9216e2c03096b27f,0x88e6a0c2ddd26feeb64f039a2c41296fcb3f5640,0x5c4cc015f13935fcc90a1740d02bbfa6ab19c392f7377c8aff667141c2c059fd,2332.9473401315835068268277335152443865311365843102
24962336,0x4313c378cc91ea583c91387b9216e2c03096b27f,0x88e6a0c2ddd26feeb64f039a2c41296fcb3f5640,0xb3bcd1ee22fd92c3f5422dc44f9595304fc2231226c2c418db1006f663aa88d9,2332.9506778386070544823981364000792527013035616142
24962337,0xe0554a476a092703abdb3ef35c80e0d76d32939f,0xba4c928807450c57e4f5aa18cd507987840847bf,0x9c17d014922407bd2117a8c4a653256624a3725257d8f431c899b18fda48794e,2330.8647184211682347961039496838281976813677675294
24962337,0x1445f32d1a74872ba41f3d8cf4022e9996120b31,0xadacdd97b78c62d3bc261d9aa996f6349ebdbecb,0x6782dac2a652c3ecd2a5f85bfcf0221f29035fed9e77f7c5eab0a5b464c319ec,2328.6290844540163620113057297029387389455093073306
24962337,0x1ac1a8feaaea1900c4166deeed0c11cc10669d36,0xadacdd97b78c62d3bc261d9aa996f6349ebdbecb,0x6782dac2a652c3ecd2a5f85bfcf0221f29035fed9e77f7c5eab0a5b464c319ec,2325.772391627582189254139872406274392378452136258
24962337,0xadacdd97b78c62d3bc261d9aa996f6349ebdbecb,0x1ac1a8feaaea1900c4166deeed0c11cc10669d36,0x6782dac2a652c3ecd2a5f85bfcf0221f29035fed9e77f7c5eab0a5b464c319ec,2328.2252731397122355859105644379233315383565169968
24962337,0xadacdd97b78c62d3bc261d9aa996f6349ebdbecb,0x1445f32d1a74872ba41f3d8cf4022e9996120b31,0x6782dac2a652c3ecd2a5f85bfcf0221f29035fed9e77f7c5eab0a5b464c319ec,2328.3477009847201116666156704251268131757137417013
24962337,0x4313c378cc91ea583c91387b9216e2c03096b27f,0x88e6a0c2ddd26feeb64f039a2c41296fcb3f5640,0x543b0cdbefebf2e57c21ce7a4c316bc94a9a83583c2d1f046d78ad5123596768,2332.9549792224426497591088929627605998531445210072
24962337,0x88e6a0c2ddd26feeb64f039a2c41296fcb3f5640,0x4313c378cc91ea583c91387b9216e2c03096b27f,0x9cb20c762ca4a7b8fb788a714b18a1ce366001f9d8d4efd794024325f9f7fa55,2330.6231111111111111111111111111111111111111111111
24962337,0x88e6a0c2ddd26feeb64f039a2c41296fcb3f5640,0x4313c378cc91ea583c91387b9216e2c03096b27f,0x28428f46f2071c4b341da1faa689d88c580ea7e8bd1f4a41863a3c59d9929fc9,2330.6198383838383838383838383838383838383838383838
24962337,0xbdb3ba9ffe392549e1f8658dd2630c141fdf47b6,0x1445f32d1a74872ba41f3d8cf4022e9996120b31,0x825e9540ea4b0959cbd799d96edc3d7cd2c768cec0b0576854990a37e14f1251,2329.8682334252113236981964298978241992586429747519
24962337,0xe0554a476a092703abdb3ef35c80e0d76d32939f,0x28b1dc1a5e3699a428bc51d234dfab7c9cb2a183,0xf0e08e897c89fd4b061833705e283248c901190c225891e4242740820439c9a8,2330.9160069383777279092113894439237246819897449204
24962338,0xe0554a476a092703abdb3ef35c80e0d76d32939f,0x63f520cc4b54a192e7fd7b830e8dd48078c2949d,0xfaa18e798c4477c7c3711f3c94b283ca3b8b68ab84367e276cceff5bccc69353,2330.9077254936185487810346953440673291339957653239
24962338,0xef6fc636a63859e08ad3479fe456262eed2e5042,0x88e6a0c2ddd26feeb64f039a2c41296fcb3f5640,0xbcf08edc11f9ca4708d5034bbd6091a77b7267569363cc0d940e1d4236bf7425,2332.9547478215417260565672657806439202538634264654
24962338,0x28b1dc1a5e3699a428bc51d234dfab7c9cb2a183,0xb2dc2da9684dfef77cfa5c6bb07e733023715292,0x3f744d37d222a22b52832cdd975094e4285824e9847e448ed3f56b77dd970508,2328.841079253906632950960913933384222263311185576
24962338,0xb2dc2da9684dfef77cfa5c6bb07e733023715292,0x5426178799ee0a0181a89b4f57efddfab49941ec,0x3f744d37d222a22b52832cdd975094e4285824e9847e448ed3f56b77dd970508,2328.841079253906632950960913933384222263311185576
24962338,0x28b1dc1a5e3699a428bc51d234dfab7c9cb2a183,0xc149ebc76142b337b2cd5ffa3b27af9812cd9952,0x3f744d37d222a22b52832cdd975094e4285824e9847e448ed3f56b77dd970508,2316.9613695564412463419345181010798329616899540153
24962338,0x28b1dc1a5e3699a428bc51d234dfab7c9cb2a183,0x163f3103de041d25464e2c8a4f8f3187ec1856e0,0x3f744d37d222a22b52832cdd975094e4285824e9847e448ed3f56b77dd970508,2329.426524918948538940566223152116848765870018473
24962338,0x28b1dc1a5e3699a428bc51d234dfab7c9cb2a183,0xdc15db93aeb4f1655123e1823ee334f78754b90e,0x3f744d37d222a22b52832cdd975094e4285824e9847e448ed3f56b77dd970508,2329.8444597010315907303520851118881349084734664171
24962339,0xe0554a476a092703abdb3ef35c80e0d76d32939f,0x81463b0f960f247f704377661ec81c1fd65b5128,0xa0fb6cbb55784b2302c8ccce06e95ed8b5cf460df7bec055bd52eec68e649306,2330.8929420665264025931883644768030074378269892056
24962339,0x88e6a0c2ddd26feeb64f039a2c41296fcb3f5640,0xfc9642049d1151868e45946330215e3df3ae69c2,0xfd7296fe4ac9f9b8bbfa8336003e0643eaebdbbab539980c21f0b8120e27ff55,2330.6309894603342677125653631121630314145321152458
24962339,0xe0554a476a092703abdb3ef35c80e0d76d32939f,0x66a9893cc07d91d95644aedd05d03f95e1dba8af,0x18982d03ad74546789d882f4cdcd667e5e69c417175b9e7201973dfeff5bd495,2330.8470970929131810448667468908938391194742026262
24962339,0x2fa31d2ac017869998f9574bac76094a8110cf7c,0x28b1dc1a5e3699a428bc51d234dfab7c9cb2a183,0x0d33b09db0ca212502c3cfc518d5c83c689f7e4efd64a0f460bbd64167243ba2,2332.0894821325005876277012050547335315835887919925
24962339,0x69d460e01070a7ba1bc363885bc8f4f0daa19bf5,0x2fa31d2ac017869998f9574bac76094a8110cf7c,0x0d33b09db0ca212502c3cfc518d5c83c689f7e4efd64a0f460bbd64167243ba2,2332.0894821325005876277012050547335315835887919925
24962340,0x1445f32d1a74872ba41f3d8cf4022e9996120b31,0x37b2b4252f3d9222d6a121852b7c6e9c57c6f100,0x685cca014dab1df6efd99b3d07d592c6db438c11cd06c722e9bbe34df1f094ce,2329.9541621241575364802389793034937117584763691829
24962340,0xbdb3ba9ffe392549e1f8658dd2630c141fdf47b6,0x1445f32d1a74872ba41f3d8cf4022e9996120b31,0xb3df44ca60d412d37eecf45b8b5baedc426c3674fe87fd6b32ce5b47de5b5834,2329.9122562317646211231499229117478066068017142069
24962340,0xd06c50cde7279a98ef970fbdba73e84930ad8468,0xe0554a476a092703abdb3ef35c80e0d76d32939f,0x2851f224474fbd6375498612ffe0b5a5cffefd5e724676b4a818ec31007c8e1b,2331.3678667255576797270560529015614664993935131822
24962340,0xe0554a476a092703abdb3ef35c80e0d76d32939f,0x4c82d1fbfe28c977cbb58d8c7ff8fcf9f70a2cca,0x3f0551b09e59423df23dc3249b9968476a98d1edeb92ec3366417f88f628add0,2330.91424
24962340,0x88e6a0c2ddd26feeb64f039a2c41296fcb3f5640,0x4313c378cc91ea583c91387b9216e2c03096b27f,0x7156d26ca7115c8ea2f22e7aaac98d6788acc775aa6f9aa9d2305578e57e1e97,2330.63
24962340,0x28b1dc1a5e3699a428bc51d234dfab7c9cb2a183,0xb2dc2da9684dfef77cfa5c6bb07e733023715292,0x1f6e170206642881d8a7b355efd71bf1139ec439c1a6c8bb9c00ebaf9f453656,2330.5785494893255816478525825480717622760059931002
24962340,0xb2dc2da9684dfef77cfa5c6bb07e733023715292,0x5426178799ee0a0181a89b4f57efddfab49941ec,0x1f6e170206642881d8a7b355efd71bf1139ec439c1a6c8bb9c00ebaf9f453656,2330.5785494893255816478525825480717622760059931002
24962340,0x28b1dc1a5e3699a428bc51d234dfab7c9cb2a183,0xb1e4e25b1938c78ec0b21ccb2d6a0be60aa7e63f,0x1f6e170206642881d8a7b355efd71bf1139ec439c1a6c8bb9c00ebaf9f453656,2330.8778560797634235716172294298995971629589776975
24962340,0x28b1dc1a5e3699a428bc51d234dfab7c9cb2a183,0xc149ebc76142b337b2cd5ffa3b27af9812cd9952,0x1f6e170206642881d8a7b355efd71bf1139ec439c1a6c8bb9c00ebaf9f453656,2328.9712906639430323887250177350476890923991384008
24962340,0x28b1dc1a5e3699a428bc51d234dfab7c9cb2a183,0x163f3103de041d25464e2c8a4f8f3187ec1856e0,0x1f6e170206642881d8a7b355efd71bf1139ec439c1a6c8bb9c00ebaf9f453656,1956.1309204096583847841408603285650102872289110497
24962340,0xa7da6e61a9e00a023dac739b4236d62a0d922155,0xe0554a476a092703abdb3ef35c80e0d76d32939f,0x83403c86a8cf155dac0e87c1d797a65478ae19674de63655865fb7ab6b425ddc,2331.4090810889743583364958519661176431702350682647
24962340,0xa7da6e61a9e00a023dac739b4236d62a0d922155,0x1445f32d1a74872ba41f3d8cf4022e9996120b31,0x83403c86a8cf155dac0e87c1d797a65478ae19674de63655865fb7ab6b425ddc,2331.63902968742192939839363064268975729203833545
24962340,0x4313c378cc91ea583c91387b9216e2c03096b27f,0x88e6a0c2ddd26feeb64f039a2c41296fcb3f5640,0xe6cdbbfaa3af945a8f7463c3716a132bca86f754bde89ce7ab790f00b5468150,2332.9640967593371994615412192499854749445778989454
24962340,0xadacdd97b78c62d3bc261d9aa996f6349ebdbecb,0x1445f32d1a74872ba41f3d8cf4022e9996120b31,0xf6e1446b7038ebed4e8db0a70b256aeeb7ac1545c3b68612b49dfc19b98c5f6a,2333.0720174233736034672241928707709635895732730692
24962341,0xaf682de1f2e6f710731121a05a44cb3c1b511f7d,0xe0554a476a092703abdb3ef35c80e0d76d32939f,0x22250015b56687da46b1cd3f9658bf53c6cf79a3faef283d7799af78edfb2141,2331.4110235360022840284058507453430281624106909091
24962341,0x1445f32d1a74872ba41f3d8cf4022e9996120b31,0xbdb3ba9ffe392549e1f8658dd2630c141fdf47b6,0x575ec4916339448054b6e46a09c6b8df384903d380be3905118854311bbe60c8,2332.3298306816761056278973744521532099526250962141
24962341,0x4313c378cc91ea583c91387b9216e2c03096b27f,0x88e6a0c2ddd26feeb64f039a2c41296fcb3f5640,0xf2c05ba99a9c51d46832f6edbe931487232e9df7bd84b0450f361659514b8ed8,2332.9690429384365774551670715654484320196593527844
24962341,0x4313c378cc91ea583c91387b9216e2c03096b27f,0x88e6a0c2ddd26feeb64f039a2c41296fcb3f5640,0x4109ba09204f7c9a3e0a2e9b2d4dab56bff9233c0fc4e042e4f43254120b044f,2332.9727261668246386532324572182985280426070623844
24962341,0xc4fc3183b044dfd4bb05ea050cac58db1dd5ed0d,0x7f86bf177dd4f3494b841a37e810a34dd56c829b,0xf9f6968c7a66090e46af1a7e1f08b9286f2b9fa49642bd4ab52fa77dbe8058ed,2332.0023501137073683599052449339131725140472715311
24962341,0xe0554a476a092703abdb3ef35c80e0d76d32939f,0x4c82d1fbfe28c977cbb58d8c7ff8fcf9f70a2cca,0xf22eb5962cc313dd453864b9b2b7a9872340b6b680f026365f9b0192133db772,2330.9785977272727272727272727272727272727272727273
24962341,0xe0d2d1fb37faf23e3bca86dfb686189534ae1d56,0xe0554a476a092703abdb3ef35c80e0d76d32939f,0x60ca5c355d7380f8af890e6881b4fd78d58fdf37f83a6c7a7107b277b8803da2,2331.4226770542122128792512018913805104754760085812
24962341,0x000000000004444c5dc75cb358380d2e3de08a90,0xf74c2bbfd2e10a2e71b8550cd1edae9fd08de55a,0xfe666df62bbbb9d1f3c32c2384be79ff755bd9998a2106e4baf78ee1816bd3c1,2334.8168824611742900674881915259421928337199960966
24962341,0xf74c2bbfd2e10a2e71b8550cd1edae9fd08de55a,0xbdb3ba9ffe392549e1f8658dd2630c141fdf47b6,0xfe666df62bbbb9d1f3c32c2384be79ff755bd9998a2106e4baf78ee1816bd3c1,2334.8168824611742900674881915259421928337199960966
24962341,0x4313c378cc91ea583c91387b9216e2c03096b27f,0x88e6a0c2ddd26feeb64f039a2c41296fcb3f5640,0x1d7d2b71272f1a68efe7a51b5887c93a159fd23e838e2dc08baf940e9a090508,2332.9760844528644185705589593390211205446248818388
24962342,0x7f86bf177dd4f3494b841a37e810a34dd56c829b,0xc4fc3183b044dfd4bb05ea050cac58db1dd5ed0d,0xf7b94df827027b5cfefbc916617601c18bdfe06af74afbd0ab1463518a9ba829,2329.3030062899967495648882983730138323673754366513
24962342,0x4313c378cc91ea583c91387b9216e2c03096b27f,0x88e6a0c2ddd26feeb64f039a2c41296fcb3f5640,0x75680cb930644540c26edaa1bc54f1791fdff1c7387b10ffcd564d4cfd7ea52e,2332.9791573842963582848667776779806846934315125988
24962342,0xe0554a476a092703abdb3ef35c80e0d76d32939f,0x3d810cfbdf51a2176b4eadba019bb42e3ea86358,0x8da0ce86ebef9a92bf14939c7b46783b272260c41cfb615efecf9378a55c42e3,2330.9646104936441937800005449673043796701047052195
24962342,0xe0554a476a092703abdb3ef35c80e0d76d32939f,0x0000000000007a8d56014359bf3e98f18b7773f9,0x5068a6b38a611a91b5cbb2c19ce89ce18ca7c51e4a5f81e4538646c529313396,2330.9553337342252444705194887647666686615504227822
24962342,0xe0554a476a092703abdb3ef35c80e0d76d32939f,0xf7d69a83eee3254e346ad0c8054a49eb467cdbbe,0xea31a0b5cb5399b4e8e30ef62246e92c9615f8d96b17f5b32983eeab8104262f,2330.9697909468373988260262627316505270490235330102
24962343,0x000000000004444c5dc75cb358380d2e3de08a90,0xe0d2d1fb37faf23e3bca86dfb686189534ae1d56,0x5cb803fe9de7163bc8391aa8a996985b3480322d0be2c481e76a64567ae6a8d0,2348.7486994885673906981391025693481241418278580491
24962343,0x06cff7088619c7178f5e14f0b119458d08d2f5ef,0xe0554a476a092703abdb3ef35c80e0d76d32939f,0x20a8a63467bb22a90826ceef0b860eb5b203173260a2016ea6719c2800dc4920,2331.4057365860053903154323991536932410743741093342
24962343,0xadacdd97b78c62d3bc261d9aa996f6349ebdbecb,0x1445f32d1a74872ba41f3d8cf4022e9996120b31,0xf06305479334eac9620324af12a6327684ef404378b55b8999b2dcee426d4148,2331.8907981457974765573899445126845044421786071541
24962343,0xe0554a476a092703abdb3ef35c80e0d76d32939f,0x66a9893cc07d91d95644aedd05d03f95e1dba8af,0x769a44a46860a0e2b8ee900bd612ad0832ce9d10f80f590fba6bded5f6003114,2330.9421269440941572089113072719630096679277007146
24962343,0x000000000004444c5dc75cb358380d2e3de08a90,0xa7da6e61a9e00a023dac739b4236d62a0d922155,0x729a9c698acdc55b7dc5d90cf08e3fe67be37a23ab9b92db3759fbe23cf6b2eb,2501.6372395570744098638364754026698377804571722471
24962343,0xa7da6e61a9e00a023dac739b4236d62a0d922155,0xe0554a476a092703abdb3ef35c80e0d76d32939f,0x729a9c698acdc55b7dc5d90cf08e3fe67be37a23ab9b92db3759fbe23cf6b2eb,2331.4237298820700007925585995461217046575646327696
24962343,0xe0554a476a092703abdb3ef35c80e0d76d32939f,0xbdb3ba9ffe392549e1f8658dd2630c141fdf47b6,0x016c4f67e6740411d143c57f10c17e9ff953fa1940bf1a3af81e84d0ead285fb,2330.7295238263930231390568405606377374138203831248
24962343,0x4645e287ba6057f8dde942b3f640803e7728e5a9,0xbdb3ba9ffe392549e1f8658dd2630c141fdf47b6,0x70ae46fa82c840c552606451bb56f1a0eda9141ba26e6ccb94fa2f017049dc3e,2332.3312097032329880120007423237333929173214375342
24962343,0x88e6a0c2ddd26feeb64f039a2c41296fcb3f5640,0x01989c93890aed05a63d179b03424997075b6acf,0xf6a8f1755e50672339ead635cbb275a74a3cc6a78aae31b326083276748a2750,2330.4907327724119204180748282765342119218393829643
24962344,0x000000000004444c5dc75cb358380d2e3de08a90,0x0000000aa232009084bd71a5797d089aa4edfad4,0x37829b5a1b8ebea06ba9d85a15f3530f33898386aa9aeab453764acdc49586a8,1069.8898402969391293403833377843455466604370521617
24962344,0xba4c928807450c57e4f5aa18cd507987840847bf,0xe0554a476a092703abdb3ef35c80e0d76d32939f,0xc9577d474b4c4dfaa1aa6bea65eff13ad775d6bb80eb18c77e9e0a8ef9f5995d,2330.954025430694064985162897739997197792209219537
24962344,0xef6fc636a63859e08ad3479fe456262eed2e5042,0x88e6a0c2ddd26feeb64f039a2c41296fcb3f5640,0x643c7106447812fd56b2941f98d00677efa1abeebb0b44c563574f51742f0b06,2332.6674109859835624834647032073444196210619565577
24962344,0xe0554a476a092703abdb3ef35c80e0d76d32939f,0xbdb3ba9ffe392549e1f8658dd2630c141fdf47b6,0x7efaea87c15e9be56cfbc7c87af7d4268e08914bc0e2913658813dab7e67d337,2330.3434184971412683929730216550901713434079016485
24962344,0xadacdd97b78c62d3bc261d9aa996f6349ebdbecb,0x1445f32d1a74872ba41f3d8cf4022e9996120b31,0x63463ef8ee31702ffd3691688c9ad8a93f64b5d71e27bdb0af8f361d44fcf36b,2333.1126151008681878112246529010068994971500764212
24962344,0x8ad599c3a0ff1de082011efddc58f1908eb6e6d8,0x5ce741a6e8307c8b11f2d27a75df0844f06bfef1,0xf4b594bfd28d96e4e0453f7416cd1924fc818972ffeffa7725ae87a9b7915b78,2321.2787247805632147586657815267749608134465508625
24962344,0x88e6a0c2ddd26feeb64f039a2c41296fcb3f5640,0x25bba698c13485cb5d532421c907c448a3ceee8c,0x94f842787c2eca760d4530a7143a1e445c48d17ad864faf2f4943d79c836e2e3,2330.3336481020710024248285951685782498712581055621
24962344,0xe0554a476a092703abdb3ef35c80e0d76d32939f,0x7f54f05635d15cde17a49502fedb9d1803a3be8a,0x367c2472b94443ef753409988416255e9910dfe5de6e7aaef0575662ae906685,2330.201146065898899548017005447109914570505733835
24962344,0x1445f32d1a74872ba41f3d8cf4022e9996120b31,0xba4c928807450c57e4f5aa18cd507987840847bf,0x8eeb29dc3416b00ba16767bc67692304e709db6a941715d2eccbd36faedc58e8,2333.1846426717854916273317243133833581171292127793
24962345,0xe0554a476a092703abdb3ef35c80e0d76d32939f,0x06cff7088619c7178f5e14f0b119458d08d2f5ef,0x76fde03b7572894eba9e6a903ae785b2c4f7c2215df9e9ef6ff58a976b561623,2330.1712214285714285714285714285714285714285714286
24962345,0x7f86bf177dd4f3494b841a37e810a34dd56c829b,0x06cff7088619c7178f5e14f0b119458d08d2f5ef,0xb2eeaff0195c6c7a7ab95279ae74b40514ba28b98795a92fa3c7a9dc641de18c,2328.6628679271665750572705906083902185281360258638
24962345,0x1445f32d1a74872ba41f3d8cf4022e9996120b31,0x3d810cfbdf51a2176b4eadba019bb42e3ea86358,0x20a47acc0cfd38e8bbb2ad8b58a87bac310196422c82753062fede56290fd511,2332.5067624672060755903683836484291373958068642502
24962345,0x1445f32d1a74872ba41f3d8cf4022e9996120b31,0xbdb3ba9ffe392549e1f8658dd2630c141fdf47b6,0x0b44eecb118ecb1ffb1d9b6d350990c29c409062f469eaf5dcb7f11b37867200,2331.0483306767865626401442512130460256543908402222
24962345,0xce79b081c0c924cb67848723ed3057234d10fc6b,0x74de5d4fcbf63e00296fd95d33236b9794016631,0x543a47b3d205db39bde6c6392914dc72e4553caa1dea5eade13eb9638b59eb06,2302.7414
24962345,0x88e6a0c2ddd26feeb64f039a2c41296fcb3f5640,0x51c72848c68a965f66fa7a88855f9f7784502a7f,0x1c4aa866d7bc4cfce17d1da3abeb25fc0f1297d949a4502038dd0d9602baba8b,2330.3051497182609295364519023633382802519472907767
24962345,0xe0554a476a092703abdb3ef35c80e0d76d32939f,0xbdb3ba9ffe392549e1f8658dd2630c141fdf47b6,0x19b915cd27191973163a066b26cb087fc46546dec2e0d0071b95a37bcaef5e0a,2330.1959877930573630983320570057916287823423675932
24962346,0xba4c928807450c57e4f5aa18cd507987840847bf,0xe0554a476a092703abdb3ef35c80e0d76d32939f,0xc65adbbe007d53f1624d6f3e40cfbf587ac2d1b61ea555934fce9add96341710,2330.5107269899793518802226204179070973182456496928
24962346,0x28b1dc1a5e3699a428bc51d234dfab7c9cb2a183,0x163f3103de041d25464e2c8a4f8f3187ec1856e0,0x2dafeff561c526d02993ac2b787380ac6795dfdeef25c0197b96999bb915a1ac,2330.0328249066808023694464399558792869723837238553
24962346,0x000000000004444c5dc75cb358380d2e3de08a90,0x42e213a3ad048e899b89ea8cb11d21bc97b84748,0x201422f54c24220e2d8940aa7cd90acebaf1765fcc098d43af6398ad4f6aecac,2332.035120907119258187836498005068182437754680611
24962346,0x69d460e01070a7ba1bc363885bc8f4f0daa19bf5,0x42e213a3ad048e899b89ea8cb11d21bc97b84748,0x201422f54c24220e2d8940aa7cd90acebaf1765fcc098d43af6398ad4f6aecac,2330.964270087615652695616803775847061201919817084
24962346,0x88e6a0c2ddd26feeb64f039a2c41296fcb3f5640,0x42e213a3ad048e899b89ea8cb11d21bc97b84748,0x201422f54c24220e2d8940aa7cd90acebaf1765fcc098d43af6398ad4f6aecac,2330.0428790290571688604585482717515128891348577035
24962346,0xe0554a476a092703abdb3ef35c80e0d76d32939f,0x6745024462abf2c049f54b381c4ad4a8c8d999c4,0x19e26e47f29142a918527814e50b014dc7b78287056876f333aa6f65388a1d55,2330.0523742654964719810213363056367693615293430523
24962347,0xfc9642049d1151868e45946330215e3df3ae69c2,0x2e8135be71230c6b1b4045696d41c09db0414226,0xfe6a133c90d39cebd47afd7f4f63f26269abca6f99722d4aafee54c7031f60bb,2336.9448919933111534921272214449009306212652777904
24962347,0x7f54f05635d15cde17a49502fedb9d1803a3be8a,0xe0554a476a092703abdb3ef35c80e0d76d32939f,0xe03f85fabc8ea117e08577dede1f32b2117f24c746fd09d9f3ba0819981f8228,2330.5982299792447085957895711952011236671147642365
24962347,0xd226997439ecfbeff8e110c8c78c8a7eefd19f89,0x1445f32d1a74872ba41f3d8cf4022e9996120b31,0xc78b65de3aa805cf5168f53a97f48f217f4defb5a3022e2ca1b4678831744b8a,488.76338056142312598446005359738698044547005446911
24962347,0xe0554a476a092703abdb3ef35c80e0d76d32939f,0x6745024462abf2c049f54b381c4ad4a8c8d999c4,0x36a48677f61a1fb7774e312e6fc45da62ced94b6dd4f1cd0836e031ad5ef10b5,2330.3028174219196815959938446652480602083362672485
24962347,0x28b1dc1a5e3699a428bc51d234dfab7c9cb2a183,0x163f3103de041d25464e2c8a4f8f3187ec1856e0,0x6209da0d263828a176c27e493533a731c0806d759969100d79ac3ee84eb70db3,2330.1739079643563552924104188277174579467897349939
24962348,0x4313c378cc91ea583c91387b9216e2c03096b27f,0x88e6a0c2ddd26feeb64f039a2c41296fcb3f5640,0x2210d507b9ed9f0f564c9e2c937d70afadd5e83664d1c0bc3e6e4da9acc30c3b,2332.3662855184491636172328858848412898891109436882
24962348,0x4313c378cc91ea583c91387b9216e2c03096b27f,0x88e6a0c2ddd26feeb64f039a2c41296fcb3f5640,0x4595cd8939b171607504f45594a11c0c3586684cbe1395a51239d0bcbc778526,2332.3806893303115004046875764732512282534915751096
24962348,0xe0554a476a092703abdb3ef35c80e0d76d32939f,0xbdb3ba9ffe392549e1f8658dd2630c141fdf47b6,0x97b70316a463b571b0084b02acc26c6da36ef6448b75a0e8d341f4786bc98fcb,2330.0172515515551534494243686561718754263179238465
24962348,0x88e6a0c2ddd26feeb64f039a2c41296fcb3f5640,0xbdb3ba9ffe392549e1f8658dd2630c141fdf47b6,0x97b70316a463b571b0084b02acc26c6da36ef6448b75a0e8d341f4786bc98fcb,2329.9349612102769912462803221105556295908377217454
24962348,0x06cff7088619c7178f5e14f0b119458d08d2f5ef,0xe0554a476a092703abdb3ef35c80e0d76d32939f,0x137c7dbc7839eb02b15a58a06878b527532dc2a0e13ef45aa99943e4817cb2da,2330.2368303944626505034163027430661362434354945128
24962348,0x4313c378cc91ea583c91387b9216e2c03096b27f,0x88e6a0c2ddd26feeb64f039a2c41296fcb3f5640,0x0f9f254c2a9fd5a39d85ca89fe6dd41e875ded19c314d44da52e1d4e60a3256b,2332.1421036943907180047591238706406003139338437116
24962348,0xa7da6e61a9e00a023dac739b4236d62a0d922155,0xb4e16d0168e52d35cacd2c6185b44281ec28c9dc,0xefa92a463b810dcf751f53c6823265a395e94bc2ebd5d79759292b457f2ad9c2,2336.8130566230240086288245661601986774930892373587
24962348,0x88e6a0c2ddd26feeb64f039a2c41296fcb3f5640,0x4313c378cc91ea583c91387b9216e2c03096b27f,0x336f2439c21efe5ee71ca8f8a814df05f4861f6afaa62a38a6f12b696ef72993,2329.8124579124579124579124579124579124579124579125
24962348,0x4313c378cc91ea583c91387b9216e2c03096b27f,0x88e6a0c2ddd26feeb64f039a2c41296fcb3f5640,0xa3ace79374f747822f078ec56670e92fa1f7f32ab3659176374349b80769ed92,2332.1435598359706680480634940355506806311067726813
24962349,0x000000000004444c5dc75cb358380d2e3de08a90,0x1f2f10d1c40777ae1da742455c65828ff36df387,0xfd348d191b1afb02e0329658e5f4cd8307b7d58a705c21133bf82ddafeb4d8c6,2315.700007566352933705207278974710710461749251614
24962349,0x1f2f10d1c40777ae1da742455c65828ff36df387,0x000000000004444c5dc75cb358380d2e3de08a90,0xee0ea732c57d3231c781792208ae3f2bb9f52f092308a79e39cefeb6ebbc9868,2313.29817328495097075612442822933102875183842937
24962349,0x1445f32d1a74872ba41f3d8cf4022e9996120b31,0x7f54f05635d15cde17a49502fedb9d1803a3be8a,0xad5697b3dcf3d5b7f01f72e11748898394f9698d04ecfba4d404f9cf676b4bb5,2328.4326333333333333333333333333333333333333333333
24962349,0xfec5db3e0b274a32ddfe2339997fbb6c21724883,0xe0554a476a092703abdb3ef35c80e0d76d32939f,0x4d98766bce9caa076ae10c3eb65f68674878e348850a4e6a20249f9124699a6b,2330.2736580976496615247528289001004499906877714416
24962349,0xba4c928807450c57e4f5aa18cd507987840847bf,0xe0554a476a092703abdb3ef35c80e0d76d32939f,0xe0fd425d755b925eeb8898ef54228d537ed2f7973e25da2c47f3c5c5cf78ae20,2330.2906387673561676559602737229932422408845925946
24962349,0x3d90f66b534dd8482b181e24655a9e8265316be9,0x6a93ef5f666eebe84ba130f8404ad56ee197006c,0x8da1aa3ac88082adb2a7ed67699bbe603571083ab6b5c0c8e1caab3583147409,2330.4356726503262656597050623060128013157164559308
24962349,0x3d90f66b534dd8482b181e24655a9e8265316be9,0x43403583e889ada1c951a94e9996af3a5ccf7b46,0x8da1aa3ac88082adb2a7ed67699bbe603571083ab6b5c0c8e1caab3583147409,2330.3561992045292216144839436397748631007704735268
24962349,0x43403583e889ada1c951a94e9996af3a5ccf7b46,0xe3d41d19564922c9952f692c5dd0563030f5f2ef,0x8da1aa3ac88082adb2a7ed67699bbe603571083ab6b5c0c8e1caab3583147409,2330.3561992045292216144839436397748631007704735268
24962349,0x1445f32d1a74872ba41f3d8cf4022e9996120b31,0xc10ee9031f2a0b84766a86b55a8d90f357910fb4,0x9b4562335f3ad9956ee9987a87603ecbaa03d0d5cc9abb3ab9fd2212295fffa0,2327.0092201978257453937571707313154339554373253513
24962349,0x000000000004444c5dc75cb358380d2e3de08a90,0xc10ee9031f2a0b84766a86b55a8d90f357910fb4,0x9b4562335f3ad9956ee9987a87603ecbaa03d0d5cc9abb3ab9fd2212295fffa0,2318.4353190855978624253760109896304185763337763936
24962349,0xd226997439ecfbeff8e110c8c78c8a7eefd19f89,0xe0554a476a092703abdb3ef35c80e0d76d32939f,0x88194c008e6419f119e8a20b00bc2de68a0c77a6a92b7652634e4df781cce385,2330.3029580292039507581318811165529219397003897345
24962349,0x2747b405f2ce9474817828ddc395c46db848e203,0x88e6a0c2ddd26feeb64f039a2c41296fcb3f5640,0x4b05d502c1d0e77d3c41dbe36571ac013afc48428ea83df77b1963381044ade6,2332.1523278646235241177224438954180349949180346437
24962349,0x1ac1a8feaaea1900c4166deeed0c11cc10669d36,0xfcec5d04d41f730f672d77ccb1c8546cbfc84428,0x77465a91c1809e33a492ec2800caa4f08439493a9ca14a1cc0509a38b9e3cb18,2329.4777515819155965747761531818952693040347844807
24962349,0xfcec5d04d41f730f672d77ccb1c8546cbfc84428,0xb4e16d0168e52d35cacd2c6185b44281ec28c9dc,0x77465a91c1809e33a492ec2800caa4f08439493a9ca14a1cc0509a38b9e3cb18,2336.8678688729166163521129189027795547267688362697
24962349,0x4313c378cc91ea583c91387b9216e2c03096b27f,0x88e6a0c2ddd26feeb64f039a2c41296fcb3f5640,0x8c23cfd7de10b1510a5539e516987b84c47f7eeca3478d2514578c9e6df15666,2332.1610573653155726237141427243492762537411070591
24962349,0x4313c378cc91ea583c91387b9216e2c03096b27f,0x88e6a0c2ddd26feeb64f039a2c41296fcb3f5640,0x9b49fc295272506ab1d5053a101c7ac7ce95a9f3fb90eed2602e1b4a2c26d532,2332.1618326557178849934761326896183252054557363568
24962349,0x88e6a0c2ddd26feeb64f039a2c41296fcb3f5640,0xef6fc636a63859e08ad3479fe456262eed2e5042,0xe5855a707c177055de2b11f1e3240b3636c1e2f3477b8316fb2de3dc356cb2d3,2329.8287214940281187305327972419368461904498488912
24962349,0x66a9893cc07d91d95644aedd05d03f95e1dba8af,0xe0554a476a092703abdb3ef35c80e0d76d32939f,0x5f00d9f872cec92c5c8839a985553b6b578965dd4f75109642221bcc2c7e63a6,2330.3132763790176675512326038409798280205940177729
24962349,0x017272088ba6d435ec780c1066a397afb001f4ea,0x000000000004444c5dc75cb358380d2e3de08a90,0xf46b6d7bb49fdd7b21a959845c628c171c8806bae008e5560b2f14dd26689e06,2323.4497094553543696243932187991297993200622289589
24962349,0xe0554a476a092703abdb3ef35c80e0d76d32939f,0x7f54f05635d15cde17a49502fedb9d1803a3be8a,0xf4a50d90dc89b3cba2ff6dad2d2f40e7a5e59d75aa06c330b726b0c4cc72d514,2329.8464258760372682565660117404234878690313293013
24962349,0x88e6a0c2ddd26feeb64f039a2c41296fcb3f5640,0xe592427a0aece92de3edee1f18e0157c05861564,0xfb03b5208c4a6ac9ff14a4f13f3678973b204ec34a6493833ab578b479e5d314,1164.9103512668770912738150060394902054878354530531
24962350,0x1445f32d1a74872ba41f3d8cf4022e9996120b31,0xadacdd97b78c62d3bc261d9aa996f6349ebdbecb,0xad366aea611f958a113594083737b3b7574f01013b6639d69dad7e6dd9b42d48,2326.0979351037097913204300307254187586768381756321
24962350,0x88e6a0c2ddd26feeb64f039a2c41296fcb3f5640,0x3d810cfbdf51a2176b4eadba019bb42e3ea86358,0x048990d088bdcdb958ae2617f76ded916acfc6e5d8b17a0205a3b4ee67ec9e0b,2329.823000655813144093417541948696603318084385731
24962350,0x4313c378cc91ea583c91387b9216e2c03096b27f,0x88e6a0c2ddd26feeb64f039a2c41296fcb3f5640,0x4d07f3fe2c8147386f5a31a8ceaeedff72321bc2759671a4fdee9275aa4e51a4,2332.1556622965449241951197398797439179002532471742
